restaurant_id,sale_date,dish_id,qty
rest-001,2025-06-01,1,34
rest-001,2025-06-01,2,14
rest-001,2025-06-01,3,24
rest-001,2025-06-01,4,9
rest-001,2025-06-01,5,8
rest-001,2025-06-01,6,8
rest-001,2025-06-01,7,7
rest-001,2025-06-01,8,5
rest-001,2025-06-02,1,23
rest-001,2025-06-02,2,11
rest-001,2025-06-02,3,13
rest-001,2025-06-02,4,13
rest-001,2025-06-02,5,8
rest-001,2025-06-02,6,8
rest-001,2025-06-02,7,5
rest-001,2025-06-02,8,15
rest-001,2025-06-03,1,27
rest-001,2025-06-03,2,13
rest-001,2025-06-03,3,32
rest-001,2025-06-03,4,9
rest-001,2025-06-03,5,14
rest-001,2025-06-03,6,9
rest-001,2025-06-03,7,1
rest-001,2025-06-03,8,9
rest-001,2025-06-04,1,40
rest-001,2025-06-04,2,16
rest-001,2025-06-04,3,12
rest-001,2025-06-04,4,8
rest-001,2025-06-04,5,7
rest-001,2025-06-04,6,6
rest-001,2025-06-04,7,7
rest-001,2025-06-04,8,17
rest-001,2025-06-05,1,29
rest-001,2025-06-05,2,33
rest-001,2025-06-05,3,17
rest-001,2025-06-05,4,14
rest-001,2025-06-05,5,11
rest-001,2025-06-05,6,8
rest-001,2025-06-05,7,7
rest-001,2025-06-05,8,11
rest-001,2025-06-06,1,31
rest-001,2025-06-06,2,13
rest-001,2025-06-06,3,12
rest-001,2025-06-06,4,17
rest-001,2025-06-06,5,5
rest-001,2025-06-06,6,4
rest-001,2025-06-06,7,2
rest-001,2025-06-06,8,7
rest-001,2025-06-07,1,50
rest-001,2025-06-07,2,25
rest-001,2025-06-07,3,22
rest-001,2025-06-07,4,10
rest-001,2025-06-07,5,5
rest-001,2025-06-07,6,13
rest-001,2025-06-07,7,13
rest-001,2025-06-07,8,10
rest-001,2025-06-08,1,29
rest-001,2025-06-08,2,32
rest-001,2025-06-08,3,14
rest-001,2025-06-08,4,15
rest-001,2025-06-08,5,9
rest-001,2025-06-08,6,14
rest-001,2025-06-08,7,10
rest-001,2025-06-08,8,12
rest-001,2025-06-09,1,42
rest-001,2025-06-09,2,27
rest-001,2025-06-09,3,27
rest-001,2025-06-09,4,14
rest-001,2025-06-09,5,8
rest-001,2025-06-09,6,8
rest-001,2025-06-09,7,5
rest-001,2025-06-09,8,12
rest-001,2025-06-10,1,48
rest-001,2025-06-10,2,18
rest-001,2025-06-10,3,30
rest-001,2025-06-10,4,15
rest-001,2025-06-10,5,13
rest-001,2025-06-10,6,13
rest-001,2025-06-10,7,6
rest-001,2025-06-10,8,10
rest-001,2025-06-11,1,40
rest-001,2025-06-11,2,16
rest-001,2025-06-11,3,37
rest-001,2025-06-11,4,17
rest-001,2025-06-11,5,6
rest-001,2025-06-11,6,3
rest-001,2025-06-11,7,10
rest-001,2025-06-11,8,12
rest-001,2025-06-12,1,29
rest-001,2025-06-12,2,15
rest-001,2025-06-12,3,21
rest-001,2025-06-12,4,19
rest-001,2025-06-12,5,10
rest-001,2025-06-12,6,6
rest-001,2025-06-12,7,3
rest-001,2025-06-12,8,6
rest-001,2025-06-13,1,51
rest-001,2025-06-13,2,21
rest-001,2025-06-13,3,36
rest-001,2025-06-13,4,21
rest-001,2025-06-13,5,4
rest-001,2025-06-13,6,11
rest-001,2025-06-13,7,5
rest-001,2025-06-13,8,10
rest-001,2025-06-14,1,28
rest-001,2025-06-14,2,22
rest-001,2025-06-14,3,18
rest-001,2025-06-14,4,21
rest-001,2025-06-14,5,6
rest-001,2025-06-14,6,12
rest-001,2025-06-14,7,11
rest-001,2025-06-14,8,10
rest-001,2025-06-15,1,31
rest-001,2025-06-15,2,13
rest-001,2025-06-15,3,33
rest-001,2025-06-15,4,29
rest-001,2025-06-15,5,4
rest-001,2025-06-15,6,9
rest-001,2025-06-15,7,11
rest-001,2025-06-15,8,7
rest-001,2025-06-16,1,43
rest-001,2025-06-16,2,16
rest-001,2025-06-16,3,24
rest-001,2025-06-16,4,17
rest-001,2025-06-16,5,3
rest-001,2025-06-16,6,3
rest-001,2025-06-16,7,2
rest-001,2025-06-16,8,20
rest-001,2025-06-17,1,49
rest-001,2025-06-17,2,21
rest-001,2025-06-17,3,15
rest-001,2025-06-17,4,15
rest-001,2025-06-17,5,9
rest-001,2025-06-17,6,8
rest-001,2025-06-17,7,1
rest-001,2025-06-17,8,4
rest-001,2025-06-18,1,12
rest-001,2025-06-18,2,25
rest-001,2025-06-18,3,26
rest-001,2025-06-18,4,13
rest-001,2025-06-18,5,4
rest-001,2025-06-18,6,9
rest-001,2025-06-18,7,3
rest-001,2025-06-18,8,12
rest-001,2025-06-19,1,21
rest-001,2025-06-19,2,16
rest-001,2025-06-19,3,20
rest-001,2025-06-19,4,17
rest-001,2025-06-19,5,6
rest-001,2025-06-19,6,9
rest-001,2025-06-19,7,7
rest-001,2025-06-19,8,9
rest-001,2025-06-20,1,27
rest-001,2025-06-20,2,23
rest-001,2025-06-20,3,20
rest-001,2025-06-20,4,14
rest-001,2025-06-20,5,2
rest-001,2025-06-20,6,5
rest-001,2025-06-20,7,4
rest-001,2025-06-20,8,6
rest-001,2025-06-21,1,23
rest-001,2025-06-21,2,26
rest-001,2025-06-21,3,22
rest-001,2025-06-21,4,23
rest-001,2025-06-21,5,9
rest-001,2025-06-21,6,7
rest-001,2025-06-21,7,5
rest-001,2025-06-21,8,16
rest-001,2025-06-22,1,22
rest-001,2025-06-22,2,14
rest-001,2025-06-22,3,29
rest-001,2025-06-22,4,12
rest-001,2025-06-22,5,4
rest-001,2025-06-22,6,7
rest-001,2025-06-22,7,9
rest-001,2025-06-22,8,4
rest-001,2025-06-23,1,21
rest-001,2025-06-23,2,17
rest-001,2025-06-23,3,14
rest-001,2025-06-23,4,17
rest-001,2025-06-23,5,10
rest-001,2025-06-23,6,8
rest-001,2025-06-23,7,4
rest-001,2025-06-23,8,9
rest-001,2025-06-24,1,24
rest-001,2025-06-24,2,13
rest-001,2025-06-24,3,29
rest-001,2025-06-24,4,9
rest-001,2025-06-24,5,3
rest-001,2025-06-24,6,3
rest-001,2025-06-24,7,8
rest-001,2025-06-24,8,6
rest-001,2025-06-25,1,24
rest-001,2025-06-25,2,19
rest-001,2025-06-25,3,16
rest-001,2025-06-25,4,13
rest-001,2025-06-25,5,4
rest-001,2025-06-25,6,7
rest-001,2025-06-25,7,6
rest-001,2025-06-25,8,11
rest-001,2025-06-26,1,41
rest-001,2025-06-26,2,16
rest-001,2025-06-26,3,23
rest-001,2025-06-26,4,15
rest-001,2025-06-26,5,5
rest-001,2025-06-26,6,3
rest-001,2025-06-26,7,4
rest-001,2025-06-26,8,2
rest-001,2025-06-27,1,24
rest-001,2025-06-27,2,22
rest-001,2025-06-27,3,11
rest-001,2025-06-27,4,22
rest-001,2025-06-27,5,3
rest-001,2025-06-27,6,5
rest-001,2025-06-27,7,5
rest-001,2025-06-27,8,7
rest-001,2025-06-28,1,36
rest-001,2025-06-28,2,21
rest-001,2025-06-28,3,13
rest-001,2025-06-28,4,14
rest-001,2025-06-28,5,9
rest-001,2025-06-28,6,8
rest-001,2025-06-28,7,6
rest-001,2025-06-28,8,9
rest-001,2025-06-29,1,27
rest-001,2025-06-29,2,9
rest-001,2025-06-29,3,33
rest-001,2025-06-29,4,24
rest-001,2025-06-29,5,5
rest-001,2025-06-29,6,12
rest-001,2025-06-29,7,6
rest-001,2025-06-29,8,7
rest-001,2025-06-30,1,32
rest-001,2025-06-30,2,17
rest-001,2025-06-30,3,12
rest-001,2025-06-30,4,6
rest-001,2025-06-30,5,7
rest-001,2025-06-30,6,7
rest-001,2025-06-30,7,8
rest-001,2025-06-30,8,8
rest-001,2025-07-01,1,31
rest-001,2025-07-01,2,16
rest-001,2025-07-01,3,26
rest-001,2025-07-01,4,21
rest-001,2025-07-01,5,4
rest-001,2025-07-01,6,4
rest-001,2025-07-01,7,2
rest-001,2025-07-01,8,10
rest-001,2025-07-02,1,39
rest-001,2025-07-02,2,15
rest-001,2025-07-02,3,13
rest-001,2025-07-02,4,20
rest-001,2025-07-02,5,4
rest-001,2025-07-02,6,8
rest-001,2025-07-02,7,10
rest-001,2025-07-02,8,12
rest-001,2025-07-03,1,12
rest-001,2025-07-03,2,20
rest-001,2025-07-03,3,20
rest-001,2025-07-03,4,25
rest-001,2025-07-03,5,15
rest-001,2025-07-03,6,9
rest-001,2025-07-03,7,7
rest-001,2025-07-03,8,7
rest-001,2025-07-04,1,38
rest-001,2025-07-04,2,19
rest-001,2025-07-04,3,39
rest-001,2025-07-04,4,25
rest-001,2025-07-04,5,8
rest-001,2025-07-04,6,6
rest-001,2025-07-04,7,7
rest-001,2025-07-04,8,8
rest-001,2025-07-05,1,43
rest-001,2025-07-05,2,21
rest-001,2025-07-05,3,19
rest-001,2025-07-05,4,15
rest-001,2025-07-05,5,12
rest-001,2025-07-05,6,8
rest-001,2025-07-05,7,5
rest-001,2025-07-05,8,17
rest-001,2025-07-06,1,53
rest-001,2025-07-06,2,16
rest-001,2025-07-06,3,28
rest-001,2025-07-06,4,20
rest-001,2025-07-06,5,9
rest-001,2025-07-06,6,23
rest-001,2025-07-06,7,12
rest-001,2025-07-06,8,11
rest-001,2025-07-07,1,40
rest-001,2025-07-07,2,19
rest-001,2025-07-07,3,18
rest-001,2025-07-07,4,25
rest-001,2025-07-07,5,19
rest-001,2025-07-07,6,6
rest-001,2025-07-07,7,11
rest-001,2025-07-07,8,15
rest-001,2025-07-08,1,29
rest-001,2025-07-08,2,11
rest-001,2025-07-08,3,16
rest-001,2025-07-08,4,23
rest-001,2025-07-08,5,15
rest-001,2025-07-08,6,3
rest-001,2025-07-08,7,7
rest-001,2025-07-08,8,8
rest-001,2025-07-09,1,22
rest-001,2025-07-09,2,13
rest-001,2025-07-09,3,18
rest-001,2025-07-09,4,23
rest-001,2025-07-09,5,16
rest-001,2025-07-09,6,9
rest-001,2025-07-09,7,5
rest-001,2025-07-09,8,9
rest-001,2025-07-10,1,32
rest-001,2025-07-10,2,11
rest-001,2025-07-10,3,29
rest-001,2025-07-10,4,24
rest-001,2025-07-10,5,11
rest-001,2025-07-10,6,15
rest-001,2025-07-10,7,6
rest-001,2025-07-10,8,15
rest-001,2025-07-11,1,32
rest-001,2025-07-11,2,21
rest-001,2025-07-11,3,28
rest-001,2025-07-11,4,20
rest-001,2025-07-11,5,12
rest-001,2025-07-11,6,9
rest-001,2025-07-11,7,5
rest-001,2025-07-11,8,26
rest-001,2025-07-12,1,51
rest-001,2025-07-12,2,26
rest-001,2025-07-12,3,34
rest-001,2025-07-12,4,16
rest-001,2025-07-12,5,13
rest-001,2025-07-12,6,6
rest-001,2025-07-12,7,8
rest-001,2025-07-12,8,16
rest-001,2025-07-13,1,37
rest-001,2025-07-13,2,39
rest-001,2025-07-13,3,26
rest-001,2025-07-13,4,16
rest-001,2025-07-13,5,12
rest-001,2025-07-13,6,3
rest-001,2025-07-13,7,4
rest-001,2025-07-13,8,10
rest-001,2025-07-14,1,32
rest-001,2025-07-14,2,12
rest-001,2025-07-14,3,33
rest-001,2025-07-14,4,10
rest-001,2025-07-14,5,11
rest-001,2025-07-14,6,9
rest-001,2025-07-14,7,9
rest-001,2025-07-14,8,10
rest-001,2025-07-15,1,35
rest-001,2025-07-15,2,10
rest-001,2025-07-15,3,33
rest-001,2025-07-15,4,10
rest-001,2025-07-15,5,10
rest-001,2025-07-15,6,7
rest-001,2025-07-15,7,7
rest-001,2025-07-15,8,10
rest-001,2025-07-16,1,34
rest-001,2025-07-16,2,14
rest-001,2025-07-16,3,24
rest-001,2025-07-16,4,10
rest-001,2025-07-16,5,11
rest-001,2025-07-16,6,4
rest-001,2025-07-16,7,2
rest-001,2025-07-16,8,16
rest-001,2025-07-17,1,18
rest-001,2025-07-17,2,24
rest-001,2025-07-17,3,12
rest-001,2025-07-17,4,13
rest-001,2025-07-17,5,8
rest-001,2025-07-17,6,12
rest-001,2025-07-17,7,8
rest-001,2025-07-17,8,5
rest-001,2025-07-18,1,26
rest-001,2025-07-18,2,16
rest-001,2025-07-18,3,18
rest-001,2025-07-18,4,13
rest-001,2025-07-18,5,7
rest-001,2025-07-18,6,8
rest-001,2025-07-18,7,5
rest-001,2025-07-18,8,9
rest-001,2025-07-19,1,32
rest-001,2025-07-19,2,22
rest-001,2025-07-19,3,20
rest-001,2025-07-19,4,17
rest-001,2025-07-19,5,9
rest-001,2025-07-19,6,2
rest-001,2025-07-19,7,10
rest-001,2025-07-19,8,12
rest-001,2025-07-20,1,34
rest-001,2025-07-20,2,26
rest-001,2025-07-20,3,15
rest-001,2025-07-20,4,14
rest-001,2025-07-20,5,4
rest-001,2025-07-20,6,6
rest-001,2025-07-20,7,5
rest-001,2025-07-20,8,11
rest-001,2025-07-21,1,31
rest-001,2025-07-21,2,14
rest-001,2025-07-21,3,16
rest-001,2025-07-21,4,19
rest-001,2025-07-21,5,10
rest-001,2025-07-21,6,2
rest-001,2025-07-21,7,7
rest-001,2025-07-21,8,10
rest-001,2025-07-22,1,30
rest-001,2025-07-22,2,16
rest-001,2025-07-22,3,22
rest-001,2025-07-22,4,14
rest-001,2025-07-22,5,11
rest-001,2025-07-22,6,3
rest-001,2025-07-22,7,7
rest-001,2025-07-22,8,8
rest-001,2025-07-23,1,17
rest-001,2025-07-23,2,23
rest-001,2025-07-23,3,22
rest-001,2025-07-23,4,8
rest-001,2025-07-23,5,7
rest-001,2025-07-23,6,7
rest-001,2025-07-23,8,14
rest-001,2025-07-24,1,26
rest-001,2025-07-24,2,12
rest-001,2025-07-24,3,18
rest-001,2025-07-24,4,4
rest-001,2025-07-24,5,6
rest-001,2025-07-24,6,5
rest-001,2025-07-24,7,3
rest-001,2025-07-24,8,7
rest-001,2025-07-25,1,22
rest-001,2025-07-25,2,28
rest-001,2025-07-25,3,18
rest-001,2025-07-25,4,8
rest-001,2025-07-25,5,7
rest-001,2025-07-25,6,3
rest-001,2025-07-25,7,5
rest-001,2025-07-25,8,9
rest-001,2025-07-26,1,37
rest-001,2025-07-26,2,28
rest-001,2025-07-26,3,25
rest-001,2025-07-26,4,23
rest-001,2025-07-26,5,8
rest-001,2025-07-26,6,6
rest-001,2025-07-26,7,3
rest-001,2025-07-26,8,15
rest-001,2025-07-27,1,41
rest-001,2025-07-27,2,17
rest-001,2025-07-27,3,30
rest-001,2025-07-27,4,18
rest-001,2025-07-27,5,4
rest-001,2025-07-27,6,4
rest-001,2025-07-27,7,5
rest-001,2025-07-27,8,8
rest-001,2025-07-28,1,31
rest-001,2025-07-28,2,14
rest-001,2025-07-28,3,24
rest-001,2025-07-28,4,8
rest-001,2025-07-28,5,3
rest-001,2025-07-28,6,5
rest-001,2025-07-28,7,2
rest-001,2025-07-28,8,5
rest-001,2025-07-29,1,34
rest-001,2025-07-29,2,12
rest-001,2025-07-29,3,19
rest-001,2025-07-29,4,18
rest-001,2025-07-29,5,11
rest-001,2025-07-29,6,2
rest-001,2025-07-29,7,3
rest-001,2025-07-29,8,12
rest-001,2025-07-30,1,24
rest-001,2025-07-30,2,16
rest-001,2025-07-30,3,19
rest-001,2025-07-30,4,20
rest-001,2025-07-30,5,7
rest-001,2025-07-30,6,4
rest-001,2025-07-30,7,12
rest-001,2025-07-30,8,13
rest-001,2025-07-31,1,34
rest-001,2025-07-31,2,11
rest-001,2025-07-31,3,21
rest-001,2025-07-31,4,18
rest-001,2025-07-31,5,6
rest-001,2025-07-31,6,9
rest-001,2025-07-31,7,1
rest-001,2025-07-31,8,13
rest-001,2025-08-01,1,30
rest-001,2025-08-01,2,11
rest-001,2025-08-01,3,15
rest-001,2025-08-01,4,14
rest-001,2025-08-01,5,11
rest-001,2025-08-01,6,5
rest-001,2025-08-01,7,10
rest-001,2025-08-01,8,13
rest-001,2025-08-02,1,31
rest-001,2025-08-02,2,16
rest-001,2025-08-02,3,27
rest-001,2025-08-02,4,8
rest-001,2025-08-02,5,10
rest-001,2025-08-02,6,1
rest-001,2025-08-02,7,5
rest-001,2025-08-02,8,15
rest-001,2025-08-03,1,19
rest-001,2025-08-03,2,32
rest-001,2025-08-03,3,13
rest-001,2025-08-03,4,25
rest-001,2025-08-03,5,7
rest-001,2025-08-03,6,4
rest-001,2025-08-03,7,5
rest-001,2025-08-03,8,9
rest-001,2025-08-04,1,47
rest-001,2025-08-04,2,19
rest-001,2025-08-04,3,26
rest-001,2025-08-04,4,24
rest-001,2025-08-04,5,11
rest-001,2025-08-04,6,4
rest-001,2025-08-04,7,1
rest-001,2025-08-04,8,11
rest-001,2025-08-05,1,46
rest-001,2025-08-05,2,20
rest-001,2025-08-05,3,24
rest-001,2025-08-05,4,18
rest-001,2025-08-05,5,4
rest-001,2025-08-05,6,4
rest-001,2025-08-05,7,6
rest-001,2025-08-05,8,15
rest-001,2025-08-06,1,23
rest-001,2025-08-06,2,13
rest-001,2025-08-06,3,15
rest-001,2025-08-06,4,23
rest-001,2025-08-06,5,7
rest-001,2025-08-06,6,4
rest-001,2025-08-06,7,7
rest-001,2025-08-06,8,12
rest-001,2025-08-07,1,32
rest-001,2025-08-07,2,27
rest-001,2025-08-07,3,30
rest-001,2025-08-07,4,12
rest-001,2025-08-07,5,19
rest-001,2025-08-07,6,11
rest-001,2025-08-07,7,8
rest-001,2025-08-07,8,5
rest-001,2025-08-08,1,27
rest-001,2025-08-08,2,26
rest-001,2025-08-08,3,38
rest-001,2025-08-08,4,14
rest-001,2025-08-08,5,4
rest-001,2025-08-08,6,2
rest-001,2025-08-08,7,5
rest-001,2025-08-08,8,12
rest-001,2025-08-09,1,26
rest-001,2025-08-09,2,30
rest-001,2025-08-09,3,39
rest-001,2025-08-09,4,28
rest-001,2025-08-09,5,6
rest-001,2025-08-09,6,16
rest-001,2025-08-09,7,8
rest-001,2025-08-09,8,13
rest-001,2025-08-10,1,39
rest-001,2025-08-10,2,22
rest-001,2025-08-10,3,30
rest-001,2025-08-10,4,19
rest-001,2025-08-10,5,12
rest-001,2025-08-10,6,13
rest-001,2025-08-10,7,5
rest-001,2025-08-10,8,14
rest-001,2025-08-11,1,42
rest-001,2025-08-11,2,29
rest-001,2025-08-11,3,31
rest-001,2025-08-11,4,15
rest-001,2025-08-11,5,14
rest-001,2025-08-11,6,10
rest-001,2025-08-11,7,6
rest-001,2025-08-11,8,13
rest-001,2025-08-12,1,32
rest-001,2025-08-12,2,14
rest-001,2025-08-12,3,18
rest-001,2025-08-12,4,19
rest-001,2025-08-12,5,8
rest-001,2025-08-12,6,3
rest-001,2025-08-12,7,9
rest-001,2025-08-12,8,6
rest-001,2025-08-13,1,44
rest-001,2025-08-13,2,10
rest-001,2025-08-13,3,24
rest-001,2025-08-13,4,14
rest-001,2025-08-13,5,11
rest-001,2025-08-13,6,1
rest-001,2025-08-13,7,11
rest-001,2025-08-13,8,10
rest-001,2025-08-14,1,23
rest-001,2025-08-14,2,31
rest-001,2025-08-14,3,16
rest-001,2025-08-14,4,21
rest-001,2025-08-14,5,8
rest-001,2025-08-14,6,2
rest-001,2025-08-14,7,3
rest-001,2025-08-14,8,13
rest-001,2025-08-15,1,24
rest-001,2025-08-15,2,23
rest-001,2025-08-15,3,28
rest-001,2025-08-15,4,15
rest-001,2025-08-15,5,9
rest-001,2025-08-15,6,4
rest-001,2025-08-15,7,11
rest-001,2025-08-15,8,12
rest-001,2025-08-16,1,17
rest-001,2025-08-16,2,22
rest-001,2025-08-16,3,35
rest-001,2025-08-16,4,16
rest-001,2025-08-16,5,14
rest-001,2025-08-16,6,13
rest-001,2025-08-16,7,6
rest-001,2025-08-16,8,12
rest-001,2025-08-17,1,50
rest-001,2025-08-17,2,14
rest-001,2025-08-17,3,25
rest-001,2025-08-17,4,16
rest-001,2025-08-17,5,13
rest-001,2025-08-17,6,5
rest-001,2025-08-17,7,3
rest-001,2025-08-17,8,7
rest-001,2025-08-18,1,25
rest-001,2025-08-18,2,20
rest-001,2025-08-18,3,7
rest-001,2025-08-18,4,10
rest-001,2025-08-18,5,5
rest-001,2025-08-18,6,6
rest-001,2025-08-18,7,3
rest-001,2025-08-18,8,10
rest-001,2025-08-19,1,17
rest-001,2025-08-19,2,8
rest-001,2025-08-19,3,18
rest-001,2025-08-19,4,10
rest-001,2025-08-19,5,6
rest-001,2025-08-19,6,5
rest-001,2025-08-19,7,3
rest-001,2025-08-19,8,4
rest-001,2025-08-20,1,46
rest-001,2025-08-20,2,14
rest-001,2025-08-20,3,21
rest-001,2025-08-20,4,8
rest-001,2025-08-20,5,10
rest-001,2025-08-20,6,4
rest-001,2025-08-20,7,5
rest-001,2025-08-20,8,6
rest-001,2025-08-21,1,24
rest-001,2025-08-21,2,16
rest-001,2025-08-21,3,14
rest-001,2025-08-21,4,4
rest-001,2025-08-21,5,9
rest-001,2025-08-21,6,10
rest-001,2025-08-21,8,6
rest-001,2025-08-22,1,18
rest-001,2025-08-22,2,21
rest-001,2025-08-22,3,14
rest-001,2025-08-22,4,11
rest-001,2025-08-22,5,6
rest-001,2025-08-22,6,8
rest-001,2025-08-22,7,12
rest-001,2025-08-22,8,8
rest-001,2025-08-23,1,52
rest-001,2025-08-23,2,19
rest-001,2025-08-23,3,30
rest-001,2025-08-23,4,6
rest-001,2025-08-23,5,2
rest-001,2025-08-23,6,6
rest-001,2025-08-23,7,4
rest-001,2025-08-23,8,13
rest-001,2025-08-24,1,36
rest-001,2025-08-24,2,20
rest-001,2025-08-24,3,29
rest-001,2025-08-24,4,12
rest-001,2025-08-24,5,9
rest-001,2025-08-24,6,5
rest-001,2025-08-24,7,6
rest-001,2025-08-24,8,9
rest-001,2025-08-25,1,31
rest-001,2025-08-25,2,17
rest-001,2025-08-25,3,6
rest-001,2025-08-25,4,9
rest-001,2025-08-25,5,4
rest-001,2025-08-25,6,4
rest-001,2025-08-25,7,5
rest-001,2025-08-25,8,5
rest-001,2025-08-26,1,16
rest-001,2025-08-26,2,26
rest-001,2025-08-26,3,30
rest-001,2025-08-26,4,15
rest-001,2025-08-26,5,8
rest-001,2025-08-26,6,13
rest-001,2025-08-26,7,7
rest-001,2025-08-26,8,9
rest-001,2025-08-27,1,41
rest-001,2025-08-27,2,29
rest-001,2025-08-27,3,21
rest-001,2025-08-27,4,7
rest-001,2025-08-27,5,5
rest-001,2025-08-27,6,13
rest-001,2025-08-27,7,3
rest-001,2025-08-27,8,7
rest-001,2025-08-28,1,20
rest-001,2025-08-28,2,19
rest-001,2025-08-28,3,33
rest-001,2025-08-28,4,21
rest-001,2025-08-28,5,4
rest-001,2025-08-28,6,4
rest-001,2025-08-28,7,4
rest-001,2025-08-28,8,8
rest-001,2025-08-29,1,42
rest-001,2025-08-29,2,20
rest-001,2025-08-29,3,26
rest-001,2025-08-29,4,10
rest-001,2025-08-29,5,5
rest-001,2025-08-29,6,3
rest-001,2025-08-29,7,5
rest-001,2025-08-29,8,9
rest-001,2025-08-30,1,22
rest-001,2025-08-30,2,37
rest-001,2025-08-30,3,33
rest-001,2025-08-30,4,29
rest-001,2025-08-30,5,18
rest-001,2025-08-30,6,5
rest-001,2025-08-30,7,7
rest-001,2025-08-30,8,9
rest-001,2025-08-31,1,23
rest-001,2025-08-31,2,24
rest-001,2025-08-31,3,23
rest-001,2025-08-31,4,22
rest-001,2025-08-31,5,16
rest-001,2025-08-31,6,2
rest-001,2025-08-31,7,6
rest-001,2025-08-31,8,18
rest-001,2025-09-01,1,33
rest-001,2025-09-01,2,22
rest-001,2025-09-01,3,24
rest-001,2025-09-01,4,18
rest-001,2025-09-01,5,5
rest-001,2025-09-01,6,8
rest-001,2025-09-01,7,1
rest-001,2025-09-01,8,13
rest-001,2025-09-02,1,21
rest-001,2025-09-02,2,33
rest-001,2025-09-02,3,32
rest-001,2025-09-02,4,14
rest-001,2025-09-02,5,9
rest-001,2025-09-02,6,2
rest-001,2025-09-02,7,9
rest-001,2025-09-02,8,13
rest-001,2025-09-03,1,40
rest-001,2025-09-03,2,19
rest-001,2025-09-03,3,31
rest-001,2025-09-03,4,25
rest-001,2025-09-03,5,11
rest-001,2025-09-03,6,3
rest-001,2025-09-03,7,5
rest-001,2025-09-03,8,6
rest-001,2025-09-04,1,37
rest-001,2025-09-04,2,18
rest-001,2025-09-04,3,26
rest-001,2025-09-04,4,12
rest-001,2025-09-04,5,11
rest-001,2025-09-04,6,16
rest-001,2025-09-04,7,8
rest-001,2025-09-04,8,17
rest-001,2025-09-05,1,29
rest-001,2025-09-05,2,32
rest-001,2025-09-05,3,28
rest-001,2025-09-05,4,9
rest-001,2025-09-05,5,5
rest-001,2025-09-05,6,7
rest-001,2025-09-05,7,5
rest-001,2025-09-05,8,10
rest-001,2025-09-06,1,63
rest-001,2025-09-06,2,35
rest-001,2025-09-06,3,29
rest-001,2025-09-06,4,19
rest-001,2025-09-06,5,13
rest-001,2025-09-06,6,13
rest-001,2025-09-06,7,8
rest-001,2025-09-06,8,18
rest-001,2025-09-07,1,33
rest-001,2025-09-07,2,40
rest-001,2025-09-07,3,42
rest-001,2025-09-07,4,18
rest-001,2025-09-07,5,13
rest-001,2025-09-07,6,8
rest-001,2025-09-07,7,6
rest-001,2025-09-07,8,10
rest-001,2025-09-08,1,48
rest-001,2025-09-08,2,20
rest-001,2025-09-08,3,30
rest-001,2025-09-08,4,22
rest-001,2025-09-08,5,8
rest-001,2025-09-08,6,9
rest-001,2025-09-08,7,5
rest-001,2025-09-08,8,16
rest-001,2025-09-09,1,23
rest-001,2025-09-09,2,13
rest-001,2025-09-09,3,31
rest-001,2025-09-09,4,24
rest-001,2025-09-09,5,5
rest-001,2025-09-09,6,5
rest-001,2025-09-09,7,12
rest-001,2025-09-09,8,10
rest-001,2025-09-10,1,42
rest-001,2025-09-10,2,19
rest-001,2025-09-10,3,25
rest-001,2025-09-10,4,13
rest-001,2025-09-10,5,9
rest-001,2025-09-10,6,8
rest-001,2025-09-10,7,6
rest-001,2025-09-10,8,8
rest-001,2025-09-11,1,39
rest-001,2025-09-11,2,9
rest-001,2025-09-11,3,39
rest-001,2025-09-11,4,14
rest-001,2025-09-11,5,11
rest-001,2025-09-11,6,7
rest-001,2025-09-11,7,6
rest-001,2025-09-11,8,13
rest-001,2025-09-12,1,43
rest-001,2025-09-12,2,18
rest-001,2025-09-12,3,19
rest-001,2025-09-12,4,20
rest-001,2025-09-12,5,10
rest-001,2025-09-12,6,10
rest-001,2025-09-12,7,13
rest-001,2025-09-12,8,6
rest-001,2025-09-13,1,37
rest-001,2025-09-13,2,23
rest-001,2025-09-13,3,31
rest-001,2025-09-13,4,17
rest-001,2025-09-13,5,12
rest-001,2025-09-13,6,6
rest-001,2025-09-13,7,7
rest-001,2025-09-13,8,14
rest-001,2025-09-14,1,26
rest-001,2025-09-14,2,31
rest-001,2025-09-14,3,40
rest-001,2025-09-14,4,23
rest-001,2025-09-14,5,11
rest-001,2025-09-14,6,11
rest-001,2025-09-14,7,6
rest-001,2025-09-14,8,10
rest-001,2025-09-15,1,36
rest-001,2025-09-15,2,21
rest-001,2025-09-15,3,26
rest-001,2025-09-15,4,9
rest-001,2025-09-15,6,6
rest-001,2025-09-15,7,3
rest-001,2025-09-15,8,10
rest-001,2025-09-16,1,30
rest-001,2025-09-16,2,13
rest-001,2025-09-16,3,15
rest-001,2025-09-16,4,23
rest-001,2025-09-16,5,7
rest-001,2025-09-16,6,3
rest-001,2025-09-16,7,6
rest-001,2025-09-16,8,16
rest-001,2025-09-17,1,14
rest-001,2025-09-17,2,27
rest-001,2025-09-17,3,16
rest-001,2025-09-17,4,14
rest-001,2025-09-17,5,3
rest-001,2025-09-17,6,4
rest-001,2025-09-17,7,6
rest-001,2025-09-17,8,9
rest-001,2025-09-18,1,24
rest-001,2025-09-18,2,8
rest-001,2025-09-18,3,25
rest-001,2025-09-18,4,16
rest-001,2025-09-18,5,7
rest-001,2025-09-18,6,10
rest-001,2025-09-18,7,1
rest-001,2025-09-18,8,12
rest-001,2025-09-19,1,20
rest-001,2025-09-19,2,8
rest-001,2025-09-19,3,8
rest-001,2025-09-19,4,19
rest-001,2025-09-19,5,12
rest-001,2025-09-19,6,8
rest-001,2025-09-19,7,3
rest-001,2025-09-19,8,6
rest-001,2025-09-20,1,35
rest-001,2025-09-20,2,10
rest-001,2025-09-20,3,17
rest-001,2025-09-20,4,10
rest-001,2025-09-20,5,4
rest-001,2025-09-20,6,9
rest-001,2025-09-20,7,5
rest-001,2025-09-20,8,3
rest-001,2025-09-21,1,36
rest-001,2025-09-21,2,13
rest-001,2025-09-21,3,28
rest-001,2025-09-21,4,15
rest-001,2025-09-21,5,10
rest-001,2025-09-21,6,6
rest-001,2025-09-21,7,4
rest-001,2025-09-21,8,12
rest-001,2025-09-22,1,17
rest-001,2025-09-22,2,18
rest-001,2025-09-22,3,31
rest-001,2025-09-22,4,20
rest-001,2025-09-22,5,3
rest-001,2025-09-22,6,5
rest-001,2025-09-22,7,7
rest-001,2025-09-22,8,13
rest-001,2025-09-23,1,23
rest-001,2025-09-23,2,12
rest-001,2025-09-23,3,19
rest-001,2025-09-23,4,15
rest-001,2025-09-23,5,13
rest-001,2025-09-23,6,4
rest-001,2025-09-23,7,5
rest-001,2025-09-23,8,5
rest-001,2025-09-24,1,24
rest-001,2025-09-24,2,17
rest-001,2025-09-24,3,23
rest-001,2025-09-24,4,14
rest-001,2025-09-24,5,7
rest-001,2025-09-24,6,1
rest-001,2025-09-24,7,3
rest-001,2025-09-24,8,10
rest-001,2025-09-25,1,29
rest-001,2025-09-25,2,14
rest-001,2025-09-25,3,19
rest-001,2025-09-25,4,22
rest-001,2025-09-25,5,6
rest-001,2025-09-25,6,3
rest-001,2025-09-25,7,5
rest-001,2025-09-25,8,11
rest-001,2025-09-26,1,36
rest-001,2025-09-26,2,15
rest-001,2025-09-26,3,33
rest-001,2025-09-26,4,9
rest-001,2025-09-26,5,12
rest-001,2025-09-26,6,5
rest-001,2025-09-26,7,7
rest-001,2025-09-26,8,21
rest-001,2025-09-27,1,29
rest-001,2025-09-27,2,18
rest-001,2025-09-27,3,35
rest-001,2025-09-27,4,11
rest-001,2025-09-27,5,13
rest-001,2025-09-27,6,10
rest-001,2025-09-27,7,7
rest-001,2025-09-27,8,16
rest-001,2025-09-28,1,53
rest-001,2025-09-28,2,24
rest-001,2025-09-28,3,24
rest-001,2025-09-28,4,13
rest-001,2025-09-28,5,3
rest-001,2025-09-28,6,7
rest-001,2025-09-28,7,6
rest-001,2025-09-28,8,15
rest-001,2025-09-29,1,30
rest-001,2025-09-29,2,15
rest-001,2025-09-29,3,28
rest-001,2025-09-29,4,20
rest-001,2025-09-29,5,6
rest-001,2025-09-29,6,4
rest-001,2025-09-29,7,4
rest-001,2025-09-29,8,13
rest-001,2025-09-30,1,36
rest-001,2025-09-30,2,21
rest-001,2025-09-30,3,12
rest-001,2025-09-30,4,8
rest-001,2025-09-30,5,9
rest-001,2025-09-30,6,13
rest-001,2025-09-30,7,2
rest-001,2025-09-30,8,12
rest-001,2025-10-01,1,13
rest-001,2025-10-01,2,30
rest-001,2025-10-01,3,17
rest-001,2025-10-01,4,13
rest-001,2025-10-01,5,7
rest-001,2025-10-01,6,9
rest-001,2025-10-01,7,3
rest-001,2025-10-01,8,12
rest-001,2025-10-02,1,48
rest-001,2025-10-02,2,26
rest-001,2025-10-02,3,36
rest-001,2025-10-02,4,12
rest-001,2025-10-02,5,10
rest-001,2025-10-02,6,3
rest-001,2025-10-02,7,10
rest-001,2025-10-02,8,5
rest-001,2025-10-03,1,37
rest-001,2025-10-03,2,25
rest-001,2025-10-03,3,36
rest-001,2025-10-03,4,7
rest-001,2025-10-03,5,9
rest-001,2025-10-03,6,7
rest-001,2025-10-03,7,6
rest-001,2025-10-03,8,12
rest-001,2025-10-04,1,24
rest-001,2025-10-04,2,21
rest-001,2025-10-04,3,32
rest-001,2025-10-04,4,28
rest-001,2025-10-04,5,8
rest-001,2025-10-04,6,8
rest-001,2025-10-04,7,2
rest-001,2025-10-04,8,11
rest-001,2025-10-05,1,61
rest-001,2025-10-05,2,32
rest-001,2025-10-05,3,51
rest-001,2025-10-05,4,20
rest-001,2025-10-05,5,14
rest-001,2025-10-05,6,2
rest-001,2025-10-05,7,9
rest-001,2025-10-05,8,17
rest-001,2025-10-06,1,23
rest-001,2025-10-06,2,21
rest-001,2025-10-06,3,15
rest-001,2025-10-06,4,25
rest-001,2025-10-06,5,5
rest-001,2025-10-06,6,4
rest-001,2025-10-06,7,9
rest-001,2025-10-06,8,7
rest-001,2025-10-07,1,31
rest-001,2025-10-07,2,32
rest-001,2025-10-07,3,12
rest-001,2025-10-07,4,21
rest-001,2025-10-07,5,13
rest-001,2025-10-07,6,4
rest-001,2025-10-07,7,2
rest-001,2025-10-07,8,9
rest-001,2025-10-08,1,43
rest-001,2025-10-08,2,13
rest-001,2025-10-08,3,14
rest-001,2025-10-08,4,25
rest-001,2025-10-08,5,10
rest-001,2025-10-08,6,6
rest-001,2025-10-08,7,6
rest-001,2025-10-08,8,7
rest-001,2025-10-09,1,43
rest-001,2025-10-09,2,19
rest-001,2025-10-09,3,30
rest-001,2025-10-09,4,16
rest-001,2025-10-09,5,12
rest-001,2025-10-09,6,7
rest-001,2025-10-09,7,4
rest-001,2025-10-09,8,12
rest-001,2025-10-10,1,38
rest-001,2025-10-10,2,12
rest-001,2025-10-10,3,31
rest-001,2025-10-10,4,21
rest-001,2025-10-10,5,7
rest-001,2025-10-10,6,9
rest-001,2025-10-10,7,8
rest-001,2025-10-10,8,7
rest-001,2025-10-11,1,54
rest-001,2025-10-11,2,24
rest-001,2025-10-11,3,33
rest-001,2025-10-11,4,19
rest-001,2025-10-11,5,17
rest-001,2025-10-11,6,4
rest-001,2025-10-11,7,4
rest-001,2025-10-11,8,14
rest-001,2025-10-12,1,22
rest-001,2025-10-12,2,21
rest-001,2025-10-12,3,38
rest-001,2025-10-12,4,28
rest-001,2025-10-12,5,11
rest-001,2025-10-12,6,14
rest-001,2025-10-12,7,8
rest-001,2025-10-12,8,5
rest-001,2025-10-13,1,41
rest-001,2025-10-13,2,14
rest-001,2025-10-13,3,29
rest-001,2025-10-13,4,18
rest-001,2025-10-13,5,11
rest-001,2025-10-13,6,7
rest-001,2025-10-13,7,9
rest-001,2025-10-13,8,8
rest-001,2025-10-14,1,39
rest-001,2025-10-14,2,16
rest-001,2025-10-14,3,18
rest-001,2025-10-14,4,14
rest-001,2025-10-14,5,3
rest-001,2025-10-14,6,5
rest-001,2025-10-14,7,4
rest-001,2025-10-14,8,9
rest-001,2025-10-15,1,28
rest-001,2025-10-15,2,11
rest-001,2025-10-15,3,28
rest-001,2025-10-15,4,12
rest-001,2025-10-15,5,14
rest-001,2025-10-15,8,15
rest-001,2025-10-16,1,35
rest-001,2025-10-16,2,10
rest-001,2025-10-16,3,27
rest-001,2025-10-16,4,14
rest-001,2025-10-16,5,6
rest-001,2025-10-16,6,2
rest-001,2025-10-16,7,2
rest-001,2025-10-16,8,15
rest-001,2025-10-17,1,35
rest-001,2025-10-17,2,33
rest-001,2025-10-17,3,30
rest-001,2025-10-17,4,16
rest-001,2025-10-17,5,10
rest-001,2025-10-17,6,3
rest-001,2025-10-17,7,3
rest-001,2025-10-17,8,7
rest-001,2025-10-18,1,42
rest-001,2025-10-18,2,16
rest-001,2025-10-18,3,14
rest-001,2025-10-18,4,14
rest-001,2025-10-18,5,4
rest-001,2025-10-18,6,4
rest-001,2025-10-18,7,4
rest-001,2025-10-18,8,16
rest-001,2025-10-19,1,34
rest-001,2025-10-19,2,24
rest-001,2025-10-19,3,23
rest-001,2025-10-19,4,18
rest-001,2025-10-19,5,4
rest-001,2025-10-19,6,4
rest-001,2025-10-19,7,9
rest-001,2025-10-19,8,14
rest-001,2025-10-20,1,18
rest-001,2025-10-20,2,13
rest-001,2025-10-20,3,20
rest-001,2025-10-20,4,11
rest-001,2025-10-20,5,7
rest-001,2025-10-20,6,3
rest-001,2025-10-20,7,4
rest-001,2025-10-20,8,13
rest-001,2025-10-21,1,28
rest-001,2025-10-21,2,16
rest-001,2025-10-21,3,22
rest-001,2025-10-21,4,5
rest-001,2025-10-21,5,7
rest-001,2025-10-21,6,6
rest-001,2025-10-21,7,3
rest-001,2025-10-21,8,3
rest-001,2025-10-22,1,25
rest-001,2025-10-22,2,18
rest-001,2025-10-22,3,21
rest-001,2025-10-22,4,18
rest-001,2025-10-22,5,3
rest-001,2025-10-22,6,4
rest-001,2025-10-22,7,2
rest-001,2025-10-22,8,7
rest-001,2025-10-23,1,29
rest-001,2025-10-23,2,12
rest-001,2025-10-23,3,25
rest-001,2025-10-23,4,14
rest-001,2025-10-23,5,7
rest-001,2025-10-23,6,4
rest-001,2025-10-23,7,5
rest-001,2025-10-23,8,7
rest-001,2025-10-24,1,17
rest-001,2025-10-24,2,11
rest-001,2025-10-24,3,21
rest-001,2025-10-24,4,9
rest-001,2025-10-24,5,5
rest-001,2025-10-24,6,2
rest-001,2025-10-24,7,5
rest-001,2025-10-24,8,7
rest-001,2025-10-25,1,12
rest-001,2025-10-25,2,16
rest-001,2025-10-25,3,22
rest-001,2025-10-25,4,8
rest-001,2025-10-25,5,7
rest-001,2025-10-25,6,4
rest-001,2025-10-25,7,6
rest-001,2025-10-25,8,11
rest-001,2025-10-26,1,20
rest-001,2025-10-26,2,24
rest-001,2025-10-26,3,31
rest-001,2025-10-26,4,14
rest-001,2025-10-26,5,11
rest-001,2025-10-26,6,5
rest-001,2025-10-26,7,8
rest-001,2025-10-26,8,14
rest-001,2025-10-27,1,15
rest-001,2025-10-27,2,12
rest-001,2025-10-27,3,31
rest-001,2025-10-27,4,15
rest-001,2025-10-27,5,9
rest-001,2025-10-27,6,5
rest-001,2025-10-27,7,8
rest-001,2025-10-27,8,11
rest-001,2025-10-28,1,17
rest-001,2025-10-28,2,12
rest-001,2025-10-28,3,16
rest-001,2025-10-28,4,20
rest-001,2025-10-28,5,11
rest-001,2025-10-28,6,9
rest-001,2025-10-28,7,5
rest-001,2025-10-28,8,6
rest-001,2025-10-29,1,32
rest-001,2025-10-29,2,12
rest-001,2025-10-29,3,23
rest-001,2025-10-29,4,24
rest-001,2025-10-29,5,6
rest-001,2025-10-29,6,1
rest-001,2025-10-29,7,3
rest-001,2025-10-29,8,13
rest-001,2025-10-30,1,26
rest-001,2025-10-30,2,18
rest-001,2025-10-30,3,10
rest-001,2025-10-30,4,13
rest-001,2025-10-30,5,10
rest-001,2025-10-30,6,2
rest-001,2025-10-30,7,12
rest-001,2025-10-30,8,14
rest-001,2025-10-31,1,36
rest-001,2025-10-31,2,12
rest-001,2025-10-31,3,17
rest-001,2025-10-31,4,12
rest-001,2025-10-31,5,9
rest-001,2025-10-31,6,5
rest-001,2025-10-31,7,9
rest-001,2025-10-31,8,8
rest-001,2025-11-01,1,48
rest-001,2025-11-01,2,31
rest-001,2025-11-01,3,38
rest-001,2025-11-01,4,20
rest-001,2025-11-01,5,10
rest-001,2025-11-01,6,9
rest-001,2025-11-01,7,3
rest-001,2025-11-01,8,11
rest-001,2025-11-02,1,38
rest-001,2025-11-02,2,34
rest-001,2025-11-02,3,38
rest-001,2025-11-02,4,18
rest-001,2025-11-02,5,6
rest-001,2025-11-02,6,6
rest-001,2025-11-02,7,7
rest-001,2025-11-02,8,15
rest-001,2025-11-03,1,21
rest-001,2025-11-03,2,16
rest-001,2025-11-03,3,19
rest-001,2025-11-03,4,13
rest-001,2025-11-03,5,7
rest-001,2025-11-03,6,13
rest-001,2025-11-03,7,10
rest-001,2025-11-03,8,21
rest-001,2025-11-04,1,34
rest-001,2025-11-04,2,18
rest-001,2025-11-04,3,32
rest-001,2025-11-04,4,18
rest-001,2025-11-04,5,6
rest-001,2025-11-04,6,6
rest-001,2025-11-04,7,10
rest-001,2025-11-04,8,13
rest-001,2025-11-05,1,47
rest-001,2025-11-05,2,19
rest-001,2025-11-05,3,19
rest-001,2025-11-05,4,20
rest-001,2025-11-05,5,11
rest-001,2025-11-05,6,7
rest-001,2025-11-05,7,1
rest-001,2025-11-05,8,17
rest-001,2025-11-06,1,23
rest-001,2025-11-06,2,31
rest-001,2025-11-06,3,15
rest-001,2025-11-06,4,17
rest-001,2025-11-06,5,12
rest-001,2025-11-06,6,3
rest-001,2025-11-06,7,7
rest-001,2025-11-06,8,10
rest-001,2025-11-07,1,34
rest-001,2025-11-07,2,17
rest-001,2025-11-07,3,16
rest-001,2025-11-07,4,13
rest-001,2025-11-07,5,8
rest-001,2025-11-07,6,8
rest-001,2025-11-07,7,5
rest-001,2025-11-07,8,12
rest-001,2025-11-08,1,27
rest-001,2025-11-08,2,16
rest-001,2025-11-08,3,36
rest-001,2025-11-08,4,19
rest-001,2025-11-08,5,8
rest-001,2025-11-08,6,8
rest-001,2025-11-08,7,8
rest-001,2025-11-08,8,18
rest-001,2025-11-09,1,44
rest-001,2025-11-09,2,20
rest-001,2025-11-09,3,17
rest-001,2025-11-09,4,16
rest-001,2025-11-09,5,19
rest-001,2025-11-09,6,8
rest-001,2025-11-09,7,11
rest-001,2025-11-09,8,6
rest-001,2025-11-10,1,32
rest-001,2025-11-10,2,17
rest-001,2025-11-10,3,26
rest-001,2025-11-10,4,25
rest-001,2025-11-10,5,12
rest-001,2025-11-10,6,4
rest-001,2025-11-10,7,9
rest-001,2025-11-10,8,13
rest-001,2025-11-11,1,43
rest-001,2025-11-11,2,17
rest-001,2025-11-11,3,23
rest-001,2025-11-11,4,14
rest-001,2025-11-11,5,7
rest-001,2025-11-11,6,8
rest-001,2025-11-11,7,6
rest-001,2025-11-11,8,9
rest-001,2025-11-12,1,42
rest-001,2025-11-12,2,15
rest-001,2025-11-12,3,15
rest-001,2025-11-12,4,9
rest-001,2025-11-12,5,8
rest-001,2025-11-12,6,13
rest-001,2025-11-12,7,1
rest-001,2025-11-12,8,14
rest-001,2025-11-13,1,40
rest-001,2025-11-13,2,22
rest-001,2025-11-13,3,9
rest-001,2025-11-13,4,7
rest-001,2025-11-13,5,12
rest-001,2025-11-13,6,3
rest-001,2025-11-13,7,7
rest-001,2025-11-13,8,6
rest-001,2025-11-14,1,23
rest-001,2025-11-14,2,23
rest-001,2025-11-14,3,35
rest-001,2025-11-14,4,11
rest-001,2025-11-14,5,7
rest-001,2025-11-14,6,6
rest-001,2025-11-14,7,4
rest-001,2025-11-14,8,5
rest-001,2025-11-15,1,31
rest-001,2025-11-15,2,10
rest-001,2025-11-15,3,22
rest-001,2025-11-15,4,23
rest-001,2025-11-15,5,9
rest-001,2025-11-15,6,7
rest-001,2025-11-15,7,4
rest-001,2025-11-15,8,13
rest-001,2025-11-16,1,44
rest-001,2025-11-16,2,18
rest-001,2025-11-16,3,29
rest-001,2025-11-16,4,28
rest-001,2025-11-16,5,8
rest-001,2025-11-16,6,6
rest-001,2025-11-16,7,3
rest-001,2025-11-16,8,15
rest-001,2025-11-17,1,39
rest-001,2025-11-17,2,17
rest-001,2025-11-17,3,16
rest-001,2025-11-17,4,11
rest-001,2025-11-17,5,7
rest-001,2025-11-17,6,4
rest-001,2025-11-17,7,4
rest-001,2025-11-17,8,12
rest-001,2025-11-18,1,24
rest-001,2025-11-18,2,25
rest-001,2025-11-18,3,17
rest-001,2025-11-18,4,6
rest-001,2025-11-18,5,7
rest-001,2025-11-18,6,4
rest-001,2025-11-18,7,8
rest-001,2025-11-18,8,5
rest-001,2025-11-19,1,21
rest-001,2025-11-19,2,16
rest-001,2025-11-19,3,17
rest-001,2025-11-19,4,13
rest-001,2025-11-19,5,5
rest-001,2025-11-19,6,4
rest-001,2025-11-19,7,4
rest-001,2025-11-19,8,9
rest-001,2025-11-20,1,18
rest-001,2025-11-20,2,29
rest-001,2025-11-20,3,26
rest-001,2025-11-20,4,15
rest-001,2025-11-20,5,9
rest-001,2025-11-20,6,4
rest-001,2025-11-20,7,4
rest-001,2025-11-20,8,7
rest-001,2025-11-21,1,24
rest-001,2025-11-21,2,17
rest-001,2025-11-21,3,13
rest-001,2025-11-21,4,26
rest-001,2025-11-21,6,10
rest-001,2025-11-21,7,4
rest-001,2025-11-21,8,5
rest-001,2025-11-22,1,21
rest-001,2025-11-22,2,23
rest-001,2025-11-22,3,20
rest-001,2025-11-22,4,17
rest-001,2025-11-22,5,7
rest-001,2025-11-22,6,6
rest-001,2025-11-22,7,6
rest-001,2025-11-22,8,10
rest-001,2025-11-23,1,22
rest-001,2025-11-23,2,15
rest-001,2025-11-23,3,21
rest-001,2025-11-23,4,13
rest-001,2025-11-23,5,9
rest-001,2025-11-23,6,3
rest-001,2025-11-23,7,5
rest-001,2025-11-23,8,13
rest-001,2025-11-24,1,13
rest-001,2025-11-24,2,11
rest-001,2025-11-24,3,12
rest-001,2025-11-24,4,9
rest-001,2025-11-24,5,8
rest-001,2025-11-24,6,10
rest-001,2025-11-24,7,5
rest-001,2025-11-24,8,9
rest-001,2025-11-25,1,33
rest-001,2025-11-25,2,13
rest-001,2025-11-25,3,26
rest-001,2025-11-25,4,8
rest-001,2025-11-25,5,11
rest-001,2025-11-25,6,4
rest-001,2025-11-25,7,10
rest-001,2025-11-25,8,10
rest-001,2025-11-26,1,23
rest-001,2025-11-26,2,13
rest-001,2025-11-26,3,16
rest-001,2025-11-26,4,17
rest-001,2025-11-26,5,2
rest-001,2025-11-26,6,3
rest-001,2025-11-26,7,5
rest-001,2025-11-26,8,5
rest-001,2025-11-27,1,46
rest-001,2025-11-27,2,21
rest-001,2025-11-27,3,28
rest-001,2025-11-27,4,18
rest-001,2025-11-27,5,8
rest-001,2025-11-27,6,4
rest-001,2025-11-27,7,4
rest-001,2025-11-27,8,12
rest-002,2025-06-01,1,34
rest-002,2025-06-01,2,28
rest-002,2025-06-01,3,33
rest-002,2025-06-01,4,17
rest-002,2025-06-01,5,12
rest-002,2025-06-01,6,6
rest-002,2025-06-01,7,4
rest-002,2025-06-01,8,16
rest-002,2025-06-02,1,34
rest-002,2025-06-02,2,10
rest-002,2025-06-02,3,12
rest-002,2025-06-02,4,15
rest-002,2025-06-02,5,6
rest-002,2025-06-02,6,5
rest-002,2025-06-02,7,5
rest-002,2025-06-02,8,14
rest-002,2025-06-03,1,41
rest-002,2025-06-03,2,14
rest-002,2025-06-03,3,28
rest-002,2025-06-03,4,10
rest-002,2025-06-03,5,7
rest-002,2025-06-03,6,6
rest-002,2025-06-03,7,8
rest-002,2025-06-03,8,7
rest-002,2025-06-04,1,21
rest-002,2025-06-04,2,24
rest-002,2025-06-04,3,31
rest-002,2025-06-04,4,18
rest-002,2025-06-04,5,13
rest-002,2025-06-04,6,7
rest-002,2025-06-04,7,8
rest-002,2025-06-04,8,10
rest-002,2025-06-05,1,35
rest-002,2025-06-05,2,17
rest-002,2025-06-05,3,21
rest-002,2025-06-05,4,22
rest-002,2025-06-05,5,15
rest-002,2025-06-05,6,4
rest-002,2025-06-05,7,4
rest-002,2025-06-05,8,19
rest-002,2025-06-06,1,24
rest-002,2025-06-06,2,24
rest-002,2025-06-06,3,15
rest-002,2025-06-06,4,14
rest-002,2025-06-06,5,3
rest-002,2025-06-06,6,6
rest-002,2025-06-06,7,2
rest-002,2025-06-06,8,16
rest-002,2025-06-07,1,37
rest-002,2025-06-07,2,17
rest-002,2025-06-07,3,44
rest-002,2025-06-07,4,25
rest-002,2025-06-07,5,13
rest-002,2025-06-07,6,8
rest-002,2025-06-07,7,16
rest-002,2025-06-07,8,22
rest-002,2025-06-08,1,19
rest-002,2025-06-08,2,25
rest-002,2025-06-08,3,24
rest-002,2025-06-08,4,31
rest-002,2025-06-08,5,14
rest-002,2025-06-08,6,12
rest-002,2025-06-08,7,6
rest-002,2025-06-08,8,9
rest-002,2025-06-09,1,42
rest-002,2025-06-09,2,7
rest-002,2025-06-09,3,20
rest-002,2025-06-09,4,20
rest-002,2025-06-09,5,8
rest-002,2025-06-09,6,2
rest-002,2025-06-09,7,5
rest-002,2025-06-09,8,10
rest-002,2025-06-10,1,39
rest-002,2025-06-10,2,27
rest-002,2025-06-10,3,25
rest-002,2025-06-10,4,25
rest-002,2025-06-10,5,10
rest-002,2025-06-10,6,4
rest-002,2025-06-10,7,4
rest-002,2025-06-10,8,12
rest-002,2025-06-11,1,17
rest-002,2025-06-11,2,13
rest-002,2025-06-11,3,35
rest-002,2025-06-11,4,10
rest-002,2025-06-11,5,10
rest-002,2025-06-11,6,8
rest-002,2025-06-11,7,2
rest-002,2025-06-11,8,9
rest-002,2025-06-12,1,29
rest-002,2025-06-12,2,39
rest-002,2025-06-12,3,24
rest-002,2025-06-12,4,28
rest-002,2025-06-12,5,15
rest-002,2025-06-12,6,7
rest-002,2025-06-12,7,6
rest-002,2025-06-12,8,16
rest-002,2025-06-13,1,45
rest-002,2025-06-13,2,20
rest-002,2025-06-13,3,14
rest-002,2025-06-13,4,27
rest-002,2025-06-13,5,14
rest-002,2025-06-13,6,7
rest-002,2025-06-13,7,4
rest-002,2025-06-13,8,2
rest-002,2025-06-14,1,35
rest-002,2025-06-14,2,32
rest-002,2025-06-14,3,34
rest-002,2025-06-14,4,17
rest-002,2025-06-14,5,15
rest-002,2025-06-14,6,5
rest-002,2025-06-14,7,7
rest-002,2025-06-14,8,15
rest-002,2025-06-15,1,25
rest-002,2025-06-15,2,9
rest-002,2025-06-15,3,25
rest-002,2025-06-15,4,25
rest-002,2025-06-15,5,5
rest-002,2025-06-15,6,10
rest-002,2025-06-15,7,3
rest-002,2025-06-15,8,11
rest-002,2025-06-16,1,22
rest-002,2025-06-16,2,14
rest-002,2025-06-16,3,15
rest-002,2025-06-16,4,9
rest-002,2025-06-16,5,11
rest-002,2025-06-16,6,6
rest-002,2025-06-16,7,4
rest-002,2025-06-16,8,18
rest-002,2025-06-17,1,38
rest-002,2025-06-17,2,9
rest-002,2025-06-17,3,28
rest-002,2025-06-17,4,15
rest-002,2025-06-17,5,5
rest-002,2025-06-17,6,7
rest-002,2025-06-17,7,6
rest-002,2025-06-17,8,5
rest-002,2025-06-18,1,36
rest-002,2025-06-18,2,19
rest-002,2025-06-18,3,14
rest-002,2025-06-18,4,12
rest-002,2025-06-18,5,3
rest-002,2025-06-18,6,10
rest-002,2025-06-18,7,2
rest-002,2025-06-18,8,6
rest-002,2025-06-19,1,9
rest-002,2025-06-19,2,10
rest-002,2025-06-19,3,15
rest-002,2025-06-19,4,16
rest-002,2025-06-19,5,6
rest-002,2025-06-19,6,9
rest-002,2025-06-19,7,7
rest-002,2025-06-19,8,11
rest-002,2025-06-20,1,25
rest-002,2025-06-20,2,16
rest-002,2025-06-20,3,20
rest-002,2025-06-20,4,8
rest-002,2025-06-20,5,11
rest-002,2025-06-20,6,5
rest-002,2025-06-20,7,2
rest-002,2025-06-20,8,7
rest-002,2025-06-21,1,33
rest-002,2025-06-21,2,11
rest-002,2025-06-21,3,18
rest-002,2025-06-21,4,13
rest-002,2025-06-21,5,5
rest-002,2025-06-21,6,4
rest-002,2025-06-21,7,5
rest-002,2025-06-21,8,12
rest-002,2025-06-22,1,26
rest-002,2025-06-22,2,16
rest-002,2025-06-22,3,14
rest-002,2025-06-22,4,10
rest-002,2025-06-22,5,18
rest-002,2025-06-22,6,3
rest-002,2025-06-22,7,3
rest-002,2025-06-22,8,14
rest-002,2025-06-23,1,23
rest-002,2025-06-23,2,12
rest-002,2025-06-23,3,16
rest-002,2025-06-23,4,19
rest-002,2025-06-23,5,6
rest-002,2025-06-23,6,6
rest-002,2025-06-23,7,5
rest-002,2025-06-23,8,11
rest-002,2025-06-24,1,18
rest-002,2025-06-24,2,7
rest-002,2025-06-24,3,27
rest-002,2025-06-24,4,8
rest-002,2025-06-24,5,7
rest-002,2025-06-24,6,4
rest-002,2025-06-24,7,3
rest-002,2025-06-24,8,17
rest-002,2025-06-25,1,29
rest-002,2025-06-25,2,25
rest-002,2025-06-25,3,22
rest-002,2025-06-25,4,17
rest-002,2025-06-25,5,4
rest-002,2025-06-25,6,10
rest-002,2025-06-25,7,4
rest-002,2025-06-25,8,13
rest-002,2025-06-26,1,24
rest-002,2025-06-26,2,9
rest-002,2025-06-26,3,11
rest-002,2025-06-26,4,9
rest-002,2025-06-26,5,2
rest-002,2025-06-26,6,2
rest-002,2025-06-26,7,4
rest-002,2025-06-26,8,14
rest-002,2025-06-27,1,23
rest-002,2025-06-27,2,11
rest-002,2025-06-27,3,13
rest-002,2025-06-27,4,14
rest-002,2025-06-27,5,13
rest-002,2025-06-27,6,7
rest-002,2025-06-27,7,6
rest-002,2025-06-27,8,4
rest-002,2025-06-28,1,25
rest-002,2025-06-28,2,11
rest-002,2025-06-28,3,36
rest-002,2025-06-28,4,16
rest-002,2025-06-28,5,6
rest-002,2025-06-28,6,2
rest-002,2025-06-28,7,3
rest-002,2025-06-28,8,12
rest-002,2025-06-29,1,33
rest-002,2025-06-29,2,26
rest-002,2025-06-29,3,25
rest-002,2025-06-29,4,11
rest-002,2025-06-29,5,14
rest-002,2025-06-29,6,7
rest-002,2025-06-29,7,1
rest-002,2025-06-29,8,12
rest-002,2025-06-30,1,42
rest-002,2025-06-30,2,29
rest-002,2025-06-30,3,17
rest-002,2025-06-30,4,12
rest-002,2025-06-30,5,12
rest-002,2025-06-30,6,6
rest-002,2025-06-30,7,4
rest-002,2025-06-30,8,5
rest-002,2025-07-01,1,35
rest-002,2025-07-01,2,26
rest-002,2025-07-01,3,20
rest-002,2025-07-01,4,19
rest-002,2025-07-01,5,12
rest-002,2025-07-01,6,6
rest-002,2025-07-01,7,7
rest-002,2025-07-01,8,12
rest-002,2025-07-02,1,33
rest-002,2025-07-02,2,15
rest-002,2025-07-02,3,28
rest-002,2025-07-02,4,26
rest-002,2025-07-02,5,6
rest-002,2025-07-02,6,9
rest-002,2025-07-02,7,6
rest-002,2025-07-02,8,6
rest-002,2025-07-03,1,26
rest-002,2025-07-03,2,21
rest-002,2025-07-03,3,23
rest-002,2025-07-03,4,17
rest-002,2025-07-03,5,9
rest-002,2025-07-03,6,10
rest-002,2025-07-03,8,16
rest-002,2025-07-04,1,20
rest-002,2025-07-04,2,24
rest-002,2025-07-04,3,29
rest-002,2025-07-04,4,14
rest-002,2025-07-04,5,7
rest-002,2025-07-04,6,4
rest-002,2025-07-04,7,4
rest-002,2025-07-04,8,13
rest-002,2025-07-05,1,24
rest-002,2025-07-05,2,24
rest-002,2025-07-05,3,28
rest-002,2025-07-05,4,29
rest-002,2025-07-05,5,16
rest-002,2025-07-05,6,10
rest-002,2025-07-05,7,5
rest-002,2025-07-05,8,16
rest-002,2025-07-06,1,35
rest-002,2025-07-06,2,12
rest-002,2025-07-06,3,24
rest-002,2025-07-06,4,30
rest-002,2025-07-06,5,11
rest-002,2025-07-06,6,8
rest-002,2025-07-06,7,3
rest-002,2025-07-06,8,21
rest-002,2025-07-07,1,32
rest-002,2025-07-07,2,12
rest-002,2025-07-07,3,26
rest-002,2025-07-07,4,18
rest-002,2025-07-07,5,12
rest-002,2025-07-07,6,2
rest-002,2025-07-07,7,5
rest-002,2025-07-07,8,10
rest-002,2025-07-08,1,33
rest-002,2025-07-08,2,18
rest-002,2025-07-08,3,11
rest-002,2025-07-08,4,13
rest-002,2025-07-08,5,5
rest-002,2025-07-08,6,8
rest-002,2025-07-08,7,8
rest-002,2025-07-08,8,18
rest-002,2025-07-09,1,48
rest-002,2025-07-09,2,26
rest-002,2025-07-09,3,33
rest-002,2025-07-09,4,8
rest-002,2025-07-09,5,2
rest-002,2025-07-09,6,8
rest-002,2025-07-09,7,3
rest-002,2025-07-09,8,9
rest-002,2025-07-10,1,32
rest-002,2025-07-10,2,21
rest-002,2025-07-10,3,12
rest-002,2025-07-10,4,33
rest-002,2025-07-10,5,8
rest-002,2025-07-10,6,3
rest-002,2025-07-10,7,5
rest-002,2025-07-10,8,10
rest-002,2025-07-11,1,37
rest-002,2025-07-11,2,25
rest-002,2025-07-11,3,24
rest-002,2025-07-11,4,7
rest-002,2025-07-11,5,6
rest-002,2025-07-11,6,9
rest-002,2025-07-11,7,4
rest-002,2025-07-11,8,10
rest-002,2025-07-12,1,37
rest-002,2025-07-12,2,21
rest-002,2025-07-12,3,22
rest-002,2025-07-12,4,16
rest-002,2025-07-12,5,8
rest-002,2025-07-12,6,6
rest-002,2025-07-12,7,8
rest-002,2025-07-12,8,19
rest-002,2025-07-13,1,30
rest-002,2025-07-13,2,18
rest-002,2025-07-13,3,44
rest-002,2025-07-13,4,16
rest-002,2025-07-13,5,14
rest-002,2025-07-13,6,9
rest-002,2025-07-13,7,8
rest-002,2025-07-13,8,4
rest-002,2025-07-14,1,35
rest-002,2025-07-14,2,13
rest-002,2025-07-14,3,30
rest-002,2025-07-14,4,17
rest-002,2025-07-14,5,4
rest-002,2025-07-14,6,6
rest-002,2025-07-14,7,3
rest-002,2025-07-14,8,7
rest-002,2025-07-15,1,25
rest-002,2025-07-15,2,17
rest-002,2025-07-15,3,25
rest-002,2025-07-15,4,14
rest-002,2025-07-15,5,9
rest-002,2025-07-15,6,10
rest-002,2025-07-15,7,3
rest-002,2025-07-15,8,14
rest-002,2025-07-16,1,33
rest-002,2025-07-16,2,21
rest-002,2025-07-16,3,15
rest-002,2025-07-16,4,15
rest-002,2025-07-16,5,10
rest-002,2025-07-16,6,4
rest-002,2025-07-16,7,2
rest-002,2025-07-16,8,11
rest-002,2025-07-17,1,29
rest-002,2025-07-17,2,19
rest-002,2025-07-17,3,19
rest-002,2025-07-17,4,30
rest-002,2025-07-17,5,10
rest-002,2025-07-17,6,5
rest-002,2025-07-17,7,5
rest-002,2025-07-17,8,13
rest-002,2025-07-18,1,23
rest-002,2025-07-18,2,13
rest-002,2025-07-18,3,24
rest-002,2025-07-18,4,3
rest-002,2025-07-18,5,9
rest-002,2025-07-18,6,5
rest-002,2025-07-18,7,4
rest-002,2025-07-18,8,14
rest-002,2025-07-19,1,44
rest-002,2025-07-19,2,20
rest-002,2025-07-19,3,37
rest-002,2025-07-19,4,9
rest-002,2025-07-19,5,16
rest-002,2025-07-19,6,8
rest-002,2025-07-19,7,3
rest-002,2025-07-19,8,15
rest-002,2025-07-20,1,36
rest-002,2025-07-20,2,30
rest-002,2025-07-20,3,40
rest-002,2025-07-20,4,16
rest-002,2025-07-20,5,4
rest-002,2025-07-20,6,8
rest-002,2025-07-20,7,2
rest-002,2025-07-20,8,11
rest-002,2025-07-21,1,28
rest-002,2025-07-21,2,17
rest-002,2025-07-21,3,24
rest-002,2025-07-21,4,14
rest-002,2025-07-21,5,9
rest-002,2025-07-21,6,8
rest-002,2025-07-21,7,3
rest-002,2025-07-21,8,5
rest-002,2025-07-22,1,23
rest-002,2025-07-22,2,10
rest-002,2025-07-22,3,15
rest-002,2025-07-22,4,14
rest-002,2025-07-22,5,11
rest-002,2025-07-22,6,9
rest-002,2025-07-22,7,3
rest-002,2025-07-22,8,8
rest-002,2025-07-23,1,33
rest-002,2025-07-23,2,13
rest-002,2025-07-23,3,26
rest-002,2025-07-23,4,13
rest-002,2025-07-23,5,6
rest-002,2025-07-23,6,7
rest-002,2025-07-23,7,3
rest-002,2025-07-23,8,9
rest-002,2025-07-24,1,14
rest-002,2025-07-24,2,19
rest-002,2025-07-24,3,11
rest-002,2025-07-24,4,16
rest-002,2025-07-24,5,4
rest-002,2025-07-24,6,2
rest-002,2025-07-24,7,7
rest-002,2025-07-24,8,10
rest-002,2025-07-25,1,26
rest-002,2025-07-25,2,15
rest-002,2025-07-25,3,15
rest-002,2025-07-25,4,18
rest-002,2025-07-25,5,5
rest-002,2025-07-25,6,5
rest-002,2025-07-25,7,4
rest-002,2025-07-25,8,7
rest-002,2025-07-26,1,24
rest-002,2025-07-26,2,15
rest-002,2025-07-26,3,31
rest-002,2025-07-26,4,17
rest-002,2025-07-26,5,13
rest-002,2025-07-26,6,3
rest-002,2025-07-26,7,6
rest-002,2025-07-26,8,8
rest-002,2025-07-27,1,39
rest-002,2025-07-27,2,24
rest-002,2025-07-27,3,9
rest-002,2025-07-27,4,10
rest-002,2025-07-27,5,12
rest-002,2025-07-27,6,7
rest-002,2025-07-27,7,6
rest-002,2025-07-27,8,11
rest-002,2025-07-28,1,22
rest-002,2025-07-28,2,19
rest-002,2025-07-28,3,31
rest-002,2025-07-28,4,14
rest-002,2025-07-28,5,9
rest-002,2025-07-28,6,9
rest-002,2025-07-28,7,5
rest-002,2025-07-28,8,3
rest-002,2025-07-29,1,24
rest-002,2025-07-29,2,17
rest-002,2025-07-29,3,8
rest-002,2025-07-29,4,14
rest-002,2025-07-29,5,3
rest-002,2025-07-29,6,4
rest-002,2025-07-29,7,6
rest-002,2025-07-29,8,12
rest-002,2025-07-30,1,21
rest-002,2025-07-30,2,22
rest-002,2025-07-30,3,24
rest-002,2025-07-30,4,7
rest-002,2025-07-30,5,6
rest-002,2025-07-30,6,11
rest-002,2025-07-30,7,3
rest-002,2025-07-30,8,12
rest-002,2025-07-31,1,44
rest-002,2025-07-31,2,22
rest-002,2025-07-31,3,23
rest-002,2025-07-31,4,8
rest-002,2025-07-31,5,1
rest-002,2025-07-31,6,3
rest-002,2025-07-31,7,7
rest-002,2025-07-31,8,8
rest-002,2025-08-01,1,27
rest-002,2025-08-01,2,26
rest-002,2025-08-01,3,27
rest-002,2025-08-01,4,25
rest-002,2025-08-01,5,4
rest-002,2025-08-01,6,6
rest-002,2025-08-01,7,2
rest-002,2025-08-01,8,17
rest-002,2025-08-02,1,58
rest-002,2025-08-02,2,17
rest-002,2025-08-02,3,40
rest-002,2025-08-02,4,12
rest-002,2025-08-02,5,11
rest-002,2025-08-02,6,11
rest-002,2025-08-02,7,7
rest-002,2025-08-02,8,12
rest-002,2025-08-03,1,36
rest-002,2025-08-03,2,22
rest-002,2025-08-03,3,40
rest-002,2025-08-03,4,16
rest-002,2025-08-03,5,11
rest-002,2025-08-03,6,8
rest-002,2025-08-03,7,6
rest-002,2025-08-03,8,10
rest-002,2025-08-04,1,26
rest-002,2025-08-04,2,31
rest-002,2025-08-04,3,21
rest-002,2025-08-04,4,21
rest-002,2025-08-04,5,7
rest-002,2025-08-04,6,7
rest-002,2025-08-04,7,4
rest-002,2025-08-04,8,9
rest-002,2025-08-05,1,33
rest-002,2025-08-05,2,13
rest-002,2025-08-05,3,15
rest-002,2025-08-05,4,13
rest-002,2025-08-05,5,13
rest-002,2025-08-05,6,6
rest-002,2025-08-05,7,4
rest-002,2025-08-05,8,10
rest-002,2025-08-06,1,27
rest-002,2025-08-06,2,19
rest-002,2025-08-06,3,20
rest-002,2025-08-06,4,15
rest-002,2025-08-06,5,12
rest-002,2025-08-06,6,5
rest-002,2025-08-06,7,3
rest-002,2025-08-06,8,12
rest-002,2025-08-07,1,42
rest-002,2025-08-07,2,31
rest-002,2025-08-07,3,12
rest-002,2025-08-07,4,10
rest-002,2025-08-07,5,5
rest-002,2025-08-07,6,7
rest-002,2025-08-07,7,6
rest-002,2025-08-07,8,12
rest-002,2025-08-08,1,19
rest-002,2025-08-08,2,23
rest-002,2025-08-08,3,17
rest-002,2025-08-08,4,9
rest-002,2025-08-08,5,7
rest-002,2025-08-08,6,8
rest-002,2025-08-08,7,2
rest-002,2025-08-08,8,13
rest-002,2025-08-09,1,45
rest-002,2025-08-09,2,21
rest-002,2025-08-09,3,44
rest-002,2025-08-09,4,18
rest-002,2025-08-09,5,10
rest-002,2025-08-09,6,12
rest-002,2025-08-09,7,8
rest-002,2025-08-09,8,11
rest-002,2025-08-10,1,33
rest-002,2025-08-10,2,26
rest-002,2025-08-10,3,24
rest-002,2025-08-10,4,16
rest-002,2025-08-10,5,6
rest-002,2025-08-10,6,12
rest-002,2025-08-10,7,8
rest-002,2025-08-10,8,12
rest-002,2025-08-11,1,33
rest-002,2025-08-11,2,19
rest-002,2025-08-11,3,24
rest-002,2025-08-11,4,24
rest-002,2025-08-11,5,7
rest-002,2025-08-11,6,4
rest-002,2025-08-11,7,12
rest-002,2025-08-11,8,3
rest-002,2025-08-12,1,30
rest-002,2025-08-12,2,9
rest-002,2025-08-12,3,17
rest-002,2025-08-12,4,20
rest-002,2025-08-12,5,13
rest-002,2025-08-12,6,7
rest-002,2025-08-12,7,5
rest-002,2025-08-12,8,10
rest-002,2025-08-13,1,40
rest-002,2025-08-13,2,29
rest-002,2025-08-13,3,24
rest-002,2025-08-13,4,28
rest-002,2025-08-13,5,10
rest-002,2025-08-13,6,9
rest-002,2025-08-13,7,4
rest-002,2025-08-13,8,7
rest-002,2025-08-14,1,36
rest-002,2025-08-14,2,27
rest-002,2025-08-14,3,27
rest-002,2025-08-14,4,10
rest-002,2025-08-14,5,10
rest-002,2025-08-14,6,7
rest-002,2025-08-14,7,3
rest-002,2025-08-14,8,6
rest-002,2025-08-15,1,35
rest-002,2025-08-15,2,27
rest-002,2025-08-15,3,13
rest-002,2025-08-15,4,17
rest-002,2025-08-15,5,11
rest-002,2025-08-15,6,7
rest-002,2025-08-15,7,9
rest-002,2025-08-15,8,14
rest-002,2025-08-16,1,31
rest-002,2025-08-16,2,27
rest-002,2025-08-16,3,22
rest-002,2025-08-16,4,25
rest-002,2025-08-16,5,12
rest-002,2025-08-16,6,3
rest-002,2025-08-16,7,10
rest-002,2025-08-16,8,11
rest-002,2025-08-17,1,20
rest-002,2025-08-17,2,27
rest-002,2025-08-17,3,12
rest-002,2025-08-17,4,28
rest-002,2025-08-17,5,7
rest-002,2025-08-17,6,12
rest-002,2025-08-17,7,3
rest-002,2025-08-17,8,16
rest-002,2025-08-18,1,18
rest-002,2025-08-18,2,12
rest-002,2025-08-18,3,27
rest-002,2025-08-18,4,9
rest-002,2025-08-18,5,5
rest-002,2025-08-18,6,9
rest-002,2025-08-18,7,4
rest-002,2025-08-18,8,9
rest-002,2025-08-19,1,33
rest-002,2025-08-19,2,7
rest-002,2025-08-19,3,13
rest-002,2025-08-19,4,10
rest-002,2025-08-19,5,5
rest-002,2025-08-19,6,1
rest-002,2025-08-19,7,5
rest-002,2025-08-19,8,21
rest-002,2025-08-20,1,32
rest-002,2025-08-20,2,13
rest-002,2025-08-20,3,11
rest-002,2025-08-20,4,8
rest-002,2025-08-20,5,5
rest-002,2025-08-20,6,6
rest-002,2025-08-20,7,2
rest-002,2025-08-20,8,12
rest-002,2025-08-21,1,34
rest-002,2025-08-21,2,16
rest-002,2025-08-21,3,25
rest-002,2025-08-21,4,16
rest-002,2025-08-21,5,7
rest-002,2025-08-21,6,5
rest-002,2025-08-21,7,1
rest-002,2025-08-21,8,8
rest-002,2025-08-22,1,19
rest-002,2025-08-22,2,22
rest-002,2025-08-22,3,17
rest-002,2025-08-22,4,19
rest-002,2025-08-22,5,6
rest-002,2025-08-22,6,8
rest-002,2025-08-22,7,2
rest-002,2025-08-22,8,9
rest-002,2025-08-23,1,43
rest-002,2025-08-23,2,23
rest-002,2025-08-23,3,17
rest-002,2025-08-23,4,16
rest-002,2025-08-23,5,6
rest-002,2025-08-23,6,6
rest-002,2025-08-23,7,6
rest-002,2025-08-23,8,6
rest-002,2025-08-24,1,19
rest-002,2025-08-24,2,16
rest-002,2025-08-24,3,27
rest-002,2025-08-24,4,11
rest-002,2025-08-24,5,10
rest-002,2025-08-24,6,5
rest-002,2025-08-24,7,3
rest-002,2025-08-24,8,14
rest-002,2025-08-25,1,19
rest-002,2025-08-25,2,28
rest-002,2025-08-25,3,12
rest-002,2025-08-25,4,13
rest-002,2025-08-25,5,4
rest-002,2025-08-25,6,12
rest-002,2025-08-25,7,4
rest-002,2025-08-25,8,11
rest-002,2025-08-26,1,29
rest-002,2025-08-26,2,20
rest-002,2025-08-26,3,24
rest-002,2025-08-26,4,3
rest-002,2025-08-26,5,7
rest-002,2025-08-26,6,4
rest-002,2025-08-26,7,4
rest-002,2025-08-26,8,7
rest-002,2025-08-27,1,44
rest-002,2025-08-27,2,14
rest-002,2025-08-27,3,23
rest-002,2025-08-27,4,12
rest-002,2025-08-27,5,8
rest-002,2025-08-27,6,4
rest-002,2025-08-27,7,3
rest-002,2025-08-27,8,7
rest-002,2025-08-28,1,25
rest-002,2025-08-28,2,17
rest-002,2025-08-28,3,19
rest-002,2025-08-28,4,14
rest-002,2025-08-28,5,7
rest-002,2025-08-28,6,4
rest-002,2025-08-28,7,1
rest-002,2025-08-28,8,13
rest-002,2025-08-29,1,21
rest-002,2025-08-29,2,10
rest-002,2025-08-29,3,12
rest-002,2025-08-29,4,16
rest-002,2025-08-29,5,9
rest-002,2025-08-29,6,9
rest-002,2025-08-29,7,3
rest-002,2025-08-29,8,9
rest-002,2025-08-30,1,24
rest-002,2025-08-30,2,30
rest-002,2025-08-30,3,15
rest-002,2025-08-30,4,17
rest-002,2025-08-30,5,10
rest-002,2025-08-30,6,10
rest-002,2025-08-30,7,7
rest-002,2025-08-30,8,8
rest-002,2025-08-31,1,26
rest-002,2025-08-31,2,40
rest-002,2025-08-31,3,33
rest-002,2025-08-31,4,21
rest-002,2025-08-31,5,6
rest-002,2025-08-31,6,9
rest-002,2025-08-31,7,4
rest-002,2025-08-31,8,17
rest-002,2025-09-01,1,30
rest-002,2025-09-01,2,28
rest-002,2025-09-01,3,32
rest-002,2025-09-01,4,13
rest-002,2025-09-01,5,6
rest-002,2025-09-01,6,5
rest-002,2025-09-01,7,6
rest-002,2025-09-01,8,11
rest-002,2025-09-02,1,26
rest-002,2025-09-02,2,19
rest-002,2025-09-02,3,25
rest-002,2025-09-02,4,29
rest-002,2025-09-02,5,7
rest-002,2025-09-02,6,10
rest-002,2025-09-02,7,13
rest-002,2025-09-02,8,16
rest-002,2025-09-03,1,41
rest-002,2025-09-03,2,9
rest-002,2025-09-03,3,18
rest-002,2025-09-03,4,14
rest-002,2025-09-03,5,6
rest-002,2025-09-03,6,5
rest-002,2025-09-03,7,7
rest-002,2025-09-03,8,9
rest-002,2025-09-04,1,48
rest-002,2025-09-04,2,7
rest-002,2025-09-04,3,25
rest-002,2025-09-04,4,28
rest-002,2025-09-04,5,9
rest-002,2025-09-04,6,7
rest-002,2025-09-04,7,10
rest-002,2025-09-04,8,6
rest-002,2025-09-05,1,43
rest-002,2025-09-05,2,28
rest-002,2025-09-05,3,15
rest-002,2025-09-05,4,22
rest-002,2025-09-05,5,9
rest-002,2025-09-05,6,9
rest-002,2025-09-05,7,5
rest-002,2025-09-05,8,2
rest-002,2025-09-06,1,52
rest-002,2025-09-06,2,27
rest-002,2025-09-06,3,38
rest-002,2025-09-06,4,25
rest-002,2025-09-06,5,8
rest-002,2025-09-06,6,7
rest-002,2025-09-06,7,10
rest-002,2025-09-06,8,12
rest-002,2025-09-07,1,28
rest-002,2025-09-07,2,21
rest-002,2025-09-07,3,24
rest-002,2025-09-07,4,22
rest-002,2025-09-07,5,6
rest-002,2025-09-07,6,9
rest-002,2025-09-07,7,4
rest-002,2025-09-07,8,14
rest-002,2025-09-08,1,29
rest-002,2025-09-08,2,20
rest-002,2025-09-08,3,23
rest-002,2025-09-08,4,25
rest-002,2025-09-08,5,11
rest-002,2025-09-08,6,2
rest-002,2025-09-08,7,4
rest-002,2025-09-08,8,21
rest-002,2025-09-09,1,43
rest-002,2025-09-09,2,29
rest-002,2025-09-09,3,21
rest-002,2025-09-09,4,15
rest-002,2025-09-09,5,12
rest-002,2025-09-09,6,8
rest-002,2025-09-09,7,9
rest-002,2025-09-09,8,17
rest-002,2025-09-10,1,23
rest-002,2025-09-10,2,17
rest-002,2025-09-10,3,25
rest-002,2025-09-10,4,26
rest-002,2025-09-10,5,12
rest-002,2025-09-10,6,9
rest-002,2025-09-10,7,3
rest-002,2025-09-10,8,7
rest-002,2025-09-11,1,35
rest-002,2025-09-11,2,15
rest-002,2025-09-11,3,19
rest-002,2025-09-11,4,15
rest-002,2025-09-11,5,12
rest-002,2025-09-11,6,7
rest-002,2025-09-11,7,6
rest-002,2025-09-11,8,17
rest-002,2025-09-12,1,24
rest-002,2025-09-12,2,14
rest-002,2025-09-12,3,27
rest-002,2025-09-12,4,24
rest-002,2025-09-12,5,13
rest-002,2025-09-12,6,6
rest-002,2025-09-12,7,4
rest-002,2025-09-12,8,17
rest-002,2025-09-13,1,37
rest-002,2025-09-13,2,19
rest-002,2025-09-13,3,47
rest-002,2025-09-13,4,31
rest-002,2025-09-13,5,8
rest-002,2025-09-13,6,5
rest-002,2025-09-13,7,1
rest-002,2025-09-13,8,16
rest-002,2025-09-14,1,25
rest-002,2025-09-14,2,24
rest-002,2025-09-14,3,40
rest-002,2025-09-14,4,12
rest-002,2025-09-14,5,12
rest-002,2025-09-14,6,8
rest-002,2025-09-14,7,7
rest-002,2025-09-14,8,17
rest-002,2025-09-15,1,31
rest-002,2025-09-15,2,19
rest-002,2025-09-15,3,25
rest-002,2025-09-15,4,16
rest-002,2025-09-15,5,13
rest-002,2025-09-15,6,6
rest-002,2025-09-15,7,8
rest-002,2025-09-15,8,7
rest-002,2025-09-16,1,34
rest-002,2025-09-16,2,30
rest-002,2025-09-16,3,25
rest-002,2025-09-16,4,16
rest-002,2025-09-16,5,8
rest-002,2025-09-16,6,6
rest-002,2025-09-16,7,3
rest-002,2025-09-16,8,12
rest-002,2025-09-17,1,30
rest-002,2025-09-17,2,6
rest-002,2025-09-17,3,28
rest-002,2025-09-17,4,8
rest-002,2025-09-17,5,8
rest-002,2025-09-17,6,6
rest-002,2025-09-17,7,5
rest-002,2025-09-17,8,6
rest-002,2025-09-18,1,22
rest-002,2025-09-18,2,16
rest-002,2025-09-18,3,14
rest-002,2025-09-18,4,15
rest-002,2025-09-18,5,6
rest-002,2025-09-18,6,6
rest-002,2025-09-18,7,3
rest-002,2025-09-18,8,16
rest-002,2025-09-19,1,36
rest-002,2025-09-19,2,12
rest-002,2025-09-19,3,29
rest-002,2025-09-19,4,11
rest-002,2025-09-19,5,4
rest-002,2025-09-19,6,3
rest-002,2025-09-19,7,5
rest-002,2025-09-19,8,13
rest-002,2025-09-20,1,46
rest-002,2025-09-20,2,16
rest-002,2025-09-20,3,8
rest-002,2025-09-20,4,9
rest-002,2025-09-20,5,6
rest-002,2025-09-20,6,3
rest-002,2025-09-20,7,2
rest-002,2025-09-20,8,8
rest-002,2025-09-21,1,27
rest-002,2025-09-21,2,11
rest-002,2025-09-21,3,32
rest-002,2025-09-21,4,9
rest-002,2025-09-21,5,10
rest-002,2025-09-21,6,1
rest-002,2025-09-21,7,3
rest-002,2025-09-21,8,6
rest-002,2025-09-22,1,28
rest-002,2025-09-22,2,27
rest-002,2025-09-22,3,13
rest-002,2025-09-22,4,8
rest-002,2025-09-22,5,3
rest-002,2025-09-22,6,4
rest-002,2025-09-22,8,5
rest-002,2025-09-23,1,30
rest-002,2025-09-23,2,11
rest-002,2025-09-23,3,15
rest-002,2025-09-23,4,12
rest-002,2025-09-23,5,4
rest-002,2025-09-23,6,7
rest-002,2025-09-23,7,3
rest-002,2025-09-23,8,6
rest-002,2025-09-24,1,36
rest-002,2025-09-24,2,19
rest-002,2025-09-24,3,27
rest-002,2025-09-24,4,7
rest-002,2025-09-24,5,11
rest-002,2025-09-24,6,2
rest-002,2025-09-24,7,3
rest-002,2025-09-24,8,10
rest-002,2025-09-25,1,35
rest-002,2025-09-25,2,22
rest-002,2025-09-25,3,8
rest-002,2025-09-25,4,16
rest-002,2025-09-25,5,9
rest-002,2025-09-25,6,3
rest-002,2025-09-25,7,5
rest-002,2025-09-25,8,4
rest-002,2025-09-26,1,33
rest-002,2025-09-26,2,12
rest-002,2025-09-26,3,23
rest-002,2025-09-26,4,8
rest-002,2025-09-26,5,7
rest-002,2025-09-26,6,6
rest-002,2025-09-26,7,5
rest-002,2025-09-26,8,12
rest-002,2025-09-27,1,23
rest-002,2025-09-27,2,13
rest-002,2025-09-27,3,19
rest-002,2025-09-27,4,13
rest-002,2025-09-27,5,9
rest-002,2025-09-27,6,9
rest-002,2025-09-27,7,6
rest-002,2025-09-27,8,13
rest-002,2025-09-28,1,36
rest-002,2025-09-28,2,20
rest-002,2025-09-28,3,29
rest-002,2025-09-28,4,18
rest-002,2025-09-28,5,11
rest-002,2025-09-28,6,9
rest-002,2025-09-28,7,9
rest-002,2025-09-28,8,17
rest-002,2025-09-29,1,47
rest-002,2025-09-29,2,22
rest-002,2025-09-29,3,14
rest-002,2025-09-29,4,16
rest-002,2025-09-29,5,7
rest-002,2025-09-29,6,6
rest-002,2025-09-29,7,5
rest-002,2025-09-29,8,7
rest-002,2025-09-30,1,21
rest-002,2025-09-30,2,17
rest-002,2025-09-30,3,22
rest-002,2025-09-30,4,11
rest-002,2025-09-30,5,5
rest-002,2025-09-30,6,7
rest-002,2025-09-30,7,6
rest-002,2025-09-30,8,14
rest-002,2025-10-01,1,37
rest-002,2025-10-01,2,17
rest-002,2025-10-01,3,33
rest-002,2025-10-01,4,14
rest-002,2025-10-01,5,7
rest-002,2025-10-01,6,3
rest-002,2025-10-01,7,2
rest-002,2025-10-01,8,9
rest-002,2025-10-02,1,31
rest-002,2025-10-02,2,15
rest-002,2025-10-02,3,6
rest-002,2025-10-02,4,8
rest-002,2025-10-02,5,12
rest-002,2025-10-02,6,7
rest-002,2025-10-02,7,11
rest-002,2025-10-02,8,11
rest-002,2025-10-03,1,44
rest-002,2025-10-03,2,21
rest-002,2025-10-03,3,32
rest-002,2025-10-03,4,15
rest-002,2025-10-03,5,5
rest-002,2025-10-03,6,5
rest-002,2025-10-03,7,9
rest-002,2025-10-03,8,7
rest-002,2025-10-04,1,35
rest-002,2025-10-04,2,19
rest-002,2025-10-04,3,29
rest-002,2025-10-04,4,14
rest-002,2025-10-04,5,13
rest-002,2025-10-04,6,16
rest-002,2025-10-04,7,9
rest-002,2025-10-04,8,10
rest-002,2025-10-05,1,32
rest-002,2025-10-05,2,29
rest-002,2025-10-05,3,36
rest-002,2025-10-05,4,22
rest-002,2025-10-05,5,23
rest-002,2025-10-05,6,7
rest-002,2025-10-05,7,10
rest-002,2025-10-05,8,9
rest-002,2025-10-06,1,44
rest-002,2025-10-06,2,19
rest-002,2025-10-06,3,19
rest-002,2025-10-06,4,22
rest-002,2025-10-06,5,6
rest-002,2025-10-06,6,13
rest-002,2025-10-06,7,8
rest-002,2025-10-06,8,12
rest-002,2025-10-07,1,33
rest-002,2025-10-07,2,19
rest-002,2025-10-07,3,41
rest-002,2025-10-07,4,19
rest-002,2025-10-07,5,7
rest-002,2025-10-07,6,12
rest-002,2025-10-07,7,4
rest-002,2025-10-07,8,18
rest-002,2025-10-08,1,49
rest-002,2025-10-08,2,26
rest-002,2025-10-08,3,15
rest-002,2025-10-08,4,8
rest-002,2025-10-08,5,4
rest-002,2025-10-08,6,6
rest-002,2025-10-08,7,4
rest-002,2025-10-08,8,3
rest-002,2025-10-09,1,26
rest-002,2025-10-09,2,16
rest-002,2025-10-09,3,16
rest-002,2025-10-09,4,15
rest-002,2025-10-09,5,7
rest-002,2025-10-09,6,7
rest-002,2025-10-09,7,6
rest-002,2025-10-09,8,15
rest-002,2025-10-10,1,45
rest-002,2025-10-10,2,11
rest-002,2025-10-10,3,28
rest-002,2025-10-10,4,17
rest-002,2025-10-10,5,6
rest-002,2025-10-10,6,11
rest-002,2025-10-10,7,14
rest-002,2025-10-10,8,9
rest-002,2025-10-11,1,45
rest-002,2025-10-11,2,16
rest-002,2025-10-11,3,32
rest-002,2025-10-11,4,22
rest-002,2025-10-11,5,12
rest-002,2025-10-11,6,7
rest-002,2025-10-11,7,9
rest-002,2025-10-11,8,17
rest-002,2025-10-12,1,31
rest-002,2025-10-12,2,19
rest-002,2025-10-12,3,32
rest-002,2025-10-12,4,26
rest-002,2025-10-12,5,15
rest-002,2025-10-12,6,5
rest-002,2025-10-12,7,7
rest-002,2025-10-12,8,9
rest-002,2025-10-13,1,44
rest-002,2025-10-13,2,20
rest-002,2025-10-13,3,32
rest-002,2025-10-13,4,13
rest-002,2025-10-13,5,3
rest-002,2025-10-13,6,5
rest-002,2025-10-13,7,4
rest-002,2025-10-13,8,14
rest-002,2025-10-14,1,30
rest-002,2025-10-14,2,12
rest-002,2025-10-14,3,18
rest-002,2025-10-14,4,11
rest-002,2025-10-14,5,12
rest-002,2025-10-14,6,4
rest-002,2025-10-14,7,2
rest-002,2025-10-14,8,4
rest-002,2025-10-15,1,25
rest-002,2025-10-15,2,25
rest-002,2025-10-15,3,18
rest-002,2025-10-15,4,9
rest-002,2025-10-15,5,9
rest-002,2025-10-15,6,3
rest-002,2025-10-15,7,3
rest-002,2025-10-15,8,10
rest-002,2025-10-16,1,28
rest-002,2025-10-16,2,10
rest-002,2025-10-16,3,20
rest-002,2025-10-16,4,12
rest-002,2025-10-16,5,6
rest-002,2025-10-16,6,7
rest-002,2025-10-16,7,6
rest-002,2025-10-16,8,11
rest-002,2025-10-17,1,41
rest-002,2025-10-17,2,9
rest-002,2025-10-17,3,29
rest-002,2025-10-17,4,12
rest-002,2025-10-17,5,14
rest-002,2025-10-17,6,4
rest-002,2025-10-17,7,4
rest-002,2025-10-17,8,8
rest-002,2025-10-18,1,43
rest-002,2025-10-18,2,24
rest-002,2025-10-18,3,20
rest-002,2025-10-18,4,22
rest-002,2025-10-18,5,7
rest-002,2025-10-18,6,8
rest-002,2025-10-18,7,3
rest-002,2025-10-18,8,15
rest-002,2025-10-19,1,22
rest-002,2025-10-19,2,25
rest-002,2025-10-19,3,34
rest-002,2025-10-19,4,9
rest-002,2025-10-19,5,5
rest-002,2025-10-19,6,3
rest-002,2025-10-19,7,4
rest-002,2025-10-19,8,10
rest-002,2025-10-20,1,17
rest-002,2025-10-20,2,19
rest-002,2025-10-20,3,27
rest-002,2025-10-20,4,16
rest-002,2025-10-20,5,7
rest-002,2025-10-20,6,2
rest-002,2025-10-20,7,4
rest-002,2025-10-20,8,6
rest-002,2025-10-21,1,20
rest-002,2025-10-21,2,13
rest-002,2025-10-21,3,6
rest-002,2025-10-21,4,15
rest-002,2025-10-21,5,3
rest-002,2025-10-21,6,6
rest-002,2025-10-21,7,2
rest-002,2025-10-21,8,1
rest-002,2025-10-22,1,34
rest-002,2025-10-22,2,8
rest-002,2025-10-22,3,24
rest-002,2025-10-22,4,8
rest-002,2025-10-22,5,9
rest-002,2025-10-22,6,7
rest-002,2025-10-22,7,6
rest-002,2025-10-22,8,6
rest-002,2025-10-23,1,17
rest-002,2025-10-23,2,15
rest-002,2025-10-23,3,15
rest-002,2025-10-23,4,18
rest-002,2025-10-23,5,6
rest-002,2025-10-23,6,4
rest-002,2025-10-23,7,3
rest-002,2025-10-23,8,9
rest-002,2025-10-24,1,34
rest-002,2025-10-24,2,19
rest-002,2025-10-24,3,16
rest-002,2025-10-24,4,12
rest-002,2025-10-24,5,4
rest-002,2025-10-24,6,3
rest-002,2025-10-24,7,2
rest-002,2025-10-24,8,12
rest-002,2025-10-25,1,39
rest-002,2025-10-25,2,32
rest-002,2025-10-25,3,26
rest-002,2025-10-25,4,23
rest-002,2025-10-25,5,9
rest-002,2025-10-25,6,3
rest-002,2025-10-25,7,3
rest-002,2025-10-25,8,7
rest-002,2025-10-26,1,43
rest-002,2025-10-26,2,16
rest-002,2025-10-26,3,16
rest-002,2025-10-26,4,21
rest-002,2025-10-26,5,15
rest-002,2025-10-26,6,6
rest-002,2025-10-26,7,4
rest-002,2025-10-26,8,11
rest-002,2025-10-27,1,31
rest-002,2025-10-27,2,14
rest-002,2025-10-27,3,25
rest-002,2025-10-27,4,14
rest-002,2025-10-27,5,8
rest-002,2025-10-27,6,3
rest-002,2025-10-27,7,6
rest-002,2025-10-27,8,5
rest-002,2025-10-28,1,37
rest-002,2025-10-28,2,18
rest-002,2025-10-28,3,19
rest-002,2025-10-28,4,20
rest-002,2025-10-28,5,9
rest-002,2025-10-28,6,1
rest-002,2025-10-28,7,2
rest-002,2025-10-28,8,10
rest-002,2025-10-29,1,17
rest-002,2025-10-29,2,8
rest-002,2025-10-29,3,22
rest-002,2025-10-29,4,22
rest-002,2025-10-29,5,11
rest-002,2025-10-29,6,6
rest-002,2025-10-29,7,3
rest-002,2025-10-29,8,6
rest-002,2025-10-30,1,20
rest-002,2025-10-30,2,26
rest-002,2025-10-30,3,17
rest-002,2025-10-30,4,8
rest-002,2025-10-30,5,5
rest-002,2025-10-30,6,5
rest-002,2025-10-30,7,2
rest-002,2025-10-30,8,14
rest-002,2025-10-31,1,33
rest-002,2025-10-31,2,13
rest-002,2025-10-31,3,26
rest-002,2025-10-31,4,24
rest-002,2025-10-31,5,15
rest-002,2025-10-31,6,5
rest-002,2025-10-31,7,5
rest-002,2025-10-31,8,11
rest-002,2025-11-01,1,43
rest-002,2025-11-01,2,13
rest-002,2025-11-01,3,10
rest-002,2025-11-01,4,21
rest-002,2025-11-01,5,12
rest-002,2025-11-01,6,9
rest-002,2025-11-01,7,6
rest-002,2025-11-01,8,17
rest-002,2025-11-02,1,50
rest-002,2025-11-02,2,21
rest-002,2025-11-02,3,39
rest-002,2025-11-02,4,26
rest-002,2025-11-02,5,14
rest-002,2025-11-02,6,5
rest-002,2025-11-02,7,7
rest-002,2025-11-02,8,17
rest-002,2025-11-03,1,33
rest-002,2025-11-03,2,13
rest-002,2025-11-03,3,20
rest-002,2025-11-03,4,23
rest-002,2025-11-03,5,13
rest-002,2025-11-03,6,9
rest-002,2025-11-03,7,8
rest-002,2025-11-03,8,5
rest-002,2025-11-04,1,38
rest-002,2025-11-04,2,17
rest-002,2025-11-04,3,16
rest-002,2025-11-04,4,28
rest-002,2025-11-04,5,13
rest-002,2025-11-04,6,2
rest-002,2025-11-04,7,9
rest-002,2025-11-04,8,8
rest-002,2025-11-05,1,41
rest-002,2025-11-05,2,20
rest-002,2025-11-05,3,14
rest-002,2025-11-05,4,21
rest-002,2025-11-05,5,6
rest-002,2025-11-05,6,7
rest-002,2025-11-05,7,6
rest-002,2025-11-05,8,7
rest-002,2025-11-06,1,40
rest-002,2025-11-06,2,11
rest-002,2025-11-06,3,31
rest-002,2025-11-06,4,17
rest-002,2025-11-06,5,7
rest-002,2025-11-06,6,12
rest-002,2025-11-06,7,6
rest-002,2025-11-06,8,16
rest-002,2025-11-07,1,51
rest-002,2025-11-07,2,20
rest-002,2025-11-07,3,38
rest-002,2025-11-07,4,17
rest-002,2025-11-07,5,9
rest-002,2025-11-07,6,7
rest-002,2025-11-07,7,4
rest-002,2025-11-07,8,10
rest-002,2025-11-08,1,29
rest-002,2025-11-08,2,15
rest-002,2025-11-08,3,20
rest-002,2025-11-08,4,17
rest-002,2025-11-08,5,19
rest-002,2025-11-08,6,2
rest-002,2025-11-08,7,13
rest-002,2025-11-08,8,18
rest-002,2025-11-09,1,55
rest-002,2025-11-09,2,18
rest-002,2025-11-09,3,20
rest-002,2025-11-09,4,14
rest-002,2025-11-09,5,15
rest-002,2025-11-09,6,8
rest-002,2025-11-09,7,9
rest-002,2025-11-09,8,4
rest-002,2025-11-10,1,19
rest-002,2025-11-10,2,23
rest-002,2025-11-10,3,16
rest-002,2025-11-10,4,12
rest-002,2025-11-10,5,10
rest-002,2025-11-10,6,3
rest-002,2025-11-10,7,5
rest-002,2025-11-10,8,15
rest-002,2025-11-11,1,22
rest-002,2025-11-11,2,29
rest-002,2025-11-11,3,24
rest-002,2025-11-11,4,6
rest-002,2025-11-11,5,4
rest-002,2025-11-11,6,2
rest-002,2025-11-11,7,3
rest-002,2025-11-11,8,10
rest-002,2025-11-12,1,50
rest-002,2025-11-12,2,16
rest-002,2025-11-12,3,41
rest-002,2025-11-12,4,11
rest-002,2025-11-12,5,8
rest-002,2025-11-12,6,5
rest-002,2025-11-12,7,4
rest-002,2025-11-12,8,3
rest-002,2025-11-13,1,24
rest-002,2025-11-13,2,18
rest-002,2025-11-13,3,18
rest-002,2025-11-13,4,6
rest-002,2025-11-13,5,9
rest-002,2025-11-13,6,8
rest-002,2025-11-13,7,1
rest-002,2025-11-13,8,18
rest-002,2025-11-14,1,34
rest-002,2025-11-14,2,15
rest-002,2025-11-14,3,33
rest-002,2025-11-14,4,8
rest-002,2025-11-14,5,14
rest-002,2025-11-14,6,4
rest-002,2025-11-14,7,2
rest-002,2025-11-14,8,3
rest-002,2025-11-15,1,46
rest-002,2025-11-15,2,22
rest-002,2025-11-15,3,32
rest-002,2025-11-15,4,15
rest-002,2025-11-15,5,14
rest-002,2025-11-15,7,4
rest-002,2025-11-15,8,9
rest-002,2025-11-16,1,32
rest-002,2025-11-16,2,17
rest-002,2025-11-16,3,26
rest-002,2025-11-16,4,8
rest-002,2025-11-16,5,6
rest-002,2025-11-16,6,6
rest-002,2025-11-16,7,7
rest-002,2025-11-16,8,17
rest-002,2025-11-17,1,33
rest-002,2025-11-17,2,11
rest-002,2025-11-17,3,12
rest-002,2025-11-17,4,11
rest-002,2025-11-17,5,12
rest-002,2025-11-17,6,5
rest-002,2025-11-17,7,2
rest-002,2025-11-17,8,5
rest-002,2025-11-18,1,25
rest-002,2025-11-18,2,15
rest-002,2025-11-18,3,10
rest-002,2025-11-18,4,13
rest-002,2025-11-18,5,8
rest-002,2025-11-18,6,9
rest-002,2025-11-18,7,10
rest-002,2025-11-18,8,5
rest-002,2025-11-19,1,33
rest-002,2025-11-19,2,15
rest-002,2025-11-19,3,13
rest-002,2025-11-19,4,13
rest-002,2025-11-19,5,1
rest-002,2025-11-19,6,3
rest-002,2025-11-19,7,7
rest-002,2025-11-19,8,7
rest-002,2025-11-20,1,34
rest-002,2025-11-20,2,10
rest-002,2025-11-20,3,14
rest-002,2025-11-20,4,11
rest-002,2025-11-20,5,5
rest-002,2025-11-20,6,3
rest-002,2025-11-20,7,3
rest-002,2025-11-20,8,8
rest-002,2025-11-21,1,21
rest-002,2025-11-21,2,8
rest-002,2025-11-21,3,25
rest-002,2025-11-21,4,19
rest-002,2025-11-21,5,4
rest-002,2025-11-21,6,7
rest-002,2025-11-21,7,4
rest-002,2025-11-21,8,9
rest-002,2025-11-22,1,39
rest-002,2025-11-22,2,16
rest-002,2025-11-22,3,18
rest-002,2025-11-22,4,17
rest-002,2025-11-22,5,4
rest-002,2025-11-22,6,2
rest-002,2025-11-22,7,6
rest-002,2025-11-22,8,7
rest-002,2025-11-23,1,19
rest-002,2025-11-23,2,22
rest-002,2025-11-23,3,32
rest-002,2025-11-23,4,12
rest-002,2025-11-23,5,4
rest-002,2025-11-23,6,8
rest-002,2025-11-23,7,2
rest-002,2025-11-23,8,10
rest-002,2025-11-24,1,38
rest-002,2025-11-24,2,15
rest-002,2025-11-24,3,10
rest-002,2025-11-24,4,20
rest-002,2025-11-24,5,6
rest-002,2025-11-24,6,7
rest-002,2025-11-24,7,5
rest-002,2025-11-24,8,12
rest-002,2025-11-25,1,37
rest-002,2025-11-25,2,9
rest-002,2025-11-25,3,23
rest-002,2025-11-25,4,6
rest-002,2025-11-25,5,6
rest-002,2025-11-25,6,9
rest-002,2025-11-25,7,9
rest-002,2025-11-25,8,4
rest-002,2025-11-26,1,15
rest-002,2025-11-26,2,6
rest-002,2025-11-26,3,23
rest-002,2025-11-26,4,22
rest-002,2025-11-26,5,5
rest-002,2025-11-26,6,5
rest-002,2025-11-26,7,8
rest-002,2025-11-26,8,9
rest-002,2025-11-27,1,38
rest-002,2025-11-27,2,23
rest-002,2025-11-27,3,16
rest-002,2025-11-27,4,19
rest-002,2025-11-27,5,6
rest-002,2025-11-27,6,6
rest-002,2025-11-27,7,11
rest-002,2025-11-27,8,10
rest-003,2025-06-01,1,28
rest-003,2025-06-01,2,33
rest-003,2025-06-01,3,21
rest-003,2025-06-01,4,20
rest-003,2025-06-01,5,19
rest-003,2025-06-01,6,6
rest-003,2025-06-01,7,7
rest-003,2025-06-01,8,8
rest-003,2025-06-02,1,30
rest-003,2025-06-02,2,60
rest-003,2025-06-02,3,37
rest-003,2025-06-02,4,6
rest-003,2025-06-02,5,3
rest-003,2025-06-02,6,3
rest-003,2025-06-02,7,8
rest-003,2025-06-02,8,10
rest-003,2025-06-03,1,23
rest-003,2025-06-03,2,58
rest-003,2025-06-03,3,14
rest-003,2025-06-03,4,21
rest-003,2025-06-03,5,8
rest-003,2025-06-03,6,6
rest-003,2025-06-03,7,6
rest-003,2025-06-03,8,12
rest-003,2025-06-04,1,18
rest-003,2025-06-04,2,41
rest-003,2025-06-04,3,29
rest-003,2025-06-04,4,11
rest-003,2025-06-04,5,14
rest-003,2025-06-04,6,1
rest-003,2025-06-04,7,10
rest-003,2025-06-04,8,11
rest-003,2025-06-05,1,29
rest-003,2025-06-05,2,47
rest-003,2025-06-05,3,17
rest-003,2025-06-05,4,27
rest-003,2025-06-05,5,10
rest-003,2025-06-05,6,9
rest-003,2025-06-05,7,8
rest-003,2025-06-05,8,10
rest-003,2025-06-06,1,20
rest-003,2025-06-06,2,29
rest-003,2025-06-06,3,26
rest-003,2025-06-06,4,19
rest-003,2025-06-06,5,5
rest-003,2025-06-06,6,12
rest-003,2025-06-06,7,8
rest-003,2025-06-06,8,5
rest-003,2025-06-07,1,54
rest-003,2025-06-07,2,69
rest-003,2025-06-07,3,47
rest-003,2025-06-07,4,19
rest-003,2025-06-07,5,7
rest-003,2025-06-07,6,12
rest-003,2025-06-07,7,6
rest-003,2025-06-07,8,10
rest-003,2025-06-08,1,42
rest-003,2025-06-08,2,71
rest-003,2025-06-08,3,26
rest-003,2025-06-08,4,20
rest-003,2025-06-08,5,20
rest-003,2025-06-08,6,9
rest-003,2025-06-08,7,4
rest-003,2025-06-08,8,12
rest-003,2025-06-09,1,15
rest-003,2025-06-09,2,33
rest-003,2025-06-09,3,39
rest-003,2025-06-09,4,18
rest-003,2025-06-09,5,11
rest-003,2025-06-09,6,5
rest-003,2025-06-09,7,4
rest-003,2025-06-09,8,12
rest-003,2025-06-10,1,29
rest-003,2025-06-10,2,68
rest-003,2025-06-10,3,32
rest-003,2025-06-10,4,10
rest-003,2025-06-10,5,8
rest-003,2025-06-10,6,1
rest-003,2025-06-10,7,2
rest-003,2025-06-10,8,9
rest-003,2025-06-11,1,33
rest-003,2025-06-11,2,53
rest-003,2025-06-11,3,33
rest-003,2025-06-11,4,24
rest-003,2025-06-11,5,8
rest-003,2025-06-11,6,7
rest-003,2025-06-11,7,18
rest-003,2025-06-11,8,12
rest-003,2025-06-12,1,49
rest-003,2025-06-12,2,57
rest-003,2025-06-12,3,34
rest-003,2025-06-12,4,15
rest-003,2025-06-12,5,8
rest-003,2025-06-12,6,8
rest-003,2025-06-12,7,4
rest-003,2025-06-12,8,16
rest-003,2025-06-13,1,29
rest-003,2025-06-13,2,65
rest-003,2025-06-13,3,15
rest-003,2025-06-13,4,25
rest-003,2025-06-13,5,7
rest-003,2025-06-13,6,11
rest-003,2025-06-13,7,3
rest-003,2025-06-13,8,9
rest-003,2025-06-14,1,34
rest-003,2025-06-14,2,37
rest-003,2025-06-14,3,22
rest-003,2025-06-14,4,7
rest-003,2025-06-14,5,11
rest-003,2025-06-14,6,6
rest-003,2025-06-14,7,1
rest-003,2025-06-14,8,5
rest-003,2025-06-15,1,50
rest-003,2025-06-15,2,66
rest-003,2025-06-15,3,34
rest-003,2025-06-15,4,24
rest-003,2025-06-15,5,11
rest-003,2025-06-15,6,4
rest-003,2025-06-15,7,3
rest-003,2025-06-15,8,8
rest-003,2025-06-16,1,42
rest-003,2025-06-16,2,46
rest-003,2025-06-16,3,30
rest-003,2025-06-16,4,14
rest-003,2025-06-16,5,6
rest-003,2025-06-16,6,7
rest-003,2025-06-16,7,3
rest-003,2025-06-16,8,6
rest-003,2025-06-17,1,34
rest-003,2025-06-17,2,19
rest-003,2025-06-17,3,20
rest-003,2025-06-17,4,15
rest-003,2025-06-17,5,8
rest-003,2025-06-17,6,8
rest-003,2025-06-17,7,11
rest-003,2025-06-17,8,6
rest-003,2025-06-18,1,37
rest-003,2025-06-18,2,45
rest-003,2025-06-18,3,18
rest-003,2025-06-18,4,7
rest-003,2025-06-18,5,6
rest-003,2025-06-18,6,6
rest-003,2025-06-18,7,5
rest-003,2025-06-18,8,6
rest-003,2025-06-19,1,20
rest-003,2025-06-19,2,23
rest-003,2025-06-19,3,8
rest-003,2025-06-19,4,17
rest-003,2025-06-19,5,7
rest-003,2025-06-19,6,8
rest-003,2025-06-19,7,4
rest-003,2025-06-19,8,8
rest-003,2025-06-20,1,23
rest-003,2025-06-20,2,19
rest-003,2025-06-20,3,17
rest-003,2025-06-20,4,21
rest-003,2025-06-20,5,4
rest-003,2025-06-20,6,4
rest-003,2025-06-20,7,4
rest-003,2025-06-20,8,10
rest-003,2025-06-21,1,26
rest-003,2025-06-21,2,40
rest-003,2025-06-21,3,26
rest-003,2025-06-21,4,11
rest-003,2025-06-21,5,7
rest-003,2025-06-21,6,4
rest-003,2025-06-21,8,19
rest-003,2025-06-22,1,36
rest-003,2025-06-22,2,34
rest-003,2025-06-22,3,20
rest-003,2025-06-22,4,13
rest-003,2025-06-22,5,8
rest-003,2025-06-22,6,5
rest-003,2025-06-22,7,3
rest-003,2025-06-22,8,15
rest-003,2025-06-23,1,25
rest-003,2025-06-23,2,27
rest-003,2025-06-23,3,14
rest-003,2025-06-23,4,16
rest-003,2025-06-23,5,6
rest-003,2025-06-23,6,4
rest-003,2025-06-23,7,2
rest-003,2025-06-23,8,12
rest-003,2025-06-24,1,37
rest-003,2025-06-24,2,25
rest-003,2025-06-24,3,13
rest-003,2025-06-24,4,15
rest-003,2025-06-24,5,7
rest-003,2025-06-24,6,6
rest-003,2025-06-24,7,5
rest-003,2025-06-24,8,8
rest-003,2025-06-25,1,25
rest-003,2025-06-25,2,26
rest-003,2025-06-25,3,19
rest-003,2025-06-25,4,15
rest-003,2025-06-25,5,11
rest-003,2025-06-25,6,10
rest-003,2025-06-25,7,8
rest-003,2025-06-25,8,7
rest-003,2025-06-26,1,38
rest-003,2025-06-26,2,34
rest-003,2025-06-26,3,17
rest-003,2025-06-26,4,22
rest-003,2025-06-26,5,9
rest-003,2025-06-26,6,11
rest-003,2025-06-26,7,5
rest-003,2025-06-26,8,8
rest-003,2025-06-27,1,38
rest-003,2025-06-27,2,25
rest-003,2025-06-27,3,33
rest-003,2025-06-27,4,15
rest-003,2025-06-27,5,7
rest-003,2025-06-27,6,3
rest-003,2025-06-27,7,8
rest-003,2025-06-27,8,15
rest-003,2025-06-28,1,27
rest-003,2025-06-28,2,64
rest-003,2025-06-28,3,20
rest-003,2025-06-28,4,22
rest-003,2025-06-28,5,10
rest-003,2025-06-28,6,12
rest-003,2025-06-28,7,5
rest-003,2025-06-28,8,7
rest-003,2025-06-29,1,39
rest-003,2025-06-29,2,29
rest-003,2025-06-29,3,29
rest-003,2025-06-29,4,15
rest-003,2025-06-29,5,8
rest-003,2025-06-29,6,14
rest-003,2025-06-29,7,8
rest-003,2025-06-29,8,13
rest-003,2025-06-30,1,29
rest-003,2025-06-30,2,31
rest-003,2025-06-30,3,21
rest-003,2025-06-30,4,9
rest-003,2025-06-30,5,12
rest-003,2025-06-30,6,3
rest-003,2025-06-30,7,4
rest-003,2025-06-30,8,19
rest-003,2025-07-01,1,39
rest-003,2025-07-01,2,20
rest-003,2025-07-01,3,19
rest-003,2025-07-01,4,16
rest-003,2025-07-01,5,8
rest-003,2025-07-01,6,6
rest-003,2025-07-01,7,6
rest-003,2025-07-01,8,6
rest-003,2025-07-02,1,38
rest-003,2025-07-02,2,27
rest-003,2025-07-02,3,20
rest-003,2025-07-02,4,11
rest-003,2025-07-02,5,7
rest-003,2025-07-02,6,6
rest-003,2025-07-02,7,2
rest-003,2025-07-02,8,14
rest-003,2025-07-03,1,31
rest-003,2025-07-03,2,31
rest-003,2025-07-03,3,31
rest-003,2025-07-03,4,21
rest-003,2025-07-03,5,11
rest-003,2025-07-03,6,3
rest-003,2025-07-03,7,5
rest-003,2025-07-03,8,6
rest-003,2025-07-04,1,25
rest-003,2025-07-04,2,52
rest-003,2025-07-04,3,35
rest-003,2025-07-04,4,7
rest-003,2025-07-04,5,5
rest-003,2025-07-04,6,5
rest-003,2025-07-04,7,10
rest-003,2025-07-04,8,11
rest-003,2025-07-05,1,40
rest-003,2025-07-05,2,44
rest-003,2025-07-05,3,29
rest-003,2025-07-05,4,26
rest-003,2025-07-05,5,6
rest-003,2025-07-05,6,5
rest-003,2025-07-05,7,9
rest-003,2025-07-05,8,21
rest-003,2025-07-06,1,49
rest-003,2025-07-06,2,62
rest-003,2025-07-06,3,38
rest-003,2025-07-06,4,23
rest-003,2025-07-06,5,10
rest-003,2025-07-06,6,8
rest-003,2025-07-06,7,12
rest-003,2025-07-06,8,10
rest-003,2025-07-07,1,48
rest-003,2025-07-07,2,60
rest-003,2025-07-07,3,17
rest-003,2025-07-07,4,16
rest-003,2025-07-07,5,14
rest-003,2025-07-07,6,9
rest-003,2025-07-07,7,4
rest-003,2025-07-07,8,4
rest-003,2025-07-08,1,43
rest-003,2025-07-08,2,43
rest-003,2025-07-08,3,22
rest-003,2025-07-08,4,30
rest-003,2025-07-08,5,9
rest-003,2025-07-08,6,7
rest-003,2025-07-08,7,3
rest-003,2025-07-08,8,3
rest-003,2025-07-09,1,38
rest-003,2025-07-09,2,49
rest-003,2025-07-09,3,16
rest-003,2025-07-09,4,25
rest-003,2025-07-09,5,13
rest-003,2025-07-09,6,10
rest-003,2025-07-09,7,5
rest-003,2025-07-09,8,9
rest-003,2025-07-10,1,40
rest-003,2025-07-10,2,60
rest-003,2025-07-10,3,17
rest-003,2025-07-10,4,12
rest-003,2025-07-10,5,8
rest-003,2025-07-10,6,4
rest-003,2025-07-10,7,10
rest-003,2025-07-10,8,10
rest-003,2025-07-11,1,42
rest-003,2025-07-11,2,66
rest-003,2025-07-11,3,21
rest-003,2025-07-11,4,24
rest-003,2025-07-11,5,2
rest-003,2025-07-11,6,7
rest-003,2025-07-11,7,10
rest-003,2025-07-11,8,10
rest-003,2025-07-12,1,64
rest-003,2025-07-12,2,67
rest-003,2025-07-12,3,32
rest-003,2025-07-12,4,15
rest-003,2025-07-12,5,6
rest-003,2025-07-12,6,9
rest-003,2025-07-12,7,5
rest-003,2025-07-12,8,14
rest-003,2025-07-13,1,35
rest-003,2025-07-13,2,40
rest-003,2025-07-13,3,22
rest-003,2025-07-13,4,24
rest-003,2025-07-13,5,7
rest-003,2025-07-13,6,8
rest-003,2025-07-13,7,4
rest-003,2025-07-13,8,18
rest-003,2025-07-14,1,27
rest-003,2025-07-14,2,29
rest-003,2025-07-14,3,20
rest-003,2025-07-14,4,24
rest-003,2025-07-14,5,9
rest-003,2025-07-14,6,4
rest-003,2025-07-14,7,4
rest-003,2025-07-14,8,10
rest-003,2025-07-15,1,20
rest-003,2025-07-15,2,39
rest-003,2025-07-15,3,13
rest-003,2025-07-15,4,24
rest-003,2025-07-15,5,11
rest-003,2025-07-15,6,7
rest-003,2025-07-15,7,5
rest-003,2025-07-15,8,14
rest-003,2025-07-16,1,45
rest-003,2025-07-16,2,24
rest-003,2025-07-16,3,16
rest-003,2025-07-16,4,17
rest-003,2025-07-16,5,11
rest-003,2025-07-16,6,6
rest-003,2025-07-16,7,7
rest-003,2025-07-16,8,11
rest-003,2025-07-17,1,26
rest-003,2025-07-17,2,35
rest-003,2025-07-17,3,26
rest-003,2025-07-17,4,14
rest-003,2025-07-17,5,9
rest-003,2025-07-17,6,4
rest-003,2025-07-17,7,2
rest-003,2025-07-17,8,9
rest-003,2025-07-18,1,23
rest-003,2025-07-18,2,44
rest-003,2025-07-18,3,20
rest-003,2025-07-18,4,6
rest-003,2025-07-18,5,7
rest-003,2025-07-18,6,3
rest-003,2025-07-18,7,3
rest-003,2025-07-18,8,14
rest-003,2025-07-19,1,42
rest-003,2025-07-19,2,56
rest-003,2025-07-19,3,21
rest-003,2025-07-19,4,19
rest-003,2025-07-19,5,5
rest-003,2025-07-19,6,12
rest-003,2025-07-19,7,4
rest-003,2025-07-19,8,8
rest-003,2025-07-20,1,21
rest-003,2025-07-20,2,43
rest-003,2025-07-20,3,24
rest-003,2025-07-20,4,17
rest-003,2025-07-20,5,7
rest-003,2025-07-20,6,11
rest-003,2025-07-20,7,6
rest-003,2025-07-20,8,5
rest-003,2025-07-21,1,25
rest-003,2025-07-21,2,41
rest-003,2025-07-21,3,19
rest-003,2025-07-21,4,10
rest-003,2025-07-21,5,6
rest-003,2025-07-21,6,7
rest-003,2025-07-21,7,2
rest-003,2025-07-21,8,7
rest-003,2025-07-22,1,19
rest-003,2025-07-22,2,49
rest-003,2025-07-22,3,20
rest-003,2025-07-22,4,16
rest-003,2025-07-22,5,4
rest-003,2025-07-22,6,11
rest-003,2025-07-22,7,2
rest-003,2025-07-22,8,10
rest-003,2025-07-23,1,31
rest-003,2025-07-23,2,30
rest-003,2025-07-23,3,13
rest-003,2025-07-23,4,17
rest-003,2025-07-23,5,7
rest-003,2025-07-23,6,1
rest-003,2025-07-23,7,3
rest-003,2025-07-23,8,11
rest-003,2025-07-24,1,31
rest-003,2025-07-24,2,36
rest-003,2025-07-24,3,14
rest-003,2025-07-24,4,10
rest-003,2025-07-24,5,8
rest-003,2025-07-24,6,8
rest-003,2025-07-24,7,4
rest-003,2025-07-24,8,5
rest-003,2025-07-25,1,32
rest-003,2025-07-25,2,11
rest-003,2025-07-25,3,15
rest-003,2025-07-25,4,12
rest-003,2025-07-25,5,3
rest-003,2025-07-25,6,4
rest-003,2025-07-25,7,3
rest-003,2025-07-25,8,14
rest-003,2025-07-26,1,15
rest-003,2025-07-26,2,50
rest-003,2025-07-26,3,31
rest-003,2025-07-26,4,11
rest-003,2025-07-26,5,10
rest-003,2025-07-26,6,4
rest-003,2025-07-26,7,5
rest-003,2025-07-26,8,12
rest-003,2025-07-27,1,13
rest-003,2025-07-27,2,22
rest-003,2025-07-27,3,17
rest-003,2025-07-27,4,28
rest-003,2025-07-27,5,6
rest-003,2025-07-27,6,9
rest-003,2025-07-27,7,3
rest-003,2025-07-27,8,8
rest-003,2025-07-28,1,27
rest-003,2025-07-28,2,34
rest-003,2025-07-28,3,17
rest-003,2025-07-28,4,11
rest-003,2025-07-28,5,7
rest-003,2025-07-28,6,3
rest-003,2025-07-28,7,5
rest-003,2025-07-28,8,12
rest-003,2025-07-29,1,25
rest-003,2025-07-29,2,48
rest-003,2025-07-29,3,32
rest-003,2025-07-29,4,8
rest-003,2025-07-29,5,13
rest-003,2025-07-29,6,6
rest-003,2025-07-29,7,4
rest-003,2025-07-29,8,13
rest-003,2025-07-30,1,36
rest-003,2025-07-30,2,37
rest-003,2025-07-30,3,24
rest-003,2025-07-30,4,15
rest-003,2025-07-30,5,8
rest-003,2025-07-30,6,9
rest-003,2025-07-30,7,6
rest-003,2025-07-30,8,6
rest-003,2025-07-31,1,40
rest-003,2025-07-31,2,40
rest-003,2025-07-31,3,16
rest-003,2025-07-31,4,16
rest-003,2025-07-31,5,10
rest-003,2025-07-31,6,3
rest-003,2025-07-31,7,8
rest-003,2025-07-31,8,13
rest-003,2025-08-01,1,29
rest-003,2025-08-01,2,28
rest-003,2025-08-01,3,29
rest-003,2025-08-01,4,12
rest-003,2025-08-01,5,5
rest-003,2025-08-01,6,4
rest-003,2025-08-01,7,4
rest-003,2025-08-01,8,9
rest-003,2025-08-02,1,40
rest-003,2025-08-02,2,54
rest-003,2025-08-02,3,31
rest-003,2025-08-02,4,11
rest-003,2025-08-02,5,13
rest-003,2025-08-02,6,14
rest-003,2025-08-02,7,3
rest-003,2025-08-02,8,9
rest-003,2025-08-03,1,39
rest-003,2025-08-03,2,43
rest-003,2025-08-03,3,33
rest-003,2025-08-03,4,11
rest-003,2025-08-03,5,12
rest-003,2025-08-03,6,6
rest-003,2025-08-03,7,2
rest-003,2025-08-03,8,9
rest-003,2025-08-04,1,30
rest-003,2025-08-04,2,32
rest-003,2025-08-04,3,19
rest-003,2025-08-04,4,14
rest-003,2025-08-04,5,10
rest-003,2025-08-04,6,2
rest-003,2025-08-04,7,4
rest-003,2025-08-04,8,13
rest-003,2025-08-05,1,21
rest-003,2025-08-05,2,24
rest-003,2025-08-05,3,25
rest-003,2025-08-05,4,17
rest-003,2025-08-05,5,15
rest-003,2025-08-05,6,18
rest-003,2025-08-05,7,4
rest-003,2025-08-05,8,13
rest-003,2025-08-06,1,64
rest-003,2025-08-06,2,64
rest-003,2025-08-06,3,18
rest-003,2025-08-06,4,14
rest-003,2025-08-06,5,7
rest-003,2025-08-06,6,5
rest-003,2025-08-06,7,6
rest-003,2025-08-06,8,7
rest-003,2025-08-07,1,34
rest-003,2025-08-07,2,42
rest-003,2025-08-07,3,39
rest-003,2025-08-07,4,16
rest-003,2025-08-07,5,5
rest-003,2025-08-07,6,5
rest-003,2025-08-07,7,8
rest-003,2025-08-07,8,10
rest-003,2025-08-08,1,22
rest-003,2025-08-08,2,64
rest-003,2025-08-08,3,21
rest-003,2025-08-08,4,24
rest-003,2025-08-08,5,3
rest-003,2025-08-08,6,8
rest-003,2025-08-08,7,7
rest-003,2025-08-08,8,17
rest-003,2025-08-09,1,45
rest-003,2025-08-09,2,36
rest-003,2025-08-09,3,28
rest-003,2025-08-09,4,19
rest-003,2025-08-09,5,9
rest-003,2025-08-09,6,8
rest-003,2025-08-09,7,10
rest-003,2025-08-09,8,13
rest-003,2025-08-10,1,33
rest-003,2025-08-10,2,51
rest-003,2025-08-10,3,46
rest-003,2025-08-10,4,13
rest-003,2025-08-10,5,9
rest-003,2025-08-10,6,14
rest-003,2025-08-10,7,5
rest-003,2025-08-10,8,17
rest-003,2025-08-11,1,34
rest-003,2025-08-11,2,40
rest-003,2025-08-11,3,35
rest-003,2025-08-11,4,12
rest-003,2025-08-11,5,14
rest-003,2025-08-11,6,8
rest-003,2025-08-11,7,3
rest-003,2025-08-11,8,14
rest-003,2025-08-12,1,36
rest-003,2025-08-12,2,54
rest-003,2025-08-12,3,22
rest-003,2025-08-12,4,20
rest-003,2025-08-12,5,12
rest-003,2025-08-12,6,8
rest-003,2025-08-12,7,4
rest-003,2025-08-12,8,13
rest-003,2025-08-13,1,50
rest-003,2025-08-13,2,35
rest-003,2025-08-13,3,35
rest-003,2025-08-13,4,3
rest-003,2025-08-13,5,8
rest-003,2025-08-13,6,7
rest-003,2025-08-13,7,3
rest-003,2025-08-13,8,8
rest-003,2025-08-14,1,39
rest-003,2025-08-14,2,51
rest-003,2025-08-14,3,32
rest-003,2025-08-14,4,27
rest-003,2025-08-14,5,7
rest-003,2025-08-14,6,12
rest-003,2025-08-14,7,5
rest-003,2025-08-14,8,8
rest-003,2025-08-15,1,31
rest-003,2025-08-15,2,40
rest-003,2025-08-15,3,19
rest-003,2025-08-15,4,17
rest-003,2025-08-15,5,8
rest-003,2025-08-15,6,4
rest-003,2025-08-15,7,8
rest-003,2025-08-15,8,13
rest-003,2025-08-16,1,40
rest-003,2025-08-16,2,64
rest-003,2025-08-16,3,43
rest-003,2025-08-16,4,16
rest-003,2025-08-16,5,9
rest-003,2025-08-16,7,9
rest-003,2025-08-16,8,8
rest-003,2025-08-17,1,43
rest-003,2025-08-17,2,33
rest-003,2025-08-17,3,30
rest-003,2025-08-17,4,14
rest-003,2025-08-17,5,17
rest-003,2025-08-17,6,2
rest-003,2025-08-17,7,4
rest-003,2025-08-17,8,17
rest-003,2025-08-18,1,18
rest-003,2025-08-18,2,36
rest-003,2025-08-18,3,17
rest-003,2025-08-18,4,14
rest-003,2025-08-18,5,9
rest-003,2025-08-18,6,7
rest-003,2025-08-18,7,2
rest-003,2025-08-18,8,5
rest-003,2025-08-19,1,29
rest-003,2025-08-19,2,50
rest-003,2025-08-19,3,13
rest-003,2025-08-19,4,15
rest-003,2025-08-19,5,9
rest-003,2025-08-19,6,2
rest-003,2025-08-19,7,2
rest-003,2025-08-19,8,9
rest-003,2025-08-20,1,34
rest-003,2025-08-20,2,26
rest-003,2025-08-20,3,18
rest-003,2025-08-20,4,13
rest-003,2025-08-20,5,5
rest-003,2025-08-20,6,6
rest-003,2025-08-20,7,6
rest-003,2025-08-20,8,3
rest-003,2025-08-21,1,21
rest-003,2025-08-21,2,34
rest-003,2025-08-21,3,19
rest-003,2025-08-21,4,14
rest-003,2025-08-21,5,7
rest-003,2025-08-21,6,4
rest-003,2025-08-21,7,3
rest-003,2025-08-21,8,5
rest-003,2025-08-22,1,32
rest-003,2025-08-22,2,25
rest-003,2025-08-22,3,24
rest-003,2025-08-22,4,18
rest-003,2025-08-22,5,11
rest-003,2025-08-22,7,5
rest-003,2025-08-22,8,8
rest-003,2025-08-23,1,19
rest-003,2025-08-23,2,25
rest-003,2025-08-23,3,13
rest-003,2025-08-23,4,24
rest-003,2025-08-23,5,11
rest-003,2025-08-23,6,4
rest-003,2025-08-23,7,8
rest-003,2025-08-23,8,8
rest-003,2025-08-24,1,44
rest-003,2025-08-24,2,27
rest-003,2025-08-24,3,31
rest-003,2025-08-24,4,17
rest-003,2025-08-24,5,10
rest-003,2025-08-24,6,9
rest-003,2025-08-24,7,3
rest-003,2025-08-24,8,9
rest-003,2025-08-25,1,28
rest-003,2025-08-25,2,32
rest-003,2025-08-25,3,20
rest-003,2025-08-25,4,13
rest-003,2025-08-25,5,13
rest-003,2025-08-25,6,5
rest-003,2025-08-25,7,4
rest-003,2025-08-25,8,12
rest-003,2025-08-26,1,25
rest-003,2025-08-26,2,27
rest-003,2025-08-26,3,28
rest-003,2025-08-26,4,11
rest-003,2025-08-26,5,7
rest-003,2025-08-26,6,3
rest-003,2025-08-26,7,11
rest-003,2025-08-26,8,11
rest-003,2025-08-27,1,29
rest-003,2025-08-27,2,51
rest-003,2025-08-27,3,12
rest-003,2025-08-27,4,12
rest-003,2025-08-27,5,10
rest-003,2025-08-27,6,4
rest-003,2025-08-27,7,4
rest-003,2025-08-27,8,6
rest-003,2025-08-28,1,38
rest-003,2025-08-28,2,40
rest-003,2025-08-28,3,44
rest-003,2025-08-28,4,16
rest-003,2025-08-28,5,8
rest-003,2025-08-28,6,9
rest-003,2025-08-28,7,1
rest-003,2025-08-28,8,4
rest-003,2025-08-29,1,25
rest-003,2025-08-29,2,57
rest-003,2025-08-29,3,25
rest-003,2025-08-29,4,11
rest-003,2025-08-29,5,12
rest-003,2025-08-29,6,7
rest-003,2025-08-29,7,1
rest-003,2025-08-29,8,18
rest-003,2025-08-30,1,40
rest-003,2025-08-30,2,39
rest-003,2025-08-30,3,31
rest-003,2025-08-30,4,5
rest-003,2025-08-30,5,9
rest-003,2025-08-30,6,6
rest-003,2025-08-30,7,8
rest-003,2025-08-30,8,17
rest-003,2025-08-31,1,48
rest-003,2025-08-31,2,24
rest-003,2025-08-31,3,35
rest-003,2025-08-31,4,18
rest-003,2025-08-31,5,8
rest-003,2025-08-31,6,10
rest-003,2025-08-31,7,5
rest-003,2025-08-31,8,12
rest-003,2025-09-01,1,36
rest-003,2025-09-01,2,32
rest-003,2025-09-01,3,32
rest-003,2025-09-01,4,19
rest-003,2025-09-01,5,8
rest-003,2025-09-01,6,5
rest-003,2025-09-01,7,10
rest-003,2025-09-01,8,14
rest-003,2025-09-02,1,20
rest-003,2025-09-02,2,33
rest-003,2025-09-02,3,29
rest-003,2025-09-02,4,16
rest-003,2025-09-02,5,13
rest-003,2025-09-02,6,6
rest-003,2025-09-02,7,5
rest-003,2025-09-02,8,11
rest-003,2025-09-03,1,46
rest-003,2025-09-03,2,56
rest-003,2025-09-03,3,19
rest-003,2025-09-03,4,18
rest-003,2025-09-03,5,4
rest-003,2025-09-03,6,9
rest-003,2025-09-03,7,6
rest-003,2025-09-03,8,10
rest-003,2025-09-04,1,41
rest-003,2025-09-04,2,59
rest-003,2025-09-04,3,39
rest-003,2025-09-04,4,19
rest-003,2025-09-04,5,7
rest-003,2025-09-04,6,8
rest-003,2025-09-04,7,7
rest-003,2025-09-04,8,8
rest-003,2025-09-05,1,40
rest-003,2025-09-05,2,53
rest-003,2025-09-05,3,22
rest-003,2025-09-05,4,23
rest-003,2025-09-05,5,15
rest-003,2025-09-05,6,9
rest-003,2025-09-05,7,6
rest-003,2025-09-05,8,6
rest-003,2025-09-06,1,27
rest-003,2025-09-06,2,63
rest-003,2025-09-06,3,30
rest-003,2025-09-06,4,26
rest-003,2025-09-06,5,12
rest-003,2025-09-06,6,11
rest-003,2025-09-06,7,10
rest-003,2025-09-06,8,12
rest-003,2025-09-07,1,42
rest-003,2025-09-07,2,60
rest-003,2025-09-07,3,32
rest-003,2025-09-07,4,36
rest-003,2025-09-07,5,17
rest-003,2025-09-07,6,6
rest-003,2025-09-07,7,12
rest-003,2025-09-07,8,16
rest-003,2025-09-08,1,26
rest-003,2025-09-08,2,33
rest-003,2025-09-08,3,19
rest-003,2025-09-08,4,18
rest-003,2025-09-08,5,8
rest-003,2025-09-08,6,5
rest-003,2025-09-08,7,9
rest-003,2025-09-08,8,13
rest-003,2025-09-09,1,32
rest-003,2025-09-09,2,32
rest-003,2025-09-09,3,31
rest-003,2025-09-09,4,11
rest-003,2025-09-09,5,9
rest-003,2025-09-09,6,9
rest-003,2025-09-09,7,5
rest-003,2025-09-09,8,14
rest-003,2025-09-10,1,49
rest-003,2025-09-10,2,45
rest-003,2025-09-10,3,21
rest-003,2025-09-10,4,19
rest-003,2025-09-10,5,10
rest-003,2025-09-10,6,8
rest-003,2025-09-10,7,3
rest-003,2025-09-10,8,11
rest-003,2025-09-11,1,21
rest-003,2025-09-11,2,30
rest-003,2025-09-11,3,28
rest-003,2025-09-11,4,18
rest-003,2025-09-11,5,9
rest-003,2025-09-11,6,4
rest-003,2025-09-11,7,4
rest-003,2025-09-11,8,8
rest-003,2025-09-12,1,24
rest-003,2025-09-12,2,43
rest-003,2025-09-12,3,16
rest-003,2025-09-12,4,14
rest-003,2025-09-12,5,9
rest-003,2025-09-12,6,11
rest-003,2025-09-12,7,5
rest-003,2025-09-12,8,16
rest-003,2025-09-13,1,24
rest-003,2025-09-13,2,48
rest-003,2025-09-13,3,21
rest-003,2025-09-13,4,21
rest-003,2025-09-13,5,8
rest-003,2025-09-13,6,4
rest-003,2025-09-13,7,18
rest-003,2025-09-13,8,14
rest-003,2025-09-14,1,23
rest-003,2025-09-14,2,65
rest-003,2025-09-14,3,39
rest-003,2025-09-14,4,15
rest-003,2025-09-14,5,17
rest-003,2025-09-14,6,3
rest-003,2025-09-14,7,10
rest-003,2025-09-14,8,20
rest-003,2025-09-15,1,27
rest-003,2025-09-15,2,40
rest-003,2025-09-15,3,19
rest-003,2025-09-15,4,10
rest-003,2025-09-15,5,8
rest-003,2025-09-15,6,5
rest-003,2025-09-15,7,5
rest-003,2025-09-15,8,13
rest-003,2025-09-16,1,24
rest-003,2025-09-16,2,41
rest-003,2025-09-16,3,24
rest-003,2025-09-16,4,6
rest-003,2025-09-16,5,3
rest-003,2025-09-16,6,11
rest-003,2025-09-16,7,4
rest-003,2025-09-16,8,16
rest-003,2025-09-17,1,26
rest-003,2025-09-17,2,26
rest-003,2025-09-17,3,27
rest-003,2025-09-17,4,12
rest-003,2025-09-17,5,11
rest-003,2025-09-17,6,7
rest-003,2025-09-17,7,4
rest-003,2025-09-17,8,24
rest-003,2025-09-18,1,37
rest-003,2025-09-18,2,28
rest-003,2025-09-18,3,13
rest-003,2025-09-18,4,9
rest-003,2025-09-18,5,6
rest-003,2025-09-18,6,1
rest-003,2025-09-18,7,8
rest-003,2025-09-18,8,6
rest-003,2025-09-19,1,26
rest-003,2025-09-19,2,34
rest-003,2025-09-19,3,13
rest-003,2025-09-19,4,15
rest-003,2025-09-19,5,4
rest-003,2025-09-19,6,4
rest-003,2025-09-19,7,2
rest-003,2025-09-19,8,12
rest-003,2025-09-20,1,44
rest-003,2025-09-20,2,42
rest-003,2025-09-20,3,25
rest-003,2025-09-20,4,23
rest-003,2025-09-20,5,13
rest-003,2025-09-20,6,6
rest-003,2025-09-20,7,6
rest-003,2025-09-20,8,22
rest-003,2025-09-21,1,27
rest-003,2025-09-21,2,54
rest-003,2025-09-21,3,16
rest-003,2025-09-21,4,9
rest-003,2025-09-21,5,8
rest-003,2025-09-21,6,8
rest-003,2025-09-21,7,4
rest-003,2025-09-21,8,14
rest-003,2025-09-22,1,24
rest-003,2025-09-22,2,41
rest-003,2025-09-22,3,10
rest-003,2025-09-22,4,12
rest-003,2025-09-22,5,6
rest-003,2025-09-22,6,4
rest-003,2025-09-22,7,5
rest-003,2025-09-22,8,4
rest-003,2025-09-23,1,44
rest-003,2025-09-23,2,51
rest-003,2025-09-23,3,17
rest-003,2025-09-23,4,15
rest-003,2025-09-23,5,8
rest-003,2025-09-23,6,7
rest-003,2025-09-23,7,4
rest-003,2025-09-23,8,5
rest-003,2025-09-24,1,29
rest-003,2025-09-24,2,25
rest-003,2025-09-24,3,19
rest-003,2025-09-24,4,15
rest-003,2025-09-24,5,12
rest-003,2025-09-24,6,4
rest-003,2025-09-24,7,4
rest-003,2025-09-24,8,13
rest-003,2025-09-25,1,21
rest-003,2025-09-25,2,36
rest-003,2025-09-25,3,23
rest-003,2025-09-25,4,13
rest-003,2025-09-25,5,6
rest-003,2025-09-25,6,5
rest-003,2025-09-25,7,8
rest-003,2025-09-25,8,4
rest-003,2025-09-26,1,20
rest-003,2025-09-26,2,41
rest-003,2025-09-26,3,30
rest-003,2025-09-26,4,22
rest-003,2025-09-26,5,12
rest-003,2025-09-26,6,5
rest-003,2025-09-26,7,7
rest-003,2025-09-26,8,12
rest-003,2025-09-27,1,29
rest-003,2025-09-27,2,20
rest-003,2025-09-27,3,10
rest-003,2025-09-27,4,18
rest-003,2025-09-27,5,13
rest-003,2025-09-27,6,5
rest-003,2025-09-27,7,3
rest-003,2025-09-27,8,15
rest-003,2025-09-28,1,28
rest-003,2025-09-28,2,56
rest-003,2025-09-28,3,27
rest-003,2025-09-28,4,21
rest-003,2025-09-28,5,10
rest-003,2025-09-28,6,14
rest-003,2025-09-28,7,8
rest-003,2025-09-28,8,9
rest-003,2025-09-29,1,40
rest-003,2025-09-29,2,40
rest-003,2025-09-29,3,13
rest-003,2025-09-29,4,14
rest-003,2025-09-29,5,2
rest-003,2025-09-29,6,4
rest-003,2025-09-29,7,3
rest-003,2025-09-29,8,10
rest-003,2025-09-30,1,37
rest-003,2025-09-30,2,48
rest-003,2025-09-30,3,16
rest-003,2025-09-30,4,17
rest-003,2025-09-30,5,10
rest-003,2025-09-30,6,8
rest-003,2025-09-30,7,5
rest-003,2025-09-30,8,3
rest-003,2025-10-01,1,27
rest-003,2025-10-01,2,34
rest-003,2025-10-01,3,35
rest-003,2025-10-01,4,10
rest-003,2025-10-01,5,14
rest-003,2025-10-01,6,5
rest-003,2025-10-01,7,12
rest-003,2025-10-01,8,11
rest-003,2025-10-02,1,41
rest-003,2025-10-02,2,38
rest-003,2025-10-02,3,26
rest-003,2025-10-02,4,9
rest-003,2025-10-02,5,5
rest-003,2025-10-02,6,2
rest-003,2025-10-02,7,3
rest-003,2025-10-02,8,3
rest-003,2025-10-03,1,27
rest-003,2025-10-03,2,68
rest-003,2025-10-03,3,23
rest-003,2025-10-03,4,20
rest-003,2025-10-03,5,16
rest-003,2025-10-03,6,7
rest-003,2025-10-03,7,5
rest-003,2025-10-03,8,7
rest-003,2025-10-04,1,32
rest-003,2025-10-04,2,74
rest-003,2025-10-04,3,38
rest-003,2025-10-04,4,15
rest-003,2025-10-04,5,8
rest-003,2025-10-04,6,11
rest-003,2025-10-04,7,2
rest-003,2025-10-04,8,13
rest-003,2025-10-05,1,61
rest-003,2025-10-05,2,68
rest-003,2025-10-05,3,41
rest-003,2025-10-05,4,19
rest-003,2025-10-05,5,7
rest-003,2025-10-05,6,7
rest-003,2025-10-05,7,6
rest-003,2025-10-05,8,7
rest-003,2025-10-06,1,39
rest-003,2025-10-06,2,51
rest-003,2025-10-06,3,38
rest-003,2025-10-06,4,17
rest-003,2025-10-06,5,12
rest-003,2025-10-06,6,13
rest-003,2025-10-06,7,4
rest-003,2025-10-06,8,13
rest-003,2025-10-07,1,20
rest-003,2025-10-07,2,43
rest-003,2025-10-07,3,22
rest-003,2025-10-07,4,18
rest-003,2025-10-07,5,14
rest-003,2025-10-07,6,4
rest-003,2025-10-07,7,6
rest-003,2025-10-07,8,14
rest-003,2025-10-08,1,20
rest-003,2025-10-08,2,53
rest-003,2025-10-08,3,16
rest-003,2025-10-08,4,21
rest-003,2025-10-08,5,10
rest-003,2025-10-08,6,8
rest-003,2025-10-08,7,4
rest-003,2025-10-08,8,7
rest-003,2025-10-09,1,32
rest-003,2025-10-09,2,27
rest-003,2025-10-09,3,27
rest-003,2025-10-09,4,16
rest-003,2025-10-09,5,8
rest-003,2025-10-09,6,12
rest-003,2025-10-09,7,4
rest-003,2025-10-09,8,7
rest-003,2025-10-10,1,47
rest-003,2025-10-10,2,39
rest-003,2025-10-10,3,23
rest-003,2025-10-10,4,29
rest-003,2025-10-10,5,14
rest-003,2025-10-10,6,9
rest-003,2025-10-10,7,4
rest-003,2025-10-10,8,10
rest-003,2025-10-11,1,32
rest-003,2025-10-11,2,39
rest-003,2025-10-11,3,16
rest-003,2025-10-11,4,17
rest-003,2025-10-11,5,2
rest-003,2025-10-11,6,4
rest-003,2025-10-11,7,4
rest-003,2025-10-11,8,22
rest-003,2025-10-12,1,21
rest-003,2025-10-12,2,41
rest-003,2025-10-12,3,56
rest-003,2025-10-12,4,26
rest-003,2025-10-12,5,7
rest-003,2025-10-12,6,5
rest-003,2025-10-12,7,3
rest-003,2025-10-12,8,13
rest-003,2025-10-13,1,44
rest-003,2025-10-13,2,15
rest-003,2025-10-13,3,21
rest-003,2025-10-13,4,22
rest-003,2025-10-13,5,4
rest-003,2025-10-13,6,8
rest-003,2025-10-13,7,5
rest-003,2025-10-13,8,9
rest-003,2025-10-14,1,27
rest-003,2025-10-14,2,39
rest-003,2025-10-14,3,14
rest-003,2025-10-14,4,21
rest-003,2025-10-14,5,12
rest-003,2025-10-14,6,7
rest-003,2025-10-14,7,3
rest-003,2025-10-14,8,6
rest-003,2025-10-15,1,33
rest-003,2025-10-15,2,34
rest-003,2025-10-15,3,15
rest-003,2025-10-15,4,12
rest-003,2025-10-15,5,11
rest-003,2025-10-15,6,12
rest-003,2025-10-15,7,5
rest-003,2025-10-15,8,7
rest-003,2025-10-16,1,27
rest-003,2025-10-16,2,47
rest-003,2025-10-16,3,31
rest-003,2025-10-16,4,15
rest-003,2025-10-16,5,12
rest-003,2025-10-16,6,7
rest-003,2025-10-16,7,7
rest-003,2025-10-16,8,8
rest-003,2025-10-17,1,30
rest-003,2025-10-17,2,38
rest-003,2025-10-17,3,16
rest-003,2025-10-17,4,17
rest-003,2025-10-17,5,8
rest-003,2025-10-17,6,5
rest-003,2025-10-17,7,6
rest-003,2025-10-17,8,11
rest-003,2025-10-18,1,32
rest-003,2025-10-18,2,33
rest-003,2025-10-18,3,15
rest-003,2025-10-18,4,19
rest-003,2025-10-18,5,4
rest-003,2025-10-18,6,2
rest-003,2025-10-18,7,2
rest-003,2025-10-18,8,13
rest-003,2025-10-19,1,21
rest-003,2025-10-19,2,40
rest-003,2025-10-19,3,15
rest-003,2025-10-19,4,12
rest-003,2025-10-19,5,11
rest-003,2025-10-19,6,8
rest-003,2025-10-19,7,11
rest-003,2025-10-19,8,15
rest-003,2025-10-20,1,24
rest-003,2025-10-20,2,43
rest-003,2025-10-20,3,8
rest-003,2025-10-20,4,16
rest-003,2025-10-20,5,8
rest-003,2025-10-20,6,11
rest-003,2025-10-20,7,7
rest-003,2025-10-20,8,3
rest-003,2025-10-21,1,26
rest-003,2025-10-21,2,47
rest-003,2025-10-21,3,23
rest-003,2025-10-21,4,14
rest-003,2025-10-21,5,4
rest-003,2025-10-21,6,2
rest-003,2025-10-21,7,7
rest-003,2025-10-21,8,5
rest-003,2025-10-22,1,42
rest-003,2025-10-22,2,31
rest-003,2025-10-22,3,26
rest-003,2025-10-22,4,14
rest-003,2025-10-22,5,3
rest-003,2025-10-22,6,7
rest-003,2025-10-22,7,3
rest-003,2025-10-22,8,5
rest-003,2025-10-23,1,16
rest-003,2025-10-23,2,29
rest-003,2025-10-23,3,12
rest-003,2025-10-23,4,15
rest-003,2025-10-23,5,8
rest-003,2025-10-23,6,4
rest-003,2025-10-23,7,8
rest-003,2025-10-23,8,10
rest-003,2025-10-24,1,22
rest-003,2025-10-24,2,48
rest-003,2025-10-24,3,13
rest-003,2025-10-24,4,16
rest-003,2025-10-24,5,10
rest-003,2025-10-24,6,8
rest-003,2025-10-24,7,5
rest-003,2025-10-24,8,6
rest-003,2025-10-25,1,36
rest-003,2025-10-25,2,32
rest-003,2025-10-25,3,21
rest-003,2025-10-25,4,12
rest-003,2025-10-25,5,6
rest-003,2025-10-25,6,3
rest-003,2025-10-25,7,6
rest-003,2025-10-25,8,11
rest-003,2025-10-26,1,41
rest-003,2025-10-26,2,72
rest-003,2025-10-26,3,22
rest-003,2025-10-26,4,17
rest-003,2025-10-26,5,12
rest-003,2025-10-26,6,7
rest-003,2025-10-26,7,5
rest-003,2025-10-26,8,8
rest-003,2025-10-27,1,30
rest-003,2025-10-27,2,37
rest-003,2025-10-27,3,36
rest-003,2025-10-27,4,26
rest-003,2025-10-27,5,7
rest-003,2025-10-27,6,4
rest-003,2025-10-27,7,10
rest-003,2025-10-27,8,4
rest-003,2025-10-28,1,17
rest-003,2025-10-28,2,25
rest-003,2025-10-28,3,27
rest-003,2025-10-28,4,15
rest-003,2025-10-28,5,2
rest-003,2025-10-28,6,2
rest-003,2025-10-28,7,2
rest-003,2025-10-28,8,5
rest-003,2025-10-29,1,31
rest-003,2025-10-29,2,61
rest-003,2025-10-29,3,22
rest-003,2025-10-29,4,24
rest-003,2025-10-29,5,12
rest-003,2025-10-29,6,6
rest-003,2025-10-29,7,6
rest-003,2025-10-29,8,20
rest-003,2025-10-30,1,30
rest-003,2025-10-30,2,34
rest-003,2025-10-30,3,19
rest-003,2025-10-30,4,13
rest-003,2025-10-30,5,12
rest-003,2025-10-30,6,9
rest-003,2025-10-30,7,3
rest-003,2025-10-30,8,9
rest-003,2025-10-31,1,39
rest-003,2025-10-31,2,26
rest-003,2025-10-31,3,22
rest-003,2025-10-31,4,9
rest-003,2025-10-31,5,10
rest-003,2025-10-31,6,4
rest-003,2025-10-31,7,5
rest-003,2025-10-31,8,14
rest-003,2025-11-01,1,42
rest-003,2025-11-01,2,35
rest-003,2025-11-01,3,27
rest-003,2025-11-01,4,14
rest-003,2025-11-01,5,6
rest-003,2025-11-01,6,10
rest-003,2025-11-01,7,3
rest-003,2025-11-01,8,12
rest-003,2025-11-02,1,34
rest-003,2025-11-02,2,75
rest-003,2025-11-02,3,37
rest-003,2025-11-02,4,14
rest-003,2025-11-02,5,16
rest-003,2025-11-02,6,6
rest-003,2025-11-02,7,7
rest-003,2025-11-02,8,10
rest-003,2025-11-03,1,49
rest-003,2025-11-03,2,45
rest-003,2025-11-03,3,23
rest-003,2025-11-03,4,19
rest-003,2025-11-03,5,5
rest-003,2025-11-03,6,2
rest-003,2025-11-03,7,4
rest-003,2025-11-03,8,17
rest-003,2025-11-04,1,43
rest-003,2025-11-04,2,66
rest-003,2025-11-04,3,24
rest-003,2025-11-04,4,14
rest-003,2025-11-04,5,10
rest-003,2025-11-04,6,3
rest-003,2025-11-04,7,10
rest-003,2025-11-04,8,16
rest-003,2025-11-05,1,33
rest-003,2025-11-05,2,58
rest-003,2025-11-05,3,37
rest-003,2025-11-05,4,18
rest-003,2025-11-05,5,14
rest-003,2025-11-05,6,6
rest-003,2025-11-05,7,4
rest-003,2025-11-05,8,7
rest-003,2025-11-06,1,21
rest-003,2025-11-06,2,46
rest-003,2025-11-06,3,47
rest-003,2025-11-06,4,17
rest-003,2025-11-06,5,11
rest-003,2025-11-06,6,4
rest-003,2025-11-06,7,5
rest-003,2025-11-06,8,13
rest-003,2025-11-07,1,21
rest-003,2025-11-07,2,55
rest-003,2025-11-07,3,23
rest-003,2025-11-07,4,5
rest-003,2025-11-07,5,8
rest-003,2025-11-07,6,10
rest-003,2025-11-07,7,4
rest-003,2025-11-07,8,17
rest-003,2025-11-08,1,44
rest-003,2025-11-08,2,61
rest-003,2025-11-08,3,49
rest-003,2025-11-08,4,16
rest-003,2025-11-08,5,18
rest-003,2025-11-08,6,11
rest-003,2025-11-08,7,7
rest-003,2025-11-08,8,11
rest-003,2025-11-09,1,44
rest-003,2025-11-09,2,61
rest-003,2025-11-09,3,32
rest-003,2025-11-09,4,17
rest-003,2025-11-09,5,8
rest-003,2025-11-09,6,6
rest-003,2025-11-09,8,6
rest-003,2025-11-10,1,19
rest-003,2025-11-10,2,58
rest-003,2025-11-10,3,22
rest-003,2025-11-10,4,17
rest-003,2025-11-10,5,14
rest-003,2025-11-10,6,8
rest-003,2025-11-10,7,7
rest-003,2025-11-10,8,3
rest-003,2025-11-11,1,31
rest-003,2025-11-11,2,53
rest-003,2025-11-11,3,25
rest-003,2025-11-11,4,24
rest-003,2025-11-11,5,13
rest-003,2025-11-11,6,11
rest-003,2025-11-11,7,3
rest-003,2025-11-11,8,24
rest-003,2025-11-12,1,42
rest-003,2025-11-12,2,35
rest-003,2025-11-12,3,17
rest-003,2025-11-12,4,20
rest-003,2025-11-12,5,5
rest-003,2025-11-12,6,4
rest-003,2025-11-12,7,5
rest-003,2025-11-12,8,13
rest-003,2025-11-13,1,20
rest-003,2025-11-13,2,35
rest-003,2025-11-13,3,19
rest-003,2025-11-13,4,8
rest-003,2025-11-13,5,10
rest-003,2025-11-13,6,6
rest-003,2025-11-13,7,5
rest-003,2025-11-13,8,10
rest-003,2025-11-14,1,15
rest-003,2025-11-14,2,29
rest-003,2025-11-14,3,26
rest-003,2025-11-14,4,18
rest-003,2025-11-14,5,7
rest-003,2025-11-14,6,6
rest-003,2025-11-14,7,3
rest-003,2025-11-14,8,10
rest-003,2025-11-15,1,32
rest-003,2025-11-15,2,54
rest-003,2025-11-15,3,19
rest-003,2025-11-15,4,18
rest-003,2025-11-15,5,5
rest-003,2025-11-15,6,7
rest-003,2025-11-15,7,3
rest-003,2025-11-15,8,16
rest-003,2025-11-16,1,28
rest-003,2025-11-16,2,23
rest-003,2025-11-16,3,16
rest-003,2025-11-16,4,18
rest-003,2025-11-16,5,11
rest-003,2025-11-16,6,6
rest-003,2025-11-16,7,3
rest-003,2025-11-16,8,13
rest-003,2025-11-17,1,32
rest-003,2025-11-17,2,32
rest-003,2025-11-17,3,14
rest-003,2025-11-17,4,21
rest-003,2025-11-17,5,5
rest-003,2025-11-17,6,10
rest-003,2025-11-17,8,7
rest-003,2025-11-18,1,48
rest-003,2025-11-18,2,50
rest-003,2025-11-18,3,13
rest-003,2025-11-18,4,20
rest-003,2025-11-18,5,9
rest-003,2025-11-18,6,6
rest-003,2025-11-18,7,1
rest-003,2025-11-18,8,6
rest-003,2025-11-19,1,27
rest-003,2025-11-19,2,29
rest-003,2025-11-19,3,21
rest-003,2025-11-19,4,22
rest-003,2025-11-19,5,5
rest-003,2025-11-19,6,6
rest-003,2025-11-19,7,2
rest-003,2025-11-19,8,6
rest-003,2025-11-20,1,24
rest-003,2025-11-20,2,36
rest-003,2025-11-20,3,29
rest-003,2025-11-20,4,11
rest-003,2025-11-20,5,5
rest-003,2025-11-20,6,2
rest-003,2025-11-20,7,4
rest-003,2025-11-20,8,12
rest-003,2025-11-21,1,17
rest-003,2025-11-21,2,30
rest-003,2025-11-21,3,16
rest-003,2025-11-21,4,9
rest-003,2025-11-21,5,7
rest-003,2025-11-21,6,7
rest-003,2025-11-21,7,7
rest-003,2025-11-21,8,10
rest-003,2025-11-22,1,29
rest-003,2025-11-22,2,59
rest-003,2025-11-22,3,16
rest-003,2025-11-22,4,9
rest-003,2025-11-22,5,12
rest-003,2025-11-22,6,8
rest-003,2025-11-22,7,4
rest-003,2025-11-22,8,11
rest-003,2025-11-23,1,19
rest-003,2025-11-23,2,41
rest-003,2025-11-23,3,12
rest-003,2025-11-23,4,22
rest-003,2025-11-23,5,1
rest-003,2025-11-23,6,3
rest-003,2025-11-23,7,3
rest-003,2025-11-23,8,7
rest-003,2025-11-24,1,27
rest-003,2025-11-24,2,33
rest-003,2025-11-24,3,22
rest-003,2025-11-24,4,7
rest-003,2025-11-24,5,7
rest-003,2025-11-24,6,8
rest-003,2025-11-24,7,6
rest-003,2025-11-24,8,8
rest-003,2025-11-25,1,37
rest-003,2025-11-25,2,30
rest-003,2025-11-25,3,8
rest-003,2025-11-25,4,9
rest-003,2025-11-25,5,8
rest-003,2025-11-25,6,6
rest-003,2025-11-25,7,7
rest-003,2025-11-25,8,9
rest-003,2025-11-26,1,18
rest-003,2025-11-26,2,26
rest-003,2025-11-26,3,14
rest-003,2025-11-26,4,11
rest-003,2025-11-26,5,9
rest-003,2025-11-26,6,8
rest-003,2025-11-26,7,4
rest-003,2025-11-26,8,5
rest-003,2025-11-27,1,25
rest-003,2025-11-27,2,25
rest-003,2025-11-27,3,13
rest-003,2025-11-27,4,18
rest-003,2025-11-27,5,7
rest-003,2025-11-27,6,6
rest-003,2025-11-27,7,3
rest-003,2025-11-27,8,11
rest-004,2025-06-01,1,36
rest-004,2025-06-01,2,28
rest-004,2025-06-01,3,15
rest-004,2025-06-01,4,25
rest-004,2025-06-01,5,7
rest-004,2025-06-01,6,14
rest-004,2025-06-01,7,5
rest-004,2025-06-01,8,11
rest-004,2025-06-02,1,41
rest-004,2025-06-02,2,40
rest-004,2025-06-02,3,19
rest-004,2025-06-02,4,14
rest-004,2025-06-02,5,5
rest-004,2025-06-02,6,11
rest-004,2025-06-02,7,7
rest-004,2025-06-02,8,8
rest-004,2025-06-03,1,33
rest-004,2025-06-03,2,23
rest-004,2025-06-03,3,21
rest-004,2025-06-03,4,19
rest-004,2025-06-03,5,11
rest-004,2025-06-03,6,6
rest-004,2025-06-03,7,8
rest-004,2025-06-03,8,6
rest-004,2025-06-04,1,34
rest-004,2025-06-04,2,26
rest-004,2025-06-04,3,25
rest-004,2025-06-04,4,14
rest-004,2025-06-04,5,10
rest-004,2025-06-04,6,4
rest-004,2025-06-04,8,19
rest-004,2025-06-05,1,44
rest-004,2025-06-05,2,24
rest-004,2025-06-05,3,23
rest-004,2025-06-05,4,16
rest-004,2025-06-05,5,9
rest-004,2025-06-05,6,4
rest-004,2025-06-05,7,5
rest-004,2025-06-05,8,5
rest-004,2025-06-06,1,27
rest-004,2025-06-06,2,15
rest-004,2025-06-06,3,12
rest-004,2025-06-06,4,12
rest-004,2025-06-06,5,6
rest-004,2025-06-06,6,10
rest-004,2025-06-06,7,5
rest-004,2025-06-06,8,17
rest-004,2025-06-07,1,32
rest-004,2025-06-07,2,39
rest-004,2025-06-07,3,19
rest-004,2025-06-07,4,16
rest-004,2025-06-07,5,8
rest-004,2025-06-07,6,7
rest-004,2025-06-07,7,9
rest-004,2025-06-07,8,15
rest-004,2025-06-08,1,64
rest-004,2025-06-08,2,31
rest-004,2025-06-08,3,36
rest-004,2025-06-08,4,18
rest-004,2025-06-08,5,13
rest-004,2025-06-08,6,8
rest-004,2025-06-08,7,5
rest-004,2025-06-08,8,14
rest-004,2025-06-09,1,28
rest-004,2025-06-09,2,15
rest-004,2025-06-09,3,26
rest-004,2025-06-09,4,19
rest-004,2025-06-09,5,9
rest-004,2025-06-09,6,10
rest-004,2025-06-09,7,4
rest-004,2025-06-09,8,9
rest-004,2025-06-10,1,18
rest-004,2025-06-10,2,24
rest-004,2025-06-10,3,18
rest-004,2025-06-10,4,6
rest-004,2025-06-10,5,7
rest-004,2025-06-10,6,8
rest-004,2025-06-10,7,10
rest-004,2025-06-10,8,11
rest-004,2025-06-11,1,23
rest-004,2025-06-11,2,17
rest-004,2025-06-11,3,24
rest-004,2025-06-11,4,16
rest-004,2025-06-11,5,16
rest-004,2025-06-11,6,6
rest-004,2025-06-11,7,8
rest-004,2025-06-11,8,9
rest-004,2025-06-12,1,26
rest-004,2025-06-12,2,28
rest-004,2025-06-12,3,34
rest-004,2025-06-12,4,14
rest-004,2025-06-12,5,14
rest-004,2025-06-12,6,3
rest-004,2025-06-12,7,4
rest-004,2025-06-12,8,9
rest-004,2025-06-13,1,48
rest-004,2025-06-13,2,26
rest-004,2025-06-13,3,30
rest-004,2025-06-13,4,17
rest-004,2025-06-13,5,8
rest-004,2025-06-13,6,5
rest-004,2025-06-13,7,3
rest-004,2025-06-13,8,16
rest-004,2025-06-14,1,40
rest-004,2025-06-14,2,17
rest-004,2025-06-14,3,35
rest-004,2025-06-14,4,16
rest-004,2025-06-14,5,9
rest-004,2025-06-14,6,4
rest-004,2025-06-14,7,6
rest-004,2025-06-14,8,13
rest-004,2025-06-15,1,44
rest-004,2025-06-15,2,20
rest-004,2025-06-15,3,26
rest-004,2025-06-15,4,14
rest-004,2025-06-15,5,15
rest-004,2025-06-15,6,7
rest-004,2025-06-15,7,5
rest-004,2025-06-15,8,17
rest-004,2025-06-16,1,20
rest-004,2025-06-16,2,30
rest-004,2025-06-16,3,33
rest-004,2025-06-16,4,12
rest-004,2025-06-16,5,6
rest-004,2025-06-16,6,3
rest-004,2025-06-16,7,1
rest-004,2025-06-16,8,2
rest-004,2025-06-17,1,30
rest-004,2025-06-17,2,12
rest-004,2025-06-17,3,21
rest-004,2025-06-17,4,4
rest-004,2025-06-17,5,4
rest-004,2025-06-17,6,6
rest-004,2025-06-17,7,3
rest-004,2025-06-17,8,7
rest-004,2025-06-18,1,20
rest-004,2025-06-18,2,13
rest-004,2025-06-18,3,12
rest-004,2025-06-18,4,19
rest-004,2025-06-18,5,11
rest-004,2025-06-18,6,10
rest-004,2025-06-18,7,11
rest-004,2025-06-18,8,9
rest-004,2025-06-19,1,14
rest-004,2025-06-19,2,28
rest-004,2025-06-19,3,24
rest-004,2025-06-19,4,15
rest-004,2025-06-19,5,9
rest-004,2025-06-19,6,4
rest-004,2025-06-19,7,7
rest-004,2025-06-19,8,11
rest-004,2025-06-20,1,35
rest-004,2025-06-20,2,22
rest-004,2025-06-20,3,19
rest-004,2025-06-20,4,12
rest-004,2025-06-20,5,6
rest-004,2025-06-20,6,8
rest-004,2025-06-20,7,5
rest-004,2025-06-20,8,11
rest-004,2025-06-21,1,34
rest-004,2025-06-21,2,22
rest-004,2025-06-21,3,22
rest-004,2025-06-21,4,20
rest-004,2025-06-21,5,9
rest-004,2025-06-21,6,6
rest-004,2025-06-21,7,4
rest-004,2025-06-21,8,17
rest-004,2025-06-22,1,29
rest-004,2025-06-22,2,26
rest-004,2025-06-22,3,25
rest-004,2025-06-22,4,7
rest-004,2025-06-22,5,2
rest-004,2025-06-22,6,6
rest-004,2025-06-22,7,1
rest-004,2025-06-22,8,6
rest-004,2025-06-23,1,25
rest-004,2025-06-23,2,10
rest-004,2025-06-23,3,16
rest-004,2025-06-23,4,14
rest-004,2025-06-23,5,6
rest-004,2025-06-23,6,5
rest-004,2025-06-23,7,4
rest-004,2025-06-23,8,10
rest-004,2025-06-24,1,17
rest-004,2025-06-24,2,19
rest-004,2025-06-24,3,21
rest-004,2025-06-24,4,14
rest-004,2025-06-24,5,7
rest-004,2025-06-24,6,5
rest-004,2025-06-24,7,9
rest-004,2025-06-24,8,16
rest-004,2025-06-25,1,27
rest-004,2025-06-25,2,7
rest-004,2025-06-25,3,18
rest-004,2025-06-25,4,8
rest-004,2025-06-25,5,6
rest-004,2025-06-25,6,1
rest-004,2025-06-25,7,2
rest-004,2025-06-25,8,6
rest-004,2025-06-26,1,35
rest-004,2025-06-26,2,11
rest-004,2025-06-26,3,20
rest-004,2025-06-26,4,10
rest-004,2025-06-26,5,8
rest-004,2025-06-26,6,5
rest-004,2025-06-26,7,3
rest-004,2025-06-26,8,11
rest-004,2025-06-27,1,27
rest-004,2025-06-27,2,14
rest-004,2025-06-27,3,20
rest-004,2025-06-27,4,12
rest-004,2025-06-27,5,6
rest-004,2025-06-27,6,7
rest-004,2025-06-27,7,3
rest-004,2025-06-27,8,10
rest-004,2025-06-28,1,54
rest-004,2025-06-28,2,9
rest-004,2025-06-28,3,33
rest-004,2025-06-28,4,14
rest-004,2025-06-28,5,12
rest-004,2025-06-28,6,12
rest-004,2025-06-28,7,3
rest-004,2025-06-28,8,9
rest-004,2025-06-29,1,35
rest-004,2025-06-29,2,19
rest-004,2025-06-29,3,16
rest-004,2025-06-29,4,12
rest-004,2025-06-29,5,11
rest-004,2025-06-29,6,7
rest-004,2025-06-29,7,15
rest-004,2025-06-29,8,22
rest-004,2025-06-30,1,19
rest-004,2025-06-30,2,21
rest-004,2025-06-30,3,31
rest-004,2025-06-30,4,10
rest-004,2025-06-30,5,10
rest-004,2025-06-30,6,5
rest-004,2025-06-30,7,8
rest-004,2025-06-30,8,7
rest-004,2025-07-01,1,33
rest-004,2025-07-01,2,22
rest-004,2025-07-01,3,8
rest-004,2025-07-01,4,20
rest-004,2025-07-01,5,7
rest-004,2025-07-01,6,7
rest-004,2025-07-01,7,9
rest-004,2025-07-01,8,5
rest-004,2025-07-02,1,26
rest-004,2025-07-02,2,20
rest-004,2025-07-02,3,17
rest-004,2025-07-02,4,15
rest-004,2025-07-02,5,8
rest-004,2025-07-02,6,7
rest-004,2025-07-02,7,5
rest-004,2025-07-02,8,7
rest-004,2025-07-03,1,26
rest-004,2025-07-03,2,32
rest-004,2025-07-03,3,21
rest-004,2025-07-03,4,14
rest-004,2025-07-03,5,9
rest-004,2025-07-03,6,8
rest-004,2025-07-03,7,9
rest-004,2025-07-03,8,10
rest-004,2025-07-04,1,27
rest-004,2025-07-04,2,7
rest-004,2025-07-04,3,23
rest-004,2025-07-04,4,29
rest-004,2025-07-04,5,8
rest-004,2025-07-04,6,7
rest-004,2025-07-04,7,7
rest-004,2025-07-04,8,7
rest-004,2025-07-05,1,46
rest-004,2025-07-05,2,26
rest-004,2025-07-05,3,26
rest-004,2025-07-05,4,20
rest-004,2025-07-05,5,15
rest-004,2025-07-05,6,8
rest-004,2025-07-05,7,3
rest-004,2025-07-05,8,7
rest-004,2025-07-06,1,66
rest-004,2025-07-06,2,16
rest-004,2025-07-06,3,41
rest-004,2025-07-06,4,26
rest-004,2025-07-06,5,8
rest-004,2025-07-06,6,9
rest-004,2025-07-06,7,5
rest-004,2025-07-06,8,19
rest-004,2025-07-07,1,33
rest-004,2025-07-07,2,9
rest-004,2025-07-07,3,28
rest-004,2025-07-07,4,11
rest-004,2025-07-07,5,7
rest-004,2025-07-07,6,7
rest-004,2025-07-07,7,5
rest-004,2025-07-07,8,16
rest-004,2025-07-08,1,23
rest-004,2025-07-08,2,15
rest-004,2025-07-08,3,30
rest-004,2025-07-08,4,22
rest-004,2025-07-08,5,11
rest-004,2025-07-08,6,11
rest-004,2025-07-08,7,3
rest-004,2025-07-08,8,15
rest-004,2025-07-09,1,36
rest-004,2025-07-09,2,22
rest-004,2025-07-09,3,29
rest-004,2025-07-09,4,15
rest-004,2025-07-09,5,10
rest-004,2025-07-09,6,9
rest-004,2025-07-09,7,5
rest-004,2025-07-09,8,10
rest-004,2025-07-10,1,18
rest-004,2025-07-10,2,23
rest-004,2025-07-10,3,15
rest-004,2025-07-10,4,24
rest-004,2025-07-10,5,10
rest-004,2025-07-10,6,7
rest-004,2025-07-10,7,9
rest-004,2025-07-10,8,6
rest-004,2025-07-11,1,42
rest-004,2025-07-11,2,20
rest-004,2025-07-11,3,13
rest-004,2025-07-11,4,23
rest-004,2025-07-11,5,14
rest-004,2025-07-11,6,4
rest-004,2025-07-11,7,6
rest-004,2025-07-11,8,9
rest-004,2025-07-12,1,21
rest-004,2025-07-12,2,23
rest-004,2025-07-12,3,26
rest-004,2025-07-12,4,11
rest-004,2025-07-12,5,11
rest-004,2025-07-12,6,4
rest-004,2025-07-12,7,6
rest-004,2025-07-12,8,20
rest-004,2025-07-13,1,37
rest-004,2025-07-13,2,22
rest-004,2025-07-13,3,29
rest-004,2025-07-13,4,19
rest-004,2025-07-13,5,8
rest-004,2025-07-13,6,5
rest-004,2025-07-13,7,10
rest-004,2025-07-13,8,8
rest-004,2025-07-14,1,24
rest-004,2025-07-14,2,12
rest-004,2025-07-14,3,23
rest-004,2025-07-14,4,22
rest-004,2025-07-14,5,6
rest-004,2025-07-14,6,3
rest-004,2025-07-14,7,6
rest-004,2025-07-14,8,10
rest-004,2025-07-15,1,31
rest-004,2025-07-15,2,10
rest-004,2025-07-15,3,24
rest-004,2025-07-15,4,11
rest-004,2025-07-15,5,8
rest-004,2025-07-15,6,3
rest-004,2025-07-15,7,8
rest-004,2025-07-15,8,10
rest-004,2025-07-16,1,34
rest-004,2025-07-16,2,16
rest-004,2025-07-16,3,25
rest-004,2025-07-16,4,23
rest-004,2025-07-16,5,5
rest-004,2025-07-16,6,5
rest-004,2025-07-16,7,8
rest-004,2025-07-16,8,3
rest-004,2025-07-17,1,30
rest-004,2025-07-17,2,19
rest-004,2025-07-17,3,22
rest-004,2025-07-17,4,19
rest-004,2025-07-17,5,6
rest-004,2025-07-17,6,6
rest-004,2025-07-17,7,5
rest-004,2025-07-17,8,11
rest-004,2025-07-18,1,29
rest-004,2025-07-18,2,15
rest-004,2025-07-18,3,22
rest-004,2025-07-18,4,19
rest-004,2025-07-18,5,4
rest-004,2025-07-18,6,4
rest-004,2025-07-18,7,8
rest-004,2025-07-18,8,9
rest-004,2025-07-19,1,42
rest-004,2025-07-19,2,22
rest-004,2025-07-19,3,14
rest-004,2025-07-19,4,13
rest-004,2025-07-19,5,4
rest-004,2025-07-19,6,10
rest-004,2025-07-19,7,2
rest-004,2025-07-19,8,7
rest-004,2025-07-20,1,36
rest-004,2025-07-20,2,20
rest-004,2025-07-20,3,34
rest-004,2025-07-20,4,12
rest-004,2025-07-20,5,8
rest-004,2025-07-20,6,5
rest-004,2025-07-20,7,3
rest-004,2025-07-20,8,15
rest-004,2025-07-21,1,12
rest-004,2025-07-21,2,16
rest-004,2025-07-21,3,23
rest-004,2025-07-21,4,10
rest-004,2025-07-21,5,3
rest-004,2025-07-21,6,2
rest-004,2025-07-21,7,4
rest-004,2025-07-21,8,14
rest-004,2025-07-22,1,13
rest-004,2025-07-22,2,13
rest-004,2025-07-22,3,1
rest-004,2025-07-22,4,8
rest-004,2025-07-22,5,6
rest-004,2025-07-22,6,5
rest-004,2025-07-22,7,8
rest-004,2025-07-22,8,10
rest-004,2025-07-23,1,15
rest-004,2025-07-23,2,23
rest-004,2025-07-23,3,25
rest-004,2025-07-23,4,14
rest-004,2025-07-23,5,6
rest-004,2025-07-23,6,3
rest-004,2025-07-23,7,3
rest-004,2025-07-23,8,7
rest-004,2025-07-24,1,35
rest-004,2025-07-24,2,17
rest-004,2025-07-24,3,15
rest-004,2025-07-24,4,13
rest-004,2025-07-24,5,8
rest-004,2025-07-24,6,3
rest-004,2025-07-24,7,3
rest-004,2025-07-24,8,10
rest-004,2025-07-25,1,26
rest-004,2025-07-25,2,13
rest-004,2025-07-25,3,20
rest-004,2025-07-25,4,5
rest-004,2025-07-25,5,5
rest-004,2025-07-25,6,4
rest-004,2025-07-25,7,4
rest-004,2025-07-25,8,3
rest-004,2025-07-26,1,54
rest-004,2025-07-26,2,19
rest-004,2025-07-26,3,25
rest-004,2025-07-26,4,15
rest-004,2025-07-26,5,9
rest-004,2025-07-26,6,9
rest-004,2025-07-26,7,8
rest-004,2025-07-26,8,6
rest-004,2025-07-27,1,29
rest-004,2025-07-27,2,19
rest-004,2025-07-27,3,14
rest-004,2025-07-27,4,15
rest-004,2025-07-27,5,8
rest-004,2025-07-27,6,3
rest-004,2025-07-27,7,5
rest-004,2025-07-27,8,15
rest-004,2025-07-28,1,25
rest-004,2025-07-28,2,18
rest-004,2025-07-28,3,15
rest-004,2025-07-28,4,13
rest-004,2025-07-28,5,3
rest-004,2025-07-28,6,7
rest-004,2025-07-28,7,5
rest-004,2025-07-28,8,11
rest-004,2025-07-29,1,26
rest-004,2025-07-29,2,8
rest-004,2025-07-29,3,21
rest-004,2025-07-29,4,11
rest-004,2025-07-29,5,15
rest-004,2025-07-29,6,8
rest-004,2025-07-29,7,4
rest-004,2025-07-29,8,12
rest-004,2025-07-30,1,32
rest-004,2025-07-30,2,11
rest-004,2025-07-30,3,24
rest-004,2025-07-30,4,20
rest-004,2025-07-30,5,6
rest-004,2025-07-30,6,7
rest-004,2025-07-30,7,4
rest-004,2025-07-30,8,6
rest-004,2025-07-31,1,37
rest-004,2025-07-31,2,24
rest-004,2025-07-31,3,17
rest-004,2025-07-31,4,14
rest-004,2025-07-31,5,10
rest-004,2025-07-31,6,10
rest-004,2025-07-31,7,5
rest-004,2025-07-31,8,12
rest-004,2025-08-01,1,18
rest-004,2025-08-01,2,15
rest-004,2025-08-01,3,17
rest-004,2025-08-01,4,14
rest-004,2025-08-01,5,12
rest-004,2025-08-01,6,12
rest-004,2025-08-01,7,8
rest-004,2025-08-01,8,13
rest-004,2025-08-02,1,28
rest-004,2025-08-02,2,14
rest-004,2025-08-02,3,32
rest-004,2025-08-02,4,23
rest-004,2025-08-02,5,7
rest-004,2025-08-02,6,7
rest-004,2025-08-02,7,9
rest-004,2025-08-02,8,11
rest-004,2025-08-03,1,47
rest-004,2025-08-03,2,22
rest-004,2025-08-03,3,24
rest-004,2025-08-03,4,16
rest-004,2025-08-03,5,8
rest-004,2025-08-03,6,7
rest-004,2025-08-03,7,6
rest-004,2025-08-03,8,11
rest-004,2025-08-04,1,54
rest-004,2025-08-04,2,15
rest-004,2025-08-04,3,18
rest-004,2025-08-04,4,14
rest-004,2025-08-04,5,5
rest-004,2025-08-04,6,8
rest-004,2025-08-04,7,2
rest-004,2025-08-04,8,7
rest-004,2025-08-05,1,33
rest-004,2025-08-05,2,26
rest-004,2025-08-05,3,31
rest-004,2025-08-05,4,19
rest-004,2025-08-05,5,7
rest-004,2025-08-05,6,8
rest-004,2025-08-05,7,10
rest-004,2025-08-05,8,21
rest-004,2025-08-06,1,35
rest-004,2025-08-06,2,29
rest-004,2025-08-06,3,32
rest-004,2025-08-06,4,15
rest-004,2025-08-06,5,10
rest-004,2025-08-06,6,5
rest-004,2025-08-06,7,6
rest-004,2025-08-06,8,13
rest-004,2025-08-07,1,35
rest-004,2025-08-07,2,29
rest-004,2025-08-07,3,35
rest-004,2025-08-07,4,19
rest-004,2025-08-07,5,10
rest-004,2025-08-07,6,9
rest-004,2025-08-07,7,7
rest-004,2025-08-07,8,8
rest-004,2025-08-08,1,43
rest-004,2025-08-08,2,32
rest-004,2025-08-08,3,25
rest-004,2025-08-08,4,24
rest-004,2025-08-08,5,6
rest-004,2025-08-08,6,8
rest-004,2025-08-08,7,8
rest-004,2025-08-08,8,15
rest-004,2025-08-09,1,41
rest-004,2025-08-09,2,24
rest-004,2025-08-09,3,22
rest-004,2025-08-09,4,12
rest-004,2025-08-09,5,10
rest-004,2025-08-09,6,4
rest-004,2025-08-09,7,11
rest-004,2025-08-09,8,20
rest-004,2025-08-10,1,43
rest-004,2025-08-10,2,26
rest-004,2025-08-10,3,21
rest-004,2025-08-10,4,17
rest-004,2025-08-10,5,12
rest-004,2025-08-10,6,10
rest-004,2025-08-10,7,6
rest-004,2025-08-10,8,13
rest-004,2025-08-11,1,17
rest-004,2025-08-11,2,18
rest-004,2025-08-11,3,28
rest-004,2025-08-11,4,22
rest-004,2025-08-11,5,3
rest-004,2025-08-11,6,6
rest-004,2025-08-11,7,6
rest-004,2025-08-11,8,10
rest-004,2025-08-12,1,39
rest-004,2025-08-12,2,27
rest-004,2025-08-12,3,27
rest-004,2025-08-12,4,13
rest-004,2025-08-12,5,7
rest-004,2025-08-12,6,8
rest-004,2025-08-12,7,4
rest-004,2025-08-12,8,13
rest-004,2025-08-13,1,37
rest-004,2025-08-13,2,11
rest-004,2025-08-13,3,18
rest-004,2025-08-13,4,22
rest-004,2025-08-13,5,9
rest-004,2025-08-13,6,9
rest-004,2025-08-13,7,4
rest-004,2025-08-13,8,12
rest-004,2025-08-14,1,39
rest-004,2025-08-14,2,32
rest-004,2025-08-14,3,11
rest-004,2025-08-14,4,17
rest-004,2025-08-14,5,8
rest-004,2025-08-14,6,7
rest-004,2025-08-14,7,4
rest-004,2025-08-14,8,8
rest-004,2025-08-15,1,32
rest-004,2025-08-15,2,30
rest-004,2025-08-15,3,15
rest-004,2025-08-15,4,15
rest-004,2025-08-15,5,5
rest-004,2025-08-15,6,3
rest-004,2025-08-15,7,7
rest-004,2025-08-15,8,9
rest-004,2025-08-16,1,41
rest-004,2025-08-16,2,13
rest-004,2025-08-16,3,10
rest-004,2025-08-16,4,17
rest-004,2025-08-16,5,11
rest-004,2025-08-16,6,6
rest-004,2025-08-16,7,7
rest-004,2025-08-16,8,17
rest-004,2025-08-17,1,30
rest-004,2025-08-17,2,14
rest-004,2025-08-17,3,43
rest-004,2025-08-17,4,10
rest-004,2025-08-17,5,8
rest-004,2025-08-17,6,8
rest-004,2025-08-17,7,3
rest-004,2025-08-17,8,4
rest-004,2025-08-18,1,24
rest-004,2025-08-18,2,12
rest-004,2025-08-18,3,19
rest-004,2025-08-18,4,15
rest-004,2025-08-18,5,4
rest-004,2025-08-18,6,12
rest-004,2025-08-18,7,5
rest-004,2025-08-18,8,5
rest-004,2025-08-19,1,30
rest-004,2025-08-19,2,13
rest-004,2025-08-19,3,25
rest-004,2025-08-19,4,14
rest-004,2025-08-19,5,12
rest-004,2025-08-19,6,3
rest-004,2025-08-19,7,5
rest-004,2025-08-19,8,4
rest-004,2025-08-20,1,32
rest-004,2025-08-20,2,17
rest-004,2025-08-20,3,25
rest-004,2025-08-20,4,15
rest-004,2025-08-20,5,5
rest-004,2025-08-20,6,8
rest-004,2025-08-20,7,4
rest-004,2025-08-20,8,7
rest-004,2025-08-21,1,31
rest-004,2025-08-21,2,24
rest-004,2025-08-21,3,22
rest-004,2025-08-21,4,5
rest-004,2025-08-21,5,5
rest-004,2025-08-21,6,4
rest-004,2025-08-21,7,2
rest-004,2025-08-21,8,6
rest-004,2025-08-22,1,35
rest-004,2025-08-22,2,21
rest-004,2025-08-22,3,16
rest-004,2025-08-22,4,12
rest-004,2025-08-22,5,7
rest-004,2025-08-22,6,4
rest-004,2025-08-22,7,5
rest-004,2025-08-22,8,7
rest-004,2025-08-23,1,31
rest-004,2025-08-23,2,17
rest-004,2025-08-23,3,14
rest-004,2025-08-23,4,20
rest-004,2025-08-23,5,11
rest-004,2025-08-23,6,5
rest-004,2025-08-23,7,5
rest-004,2025-08-23,8,7
rest-004,2025-08-24,1,39
rest-004,2025-08-24,2,31
rest-004,2025-08-24,3,16
rest-004,2025-08-24,4,21
rest-004,2025-08-24,5,5
rest-004,2025-08-24,6,10
rest-004,2025-08-24,7,7
rest-004,2025-08-24,8,6
rest-004,2025-08-25,1,22
rest-004,2025-08-25,2,10
rest-004,2025-08-25,3,14
rest-004,2025-08-25,4,9
rest-004,2025-08-25,5,11
rest-004,2025-08-25,6,5
rest-004,2025-08-25,7,6
rest-004,2025-08-25,8,11
rest-004,2025-08-26,1,35
rest-004,2025-08-26,2,7
rest-004,2025-08-26,3,12
rest-004,2025-08-26,4,18
rest-004,2025-08-26,5,6
rest-004,2025-08-26,6,8
rest-004,2025-08-26,7,4
rest-004,2025-08-26,8,17
rest-004,2025-08-27,1,23
rest-004,2025-08-27,2,9
rest-004,2025-08-27,3,21
rest-004,2025-08-27,4,12
rest-004,2025-08-27,6,1
rest-004,2025-08-27,7,2
rest-004,2025-08-27,8,11
rest-004,2025-08-28,1,25
rest-004,2025-08-28,2,18
rest-004,2025-08-28,3,19
rest-004,2025-08-28,4,15
rest-004,2025-08-28,5,10
rest-004,2025-08-28,6,4
rest-004,2025-08-28,7,3
rest-004,2025-08-28,8,10
rest-004,2025-08-29,1,10
rest-004,2025-08-29,2,6
rest-004,2025-08-29,3,17
rest-004,2025-08-29,4,13
rest-004,2025-08-29,5,11
rest-004,2025-08-29,6,7
rest-004,2025-08-29,7,5
rest-004,2025-08-29,8,12
rest-004,2025-08-30,1,29
rest-004,2025-08-30,2,22
rest-004,2025-08-30,3,42
rest-004,2025-08-30,4,20
rest-004,2025-08-30,5,8
rest-004,2025-08-30,6,5
rest-004,2025-08-30,7,5
rest-004,2025-08-30,8,19
rest-004,2025-08-31,1,32
rest-004,2025-08-31,2,16
rest-004,2025-08-31,3,38
rest-004,2025-08-31,4,18
rest-004,2025-08-31,5,13
rest-004,2025-08-31,6,1
rest-004,2025-08-31,7,5
rest-004,2025-08-31,8,15
rest-004,2025-09-01,1,49
rest-004,2025-09-01,2,17
rest-004,2025-09-01,3,42
rest-004,2025-09-01,4,11
rest-004,2025-09-01,5,7
rest-004,2025-09-01,6,8
rest-004,2025-09-01,7,6
rest-004,2025-09-01,8,11
rest-004,2025-09-02,1,35
rest-004,2025-09-02,2,20
rest-004,2025-09-02,3,25
rest-004,2025-09-02,4,29
rest-004,2025-09-02,5,10
rest-004,2025-09-02,6,9
rest-004,2025-09-02,7,3
rest-004,2025-09-02,8,8
rest-004,2025-09-03,1,28
rest-004,2025-09-03,2,16
rest-004,2025-09-03,3,21
rest-004,2025-09-03,4,20
rest-004,2025-09-03,5,12
rest-004,2025-09-03,6,7
rest-004,2025-09-03,7,3
rest-004,2025-09-03,8,5
rest-004,2025-09-04,1,47
rest-004,2025-09-04,2,26
rest-004,2025-09-04,3,40
rest-004,2025-09-04,4,20
rest-004,2025-09-04,5,5
rest-004,2025-09-04,6,13
rest-004,2025-09-04,7,5
rest-004,2025-09-04,8,10
rest-004,2025-09-05,1,56
rest-004,2025-09-05,2,22
rest-004,2025-09-05,3,29
rest-004,2025-09-05,4,22
rest-004,2025-09-05,5,5
rest-004,2025-09-05,6,6
rest-004,2025-09-05,7,6
rest-004,2025-09-05,8,5
rest-004,2025-09-06,1,58
rest-004,2025-09-06,2,18
rest-004,2025-09-06,3,28
rest-004,2025-09-06,4,17
rest-004,2025-09-06,5,14
rest-004,2025-09-06,6,8
rest-004,2025-09-06,7,4
rest-004,2025-09-06,8,17
rest-004,2025-09-07,1,46
rest-004,2025-09-07,2,32
rest-004,2025-09-07,3,19
rest-004,2025-09-07,4,21
rest-004,2025-09-07,5,6
rest-004,2025-09-07,6,11
rest-004,2025-09-07,7,8
rest-004,2025-09-07,8,12
rest-004,2025-09-08,1,28
rest-004,2025-09-08,2,22
rest-004,2025-09-08,3,28
rest-004,2025-09-08,4,15
rest-004,2025-09-08,5,8
rest-004,2025-09-08,6,5
rest-004,2025-09-08,7,5
rest-004,2025-09-08,8,14
rest-004,2025-09-09,1,21
rest-004,2025-09-09,2,9
rest-004,2025-09-09,3,28
rest-004,2025-09-09,4,11
rest-004,2025-09-09,5,10
rest-004,2025-09-09,6,9
rest-004,2025-09-09,7,4
rest-004,2025-09-09,8,7
rest-004,2025-09-10,1,31
rest-004,2025-09-10,2,25
rest-004,2025-09-10,3,24
rest-004,2025-09-10,4,14
rest-004,2025-09-10,5,1
rest-004,2025-09-10,6,3
rest-004,2025-09-10,7,10
rest-004,2025-09-10,8,9
rest-004,2025-09-11,1,29
rest-004,2025-09-11,2,8
rest-004,2025-09-11,3,26
rest-004,2025-09-11,4,15
rest-004,2025-09-11,5,6
rest-004,2025-09-11,6,4
rest-004,2025-09-11,7,6
rest-004,2025-09-11,8,8
rest-004,2025-09-12,1,36
rest-004,2025-09-12,2,25
rest-004,2025-09-12,3,25
rest-004,2025-09-12,4,20
rest-004,2025-09-12,5,9
rest-004,2025-09-12,6,4
rest-004,2025-09-12,7,5
rest-004,2025-09-12,8,13
rest-004,2025-09-13,1,44
rest-004,2025-09-13,2,18
rest-004,2025-09-13,3,46
rest-004,2025-09-13,4,23
rest-004,2025-09-13,5,13
rest-004,2025-09-13,6,4
rest-004,2025-09-13,7,8
rest-004,2025-09-13,8,12
rest-004,2025-09-14,1,27
rest-004,2025-09-14,2,27
rest-004,2025-09-14,3,27
rest-004,2025-09-14,4,17
rest-004,2025-09-14,5,12
rest-004,2025-09-14,6,3
rest-004,2025-09-14,7,3
rest-004,2025-09-14,8,15
rest-004,2025-09-15,1,41
rest-004,2025-09-15,2,18
rest-004,2025-09-15,3,20
rest-004,2025-09-15,4,16
rest-004,2025-09-15,5,8
rest-004,2025-09-15,6,5
rest-004,2025-09-15,7,6
rest-004,2025-09-15,8,9
rest-004,2025-09-16,1,10
rest-004,2025-09-16,2,15
rest-004,2025-09-16,3,14
rest-004,2025-09-16,4,11
rest-004,2025-09-16,5,6
rest-004,2025-09-16,6,4
rest-004,2025-09-16,7,6
rest-004,2025-09-16,8,7
rest-004,2025-09-17,1,12
rest-004,2025-09-17,2,23
rest-004,2025-09-17,3,28
rest-004,2025-09-17,4,12
rest-004,2025-09-17,5,10
rest-004,2025-09-17,6,3
rest-004,2025-09-17,7,8
rest-004,2025-09-17,8,10
rest-004,2025-09-18,1,22
rest-004,2025-09-18,2,18
rest-004,2025-09-18,3,16
rest-004,2025-09-18,4,21
rest-004,2025-09-18,5,8
rest-004,2025-09-18,6,9
rest-004,2025-09-18,7,3
rest-004,2025-09-18,8,10
rest-004,2025-09-19,1,33
rest-004,2025-09-19,2,10
rest-004,2025-09-19,3,28
rest-004,2025-09-19,4,15
rest-004,2025-09-19,5,8
rest-004,2025-09-19,6,8
rest-004,2025-09-19,7,2
rest-004,2025-09-19,8,11
rest-004,2025-09-20,1,22
rest-004,2025-09-20,2,17
rest-004,2025-09-20,3,23
rest-004,2025-09-20,4,17
rest-004,2025-09-20,5,5
rest-004,2025-09-20,6,6
rest-004,2025-09-20,7,5
rest-004,2025-09-20,8,15
rest-004,2025-09-21,1,18
rest-004,2025-09-21,2,14
rest-004,2025-09-21,3,37
rest-004,2025-09-21,4,20
rest-004,2025-09-21,5,9
rest-004,2025-09-21,6,5
rest-004,2025-09-21,7,6
rest-004,2025-09-21,8,9
rest-004,2025-09-22,1,37
rest-004,2025-09-22,2,22
rest-004,2025-09-22,3,28
rest-004,2025-09-22,4,11
rest-004,2025-09-22,5,3
rest-004,2025-09-22,6,5
rest-004,2025-09-22,7,4
rest-004,2025-09-22,8,4
rest-004,2025-09-23,1,29
rest-004,2025-09-23,2,14
rest-004,2025-09-23,3,15
rest-004,2025-09-23,4,14
rest-004,2025-09-23,5,7
rest-004,2025-09-23,6,7
rest-004,2025-09-23,7,4
rest-004,2025-09-23,8,10
rest-004,2025-09-24,1,31
rest-004,2025-09-24,2,19
rest-004,2025-09-24,3,34
rest-004,2025-09-24,4,12
rest-004,2025-09-24,5,9
rest-004,2025-09-24,6,4
rest-004,2025-09-24,7,5
rest-004,2025-09-24,8,3
rest-004,2025-09-25,1,19
rest-004,2025-09-25,2,14
rest-004,2025-09-25,3,19
rest-004,2025-09-25,4,10
rest-004,2025-09-25,5,3
rest-004,2025-09-25,6,6
rest-004,2025-09-25,7,6
rest-004,2025-09-25,8,10
rest-004,2025-09-26,1,38
rest-004,2025-09-26,2,29
rest-004,2025-09-26,3,23
rest-004,2025-09-26,4,18
rest-004,2025-09-26,5,9
rest-004,2025-09-26,6,3
rest-004,2025-09-26,7,1
rest-004,2025-09-26,8,13
rest-004,2025-09-27,1,37
rest-004,2025-09-27,2,17
rest-004,2025-09-27,3,31
rest-004,2025-09-27,4,17
rest-004,2025-09-27,5,7
rest-004,2025-09-27,6,6
rest-004,2025-09-27,7,9
rest-004,2025-09-27,8,15
rest-004,2025-09-28,1,44
rest-004,2025-09-28,2,25
rest-004,2025-09-28,3,23
rest-004,2025-09-28,4,11
rest-004,2025-09-28,5,10
rest-004,2025-09-28,6,6
rest-004,2025-09-28,7,6
rest-004,2025-09-28,8,14
rest-004,2025-09-29,1,22
rest-004,2025-09-29,2,16
rest-004,2025-09-29,3,35
rest-004,2025-09-29,4,15
rest-004,2025-09-29,5,5
rest-004,2025-09-29,6,6
rest-004,2025-09-29,7,7
rest-004,2025-09-29,8,10
rest-004,2025-09-30,1,16
rest-004,2025-09-30,2,22
rest-004,2025-09-30,3,16
rest-004,2025-09-30,4,18
rest-004,2025-09-30,5,11
rest-004,2025-09-30,6,3
rest-004,2025-09-30,7,5
rest-004,2025-09-30,8,9
rest-004,2025-10-01,1,37
rest-004,2025-10-01,2,14
rest-004,2025-10-01,3,20
rest-004,2025-10-01,4,15
rest-004,2025-10-01,5,9
rest-004,2025-10-01,6,6
rest-004,2025-10-01,7,8
rest-004,2025-10-01,8,8
rest-004,2025-10-02,1,31
rest-004,2025-10-02,2,14
rest-004,2025-10-02,3,28
rest-004,2025-10-02,4,19
rest-004,2025-10-02,5,14
rest-004,2025-10-02,6,12
rest-004,2025-10-02,7,5
rest-004,2025-10-02,8,16
rest-004,2025-10-03,1,46
rest-004,2025-10-03,2,26
rest-004,2025-10-03,3,18
rest-004,2025-10-03,4,26
rest-004,2025-10-03,5,8
rest-004,2025-10-03,6,6
rest-004,2025-10-03,7,9
rest-004,2025-10-03,8,21
rest-004,2025-10-04,1,27
rest-004,2025-10-04,2,21
rest-004,2025-10-04,3,34
rest-004,2025-10-04,4,23
rest-004,2025-10-04,5,7
rest-004,2025-10-04,6,6
rest-004,2025-10-04,7,12
rest-004,2025-10-04,8,8
rest-004,2025-10-05,1,40
rest-004,2025-10-05,2,26
rest-004,2025-10-05,3,32
rest-004,2025-10-05,4,26
rest-004,2025-10-05,5,20
rest-004,2025-10-05,6,10
rest-004,2025-10-05,7,4
rest-004,2025-10-05,8,6
rest-004,2025-10-06,1,58
rest-004,2025-10-06,2,26
rest-004,2025-10-06,3,22
rest-004,2025-10-06,4,15
rest-004,2025-10-06,5,7
rest-004,2025-10-06,6,5
rest-004,2025-10-06,7,7
rest-004,2025-10-06,8,11
rest-004,2025-10-07,1,52
rest-004,2025-10-07,2,18
rest-004,2025-10-07,3,33
rest-004,2025-10-07,4,19
rest-004,2025-10-07,5,3
rest-004,2025-10-07,6,6
rest-004,2025-10-07,7,7
rest-004,2025-10-07,8,7
rest-004,2025-10-08,1,24
rest-004,2025-10-08,2,13
rest-004,2025-10-08,3,28
rest-004,2025-10-08,4,5
rest-004,2025-10-08,5,7
rest-004,2025-10-08,6,6
rest-004,2025-10-08,7,5
rest-004,2025-10-08,8,4
rest-004,2025-10-09,1,34
rest-004,2025-10-09,2,24
rest-004,2025-10-09,3,22
rest-004,2025-10-09,4,14
rest-004,2025-10-09,5,16
rest-004,2025-10-09,6,5
rest-004,2025-10-09,7,10
rest-004,2025-10-09,8,11
rest-004,2025-10-10,1,30
rest-004,2025-10-10,2,20
rest-004,2025-10-10,3,37
rest-004,2025-10-10,4,7
rest-004,2025-10-10,5,9
rest-004,2025-10-10,6,10
rest-004,2025-10-10,7,2
rest-004,2025-10-10,8,3
rest-004,2025-10-11,1,42
rest-004,2025-10-11,2,31
rest-004,2025-10-11,3,15
rest-004,2025-10-11,4,26
rest-004,2025-10-11,5,13
rest-004,2025-10-11,6,2
rest-004,2025-10-11,7,7
rest-004,2025-10-11,8,12
rest-004,2025-10-12,1,32
rest-004,2025-10-12,2,15
rest-004,2025-10-12,3,23
rest-004,2025-10-12,4,25
rest-004,2025-10-12,5,15
rest-004,2025-10-12,6,10
rest-004,2025-10-12,7,7
rest-004,2025-10-12,8,15
rest-004,2025-10-13,1,29
rest-004,2025-10-13,2,15
rest-004,2025-10-13,3,25
rest-004,2025-10-13,4,6
rest-004,2025-10-13,5,10
rest-004,2025-10-13,6,10
rest-004,2025-10-13,7,8
rest-004,2025-10-13,8,11
rest-004,2025-10-14,1,42
rest-004,2025-10-14,2,15
rest-004,2025-10-14,3,36
rest-004,2025-10-14,4,9
rest-004,2025-10-14,5,10
rest-004,2025-10-14,6,5
rest-004,2025-10-14,7,3
rest-004,2025-10-14,8,12
rest-004,2025-10-15,1,23
rest-004,2025-10-15,2,8
rest-004,2025-10-15,3,13
rest-004,2025-10-15,4,17
rest-004,2025-10-15,5,5
rest-004,2025-10-15,6,7
rest-004,2025-10-15,7,7
rest-004,2025-10-15,8,14
rest-004,2025-10-16,1,34
rest-004,2025-10-16,2,11
rest-004,2025-10-16,3,19
rest-004,2025-10-16,4,18
rest-004,2025-10-16,5,5
rest-004,2025-10-16,6,4
rest-004,2025-10-16,7,3
rest-004,2025-10-16,8,13
rest-004,2025-10-17,1,14
rest-004,2025-10-17,2,11
rest-004,2025-10-17,3,13
rest-004,2025-10-17,4,12
rest-004,2025-10-17,5,4
rest-004,2025-10-17,6,5
rest-004,2025-10-17,7,2
rest-004,2025-10-17,8,10
rest-004,2025-10-18,1,26
rest-004,2025-10-18,2,29
rest-004,2025-10-18,3,27
rest-004,2025-10-18,4,15
rest-004,2025-10-18,5,9
rest-004,2025-10-18,6,10
rest-004,2025-10-18,7,8
rest-004,2025-10-18,8,8
rest-004,2025-10-19,1,39
rest-004,2025-10-19,2,13
rest-004,2025-10-19,3,15
rest-004,2025-10-19,4,19
rest-004,2025-10-19,5,9
rest-004,2025-10-19,6,10
rest-004,2025-10-19,7,9
rest-004,2025-10-19,8,13
rest-004,2025-10-20,1,21
rest-004,2025-10-20,2,17
rest-004,2025-10-20,3,26
rest-004,2025-10-20,4,19
rest-004,2025-10-20,5,11
rest-004,2025-10-20,6,4
rest-004,2025-10-20,7,2
rest-004,2025-10-20,8,9
rest-004,2025-10-21,1,32
rest-004,2025-10-21,2,13
rest-004,2025-10-21,3,17
rest-004,2025-10-21,4,9
rest-004,2025-10-21,5,9
rest-004,2025-10-21,6,2
rest-004,2025-10-21,7,2
rest-004,2025-10-21,8,10
rest-004,2025-10-22,1,26
rest-004,2025-10-22,2,16
rest-004,2025-10-22,3,11
rest-004,2025-10-22,4,15
rest-004,2025-10-22,5,5
rest-004,2025-10-22,6,5
rest-004,2025-10-22,7,3
rest-004,2025-10-22,8,10
rest-004,2025-10-23,1,22
rest-004,2025-10-23,2,20
rest-004,2025-10-23,3,24
rest-004,2025-10-23,4,11
rest-004,2025-10-23,5,10
rest-004,2025-10-23,6,7
rest-004,2025-10-23,7,4
rest-004,2025-10-23,8,7
rest-004,2025-10-24,1,25
rest-004,2025-10-24,2,14
rest-004,2025-10-24,3,16
rest-004,2025-10-24,4,15
rest-004,2025-10-24,5,2
rest-004,2025-10-24,6,7
rest-004,2025-10-24,7,7
rest-004,2025-10-24,8,8
rest-004,2025-10-25,1,35
rest-004,2025-10-25,2,22
rest-004,2025-10-25,3,27
rest-004,2025-10-25,4,14
rest-004,2025-10-25,5,8
rest-004,2025-10-25,6,10
rest-004,2025-10-25,7,5
rest-004,2025-10-25,8,9
rest-004,2025-10-26,1,45
rest-004,2025-10-26,2,24
rest-004,2025-10-26,3,36
rest-004,2025-10-26,4,12
rest-004,2025-10-26,5,8
rest-004,2025-10-26,6,11
rest-004,2025-10-26,7,7
rest-004,2025-10-26,8,8
rest-004,2025-10-27,1,29
rest-004,2025-10-27,2,25
rest-004,2025-10-27,3,18
rest-004,2025-10-27,4,18
rest-004,2025-10-27,5,7
rest-004,2025-10-27,6,5
rest-004,2025-10-27,7,4
rest-004,2025-10-27,8,3
rest-004,2025-10-28,1,27
rest-004,2025-10-28,2,33
rest-004,2025-10-28,3,8
rest-004,2025-10-28,4,10
rest-004,2025-10-28,5,8
rest-004,2025-10-28,6,6
rest-004,2025-10-28,7,2
rest-004,2025-10-28,8,5
rest-004,2025-10-29,1,25
rest-004,2025-10-29,2,18
rest-004,2025-10-29,3,23
rest-004,2025-10-29,4,27
rest-004,2025-10-29,5,12
rest-004,2025-10-29,6,5
rest-004,2025-10-29,7,2
rest-004,2025-10-29,8,13
rest-004,2025-10-30,1,42
rest-004,2025-10-30,2,19
rest-004,2025-10-30,3,19
rest-004,2025-10-30,4,21
rest-004,2025-10-30,5,3
rest-004,2025-10-30,6,7
rest-004,2025-10-30,7,3
rest-004,2025-10-30,8,10
rest-004,2025-10-31,1,22
rest-004,2025-10-31,2,26
rest-004,2025-10-31,3,33
rest-004,2025-10-31,4,20
rest-004,2025-10-31,5,17
rest-004,2025-10-31,6,3
rest-004,2025-10-31,7,2
rest-004,2025-10-31,8,13
rest-004,2025-11-01,1,25
rest-004,2025-11-01,2,14
rest-004,2025-11-01,3,39
rest-004,2025-11-01,4,24
rest-004,2025-11-01,5,4
rest-004,2025-11-01,6,10
rest-004,2025-11-01,7,13
rest-004,2025-11-01,8,6
rest-004,2025-11-02,1,51
rest-004,2025-11-02,2,35
rest-004,2025-11-02,3,18
rest-004,2025-11-02,4,19
rest-004,2025-11-02,5,9
rest-004,2025-11-02,6,8
rest-004,2025-11-02,7,7
rest-004,2025-11-02,8,8
rest-004,2025-11-03,1,35
rest-004,2025-11-03,2,16
rest-004,2025-11-03,3,20
rest-004,2025-11-03,4,9
rest-004,2025-11-03,5,9
rest-004,2025-11-03,6,14
rest-004,2025-11-03,7,2
rest-004,2025-11-03,8,5
rest-004,2025-11-04,1,26
rest-004,2025-11-04,2,21
rest-004,2025-11-04,3,16
rest-004,2025-11-04,4,15
rest-004,2025-11-04,5,14
rest-004,2025-11-04,6,6
rest-004,2025-11-04,7,11
rest-004,2025-11-04,8,9
rest-004,2025-11-05,1,46
rest-004,2025-11-05,2,41
rest-004,2025-11-05,3,26
rest-004,2025-11-05,4,18
rest-004,2025-11-05,5,13
rest-004,2025-11-05,6,3
rest-004,2025-11-05,7,5
rest-004,2025-11-05,8,16
rest-004,2025-11-06,1,43
rest-004,2025-11-06,2,20
rest-004,2025-11-06,3,27
rest-004,2025-11-06,4,6
rest-004,2025-11-06,5,4
rest-004,2025-11-06,6,6
rest-004,2025-11-06,7,11
rest-004,2025-11-06,8,16
rest-004,2025-11-07,1,36
rest-004,2025-11-07,2,23
rest-004,2025-11-07,3,28
rest-004,2025-11-07,4,6
rest-004,2025-11-07,5,7
rest-004,2025-11-07,6,8
rest-004,2025-11-07,7,5
rest-004,2025-11-07,8,15
rest-004,2025-11-08,1,20
rest-004,2025-11-08,2,32
rest-004,2025-11-08,3,26
rest-004,2025-11-08,4,15
rest-004,2025-11-08,5,8
rest-004,2025-11-08,6,6
rest-004,2025-11-08,7,8
rest-004,2025-11-08,8,9
rest-004,2025-11-09,1,42
rest-004,2025-11-09,2,43
rest-004,2025-11-09,3,39
rest-004,2025-11-09,4,24
rest-004,2025-11-09,5,8
rest-004,2025-11-09,6,7
rest-004,2025-11-09,7,9
rest-004,2025-11-09,8,23
rest-004,2025-11-10,1,29
rest-004,2025-11-10,2,10
rest-004,2025-11-10,3,19
rest-004,2025-11-10,4,11
rest-004,2025-11-10,5,15
rest-004,2025-11-10,6,11
rest-004,2025-11-10,7,8
rest-004,2025-11-10,8,6
rest-004,2025-11-11,1,19
rest-004,2025-11-11,2,16
rest-004,2025-11-11,3,16
rest-004,2025-11-11,4,17
rest-004,2025-11-11,5,8
rest-004,2025-11-11,6,9
rest-004,2025-11-11,7,6
rest-004,2025-11-11,8,9
rest-004,2025-11-12,1,19
rest-004,2025-11-12,2,17
rest-004,2025-11-12,3,26
rest-004,2025-11-12,4,19
rest-004,2025-11-12,5,8
rest-004,2025-11-12,6,2
rest-004,2025-11-12,7,7
rest-004,2025-11-12,8,10
rest-004,2025-11-13,1,24
rest-004,2025-11-13,2,9
rest-004,2025-11-13,3,32
rest-004,2025-11-13,4,11
rest-004,2025-11-13,5,9
rest-004,2025-11-13,6,16
rest-004,2025-11-13,7,4
rest-004,2025-11-13,8,9
rest-004,2025-11-14,1,27
rest-004,2025-11-14,2,19
rest-004,2025-11-14,3,12
rest-004,2025-11-14,4,15
rest-004,2025-11-14,5,6
rest-004,2025-11-14,6,3
rest-004,2025-11-14,7,9
rest-004,2025-11-14,8,9
rest-004,2025-11-15,1,22
rest-004,2025-11-15,2,27
rest-004,2025-11-15,3,26
rest-004,2025-11-15,4,19
rest-004,2025-11-15,5,5
rest-004,2025-11-15,6,5
rest-004,2025-11-15,7,4
rest-004,2025-11-15,8,13
rest-004,2025-11-16,1,32
rest-004,2025-11-16,2,18
rest-004,2025-11-16,3,23
rest-004,2025-11-16,4,32
rest-004,2025-11-16,5,5
rest-004,2025-11-16,6,5
rest-004,2025-11-16,7,4
rest-004,2025-11-16,8,8
rest-004,2025-11-17,1,29
rest-004,2025-11-17,2,19
rest-004,2025-11-17,3,10
rest-004,2025-11-17,4,22
rest-004,2025-11-17,5,6
rest-004,2025-11-17,6,8
rest-004,2025-11-17,7,3
rest-004,2025-11-17,8,11
rest-004,2025-11-18,1,25
rest-004,2025-11-18,2,20
rest-004,2025-11-18,3,10
rest-004,2025-11-18,4,14
rest-004,2025-11-18,5,6
rest-004,2025-11-18,6,3
rest-004,2025-11-18,7,6
rest-004,2025-11-18,8,12
rest-004,2025-11-19,1,28
rest-004,2025-11-19,2,10
rest-004,2025-11-19,3,17
rest-004,2025-11-19,4,23
rest-004,2025-11-19,5,6
rest-004,2025-11-19,6,5
rest-004,2025-11-19,7,7
rest-004,2025-11-19,8,12
rest-004,2025-11-20,1,16
rest-004,2025-11-20,2,25
rest-004,2025-11-20,3,21
rest-004,2025-11-20,4,6
rest-004,2025-11-20,5,9
rest-004,2025-11-20,6,9
rest-004,2025-11-20,7,7
rest-004,2025-11-20,8,5
rest-004,2025-11-21,1,28
rest-004,2025-11-21,2,16
rest-004,2025-11-21,3,17
rest-004,2025-11-21,4,22
rest-004,2025-11-21,5,3
rest-004,2025-11-21,6,6
rest-004,2025-11-21,7,5
rest-004,2025-11-21,8,7
rest-004,2025-11-22,1,42
rest-004,2025-11-22,2,14
rest-004,2025-11-22,3,29
rest-004,2025-11-22,4,11
rest-004,2025-11-22,5,10
rest-004,2025-11-22,6,3
rest-004,2025-11-22,7,5
rest-004,2025-11-22,8,13
rest-004,2025-11-23,1,20
rest-004,2025-11-23,2,16
rest-004,2025-11-23,3,22
rest-004,2025-11-23,4,22
rest-004,2025-11-23,5,16
rest-004,2025-11-23,6,6
rest-004,2025-11-23,7,1
rest-004,2025-11-23,8,12
rest-004,2025-11-24,1,22
rest-004,2025-11-24,2,16
rest-004,2025-11-24,3,17
rest-004,2025-11-24,4,3
rest-004,2025-11-24,5,4
rest-004,2025-11-24,6,5
rest-004,2025-11-24,7,1
rest-004,2025-11-24,8,12
rest-004,2025-11-25,1,24
rest-004,2025-11-25,2,18
rest-004,2025-11-25,3,44
rest-004,2025-11-25,4,13
rest-004,2025-11-25,5,5
rest-004,2025-11-25,6,6
rest-004,2025-11-25,7,6
rest-004,2025-11-25,8,16
rest-004,2025-11-26,1,22
rest-004,2025-11-26,2,18
rest-004,2025-11-26,3,16
rest-004,2025-11-26,4,17
rest-004,2025-11-26,5,3
rest-004,2025-11-26,6,6
rest-004,2025-11-26,7,3
rest-004,2025-11-26,8,8
rest-004,2025-11-27,1,20
rest-004,2025-11-27,2,10
rest-004,2025-11-27,3,16
rest-004,2025-11-27,4,8
rest-004,2025-11-27,5,19
rest-004,2025-11-27,6,12
rest-004,2025-11-27,7,5
rest-004,2025-11-27,8,11
rest-005,2025-06-01,1,26
rest-005,2025-06-01,2,30
rest-005,2025-06-01,3,55
rest-005,2025-06-01,4,11
rest-005,2025-06-01,5,11
rest-005,2025-06-01,6,4
rest-005,2025-06-01,7,7
rest-005,2025-06-01,8,7
rest-005,2025-06-02,1,31
rest-005,2025-06-02,2,26
rest-005,2025-06-02,3,38
rest-005,2025-06-02,4,12
rest-005,2025-06-02,5,5
rest-005,2025-06-02,6,2
rest-005,2025-06-02,7,12
rest-005,2025-06-02,8,7
rest-005,2025-06-03,1,37
rest-005,2025-06-03,2,11
rest-005,2025-06-03,3,30
rest-005,2025-06-03,4,20
rest-005,2025-06-03,5,10
rest-005,2025-06-03,6,8
rest-005,2025-06-03,7,8
rest-005,2025-06-03,8,6
rest-005,2025-06-04,1,49
rest-005,2025-06-04,2,14
rest-005,2025-06-04,3,33
rest-005,2025-06-04,4,10
rest-005,2025-06-04,5,12
rest-005,2025-06-04,6,7
rest-005,2025-06-04,7,4
rest-005,2025-06-04,8,11
rest-005,2025-06-05,1,38
rest-005,2025-06-05,2,28
rest-005,2025-06-05,3,35
rest-005,2025-06-05,4,16
rest-005,2025-06-05,5,7
rest-005,2025-06-05,6,6
rest-005,2025-06-05,7,2
rest-005,2025-06-05,8,12
rest-005,2025-06-06,1,32
rest-005,2025-06-06,2,27
rest-005,2025-06-06,3,40
rest-005,2025-06-06,4,21
rest-005,2025-06-06,5,6
rest-005,2025-06-06,6,10
rest-005,2025-06-06,7,1
rest-005,2025-06-06,8,14
rest-005,2025-06-07,1,45
rest-005,2025-06-07,2,11
rest-005,2025-06-07,3,61
rest-005,2025-06-07,4,13
rest-005,2025-06-07,5,7
rest-005,2025-06-07,6,7
rest-005,2025-06-07,7,9
rest-005,2025-06-07,8,21
rest-005,2025-06-08,1,51
rest-005,2025-06-08,2,26
rest-005,2025-06-08,3,39
rest-005,2025-06-08,4,30
rest-005,2025-06-08,5,16
rest-005,2025-06-08,6,2
rest-005,2025-06-08,7,4
rest-005,2025-06-08,8,12
rest-005,2025-06-09,1,42
rest-005,2025-06-09,2,20
rest-005,2025-06-09,3,26
rest-005,2025-06-09,4,19
rest-005,2025-06-09,5,6
rest-005,2025-06-09,6,11
rest-005,2025-06-09,7,11
rest-005,2025-06-09,8,9
rest-005,2025-06-10,1,30
rest-005,2025-06-10,2,20
rest-005,2025-06-10,3,37
rest-005,2025-06-10,4,8
rest-005,2025-06-10,5,10
rest-005,2025-06-10,6,12
rest-005,2025-06-10,7,5
rest-005,2025-06-10,8,9
rest-005,2025-06-11,1,21
rest-005,2025-06-11,2,40
rest-005,2025-06-11,3,24
rest-005,2025-06-11,4,15
rest-005,2025-06-11,5,6
rest-005,2025-06-11,6,8
rest-005,2025-06-11,7,8
rest-005,2025-06-11,8,9
rest-005,2025-06-12,1,36
rest-005,2025-06-12,2,17
rest-005,2025-06-12,3,27
rest-005,2025-06-12,4,27
rest-005,2025-06-12,5,18
rest-005,2025-06-12,6,7
rest-005,2025-06-12,7,4
rest-005,2025-06-12,8,13
rest-005,2025-06-13,1,34
rest-005,2025-06-13,2,22
rest-005,2025-06-13,3,29
rest-005,2025-06-13,4,12
rest-005,2025-06-13,5,3
rest-005,2025-06-13,6,4
rest-005,2025-06-13,7,5
rest-005,2025-06-13,8,7
rest-005,2025-06-14,1,29
rest-005,2025-06-14,2,32
rest-005,2025-06-14,3,22
rest-005,2025-06-14,4,12
rest-005,2025-06-14,5,9
rest-005,2025-06-14,6,11
rest-005,2025-06-14,7,4
rest-005,2025-06-14,8,9
rest-005,2025-06-15,1,31
rest-005,2025-06-15,2,33
rest-005,2025-06-15,3,33
rest-005,2025-06-15,4,19
rest-005,2025-06-15,5,10
rest-005,2025-06-15,6,5
rest-005,2025-06-15,7,8
rest-005,2025-06-15,8,8
rest-005,2025-06-16,1,41
rest-005,2025-06-16,2,39
rest-005,2025-06-16,3,28
rest-005,2025-06-16,4,14
rest-005,2025-06-16,5,6
rest-005,2025-06-16,7,11
rest-005,2025-06-16,8,9
rest-005,2025-06-17,1,40
rest-005,2025-06-17,2,10
rest-005,2025-06-17,3,39
rest-005,2025-06-17,4,17
rest-005,2025-06-17,5,2
rest-005,2025-06-17,6,9
rest-005,2025-06-17,7,5
rest-005,2025-06-17,8,10
rest-005,2025-06-18,1,23
rest-005,2025-06-18,2,12
rest-005,2025-06-18,3,34
rest-005,2025-06-18,4,21
rest-005,2025-06-18,5,10
rest-005,2025-06-18,6,7
rest-005,2025-06-18,7,6
rest-005,2025-06-18,8,2
rest-005,2025-06-19,1,31
rest-005,2025-06-19,2,21
rest-005,2025-06-19,3,24
rest-005,2025-06-19,4,17
rest-005,2025-06-19,6,4
rest-005,2025-06-19,7,5
rest-005,2025-06-19,8,5
rest-005,2025-06-20,1,36
rest-005,2025-06-20,2,14
rest-005,2025-06-20,3,30
rest-005,2025-06-20,4,10
rest-005,2025-06-20,5,8
rest-005,2025-06-20,6,6
rest-005,2025-06-20,7,8
rest-005,2025-06-20,8,10
rest-005,2025-06-21,1,34
rest-005,2025-06-21,2,21
rest-005,2025-06-21,3,41
rest-005,2025-06-21,4,16
rest-005,2025-06-21,5,8
rest-005,2025-06-21,6,5
rest-005,2025-06-21,7,3
rest-005,2025-06-21,8,13
rest-005,2025-06-22,1,34
rest-005,2025-06-22,2,21
rest-005,2025-06-22,3,51
rest-005,2025-06-22,4,17
rest-005,2025-06-22,5,11
rest-005,2025-06-22,6,10
rest-005,2025-06-22,7,2
rest-005,2025-06-22,8,8
rest-005,2025-06-23,1,36
rest-005,2025-06-23,2,17
rest-005,2025-06-23,3,31
rest-005,2025-06-23,4,9
rest-005,2025-06-23,5,8
rest-005,2025-06-23,6,1
rest-005,2025-06-23,7,4
rest-005,2025-06-23,8,12
rest-005,2025-06-24,1,29
rest-005,2025-06-24,2,22
rest-005,2025-06-24,3,23
rest-005,2025-06-24,4,9
rest-005,2025-06-24,5,7
rest-005,2025-06-24,6,3
rest-005,2025-06-24,7,1
rest-005,2025-06-24,8,5
rest-005,2025-06-25,1,26
rest-005,2025-06-25,2,20
rest-005,2025-06-25,3,37
rest-005,2025-06-25,4,13
rest-005,2025-06-25,5,4
rest-005,2025-06-25,6,4
rest-005,2025-06-25,7,2
rest-005,2025-06-25,8,11
rest-005,2025-06-26,1,15
rest-005,2025-06-26,2,18
rest-005,2025-06-26,3,34
rest-005,2025-06-26,4,7
rest-005,2025-06-26,5,8
rest-005,2025-06-26,6,6
rest-005,2025-06-26,7,5
rest-005,2025-06-26,8,6
rest-005,2025-06-27,1,27
rest-005,2025-06-27,2,23
rest-005,2025-06-27,3,33
rest-005,2025-06-27,4,5
rest-005,2025-06-27,5,10
rest-005,2025-06-27,6,6
rest-005,2025-06-27,7,1
rest-005,2025-06-27,8,4
rest-005,2025-06-28,1,43
rest-005,2025-06-28,2,12
rest-005,2025-06-28,3,29
rest-005,2025-06-28,4,15
rest-005,2025-06-28,5,12
rest-005,2025-06-28,6,4
rest-005,2025-06-28,7,7
rest-005,2025-06-28,8,6
rest-005,2025-06-29,1,36
rest-005,2025-06-29,2,21
rest-005,2025-06-29,3,45
rest-005,2025-06-29,4,12
rest-005,2025-06-29,5,15
rest-005,2025-06-29,6,4
rest-005,2025-06-29,7,4
rest-005,2025-06-29,8,14
rest-005,2025-06-30,1,42
rest-005,2025-06-30,2,12
rest-005,2025-06-30,3,22
rest-005,2025-06-30,4,17
rest-005,2025-06-30,5,14
rest-005,2025-06-30,6,4
rest-005,2025-06-30,7,2
rest-005,2025-06-30,8,12
rest-005,2025-07-01,1,26
rest-005,2025-07-01,2,21
rest-005,2025-07-01,3,30
rest-005,2025-07-01,4,8
rest-005,2025-07-01,5,12
rest-005,2025-07-01,6,8
rest-005,2025-07-01,7,7
rest-005,2025-07-01,8,19
rest-005,2025-07-02,1,21
rest-005,2025-07-02,2,13
rest-005,2025-07-02,3,37
rest-005,2025-07-02,4,22
rest-005,2025-07-02,5,8
rest-005,2025-07-02,6,9
rest-005,2025-07-02,7,5
rest-005,2025-07-02,8,13
rest-005,2025-07-03,1,37
rest-005,2025-07-03,2,25
rest-005,2025-07-03,3,22
rest-005,2025-07-03,4,13
rest-005,2025-07-03,5,13
rest-005,2025-07-03,6,4
rest-005,2025-07-03,7,5
rest-005,2025-07-03,8,9
rest-005,2025-07-04,1,35
rest-005,2025-07-04,2,22
rest-005,2025-07-04,3,49
rest-005,2025-07-04,4,9
rest-005,2025-07-04,5,6
rest-005,2025-07-04,6,5
rest-005,2025-07-04,7,4
rest-005,2025-07-04,8,17
rest-005,2025-07-05,1,43
rest-005,2025-07-05,2,34
rest-005,2025-07-05,3,37
rest-005,2025-07-05,4,24
rest-005,2025-07-05,5,8
rest-005,2025-07-05,6,11
rest-005,2025-07-05,7,1
rest-005,2025-07-05,8,13
rest-005,2025-07-06,1,38
rest-005,2025-07-06,2,31
rest-005,2025-07-06,3,67
rest-005,2025-07-06,4,16
rest-005,2025-07-06,5,11
rest-005,2025-07-06,6,7
rest-005,2025-07-06,7,8
rest-005,2025-07-06,8,24
rest-005,2025-07-07,1,30
rest-005,2025-07-07,2,32
rest-005,2025-07-07,3,43
rest-005,2025-07-07,4,13
rest-005,2025-07-07,5,8
rest-005,2025-07-07,6,3
rest-005,2025-07-07,7,5
rest-005,2025-07-07,8,10
rest-005,2025-07-08,1,25
rest-005,2025-07-08,2,15
rest-005,2025-07-08,3,26
rest-005,2025-07-08,4,17
rest-005,2025-07-08,5,7
rest-005,2025-07-08,6,5
rest-005,2025-07-08,7,9
rest-005,2025-07-08,8,7
rest-005,2025-07-09,1,36
rest-005,2025-07-09,2,29
rest-005,2025-07-09,3,25
rest-005,2025-07-09,4,14
rest-005,2025-07-09,5,9
rest-005,2025-07-09,6,9
rest-005,2025-07-09,7,6
rest-005,2025-07-09,8,4
rest-005,2025-07-10,1,23
rest-005,2025-07-10,2,24
rest-005,2025-07-10,3,48
rest-005,2025-07-10,4,20
rest-005,2025-07-10,5,13
rest-005,2025-07-10,6,3
rest-005,2025-07-10,7,6
rest-005,2025-07-10,8,16
rest-005,2025-07-11,1,27
rest-005,2025-07-11,2,18
rest-005,2025-07-11,3,27
rest-005,2025-07-11,4,21
rest-005,2025-07-11,5,10
rest-005,2025-07-11,6,8
rest-005,2025-07-11,7,3
rest-005,2025-07-11,8,8
rest-005,2025-07-12,1,46
rest-005,2025-07-12,2,31
rest-005,2025-07-12,3,31
rest-005,2025-07-12,4,18
rest-005,2025-07-12,5,1
rest-005,2025-07-12,6,8
rest-005,2025-07-12,7,3
rest-005,2025-07-12,8,8
rest-005,2025-07-13,1,34
rest-005,2025-07-13,2,20
rest-005,2025-07-13,3,75
rest-005,2025-07-13,4,20
rest-005,2025-07-13,5,12
rest-005,2025-07-13,6,6
rest-005,2025-07-13,7,4
rest-005,2025-07-13,8,6
rest-005,2025-07-14,1,33
rest-005,2025-07-14,2,19
rest-005,2025-07-14,3,41
rest-005,2025-07-14,4,12
rest-005,2025-07-14,5,11
rest-005,2025-07-14,6,3
rest-005,2025-07-14,7,3
rest-005,2025-07-14,8,14
rest-005,2025-07-15,1,22
rest-005,2025-07-15,2,11
rest-005,2025-07-15,3,27
rest-005,2025-07-15,4,20
rest-005,2025-07-15,5,5
rest-005,2025-07-15,6,3
rest-005,2025-07-15,7,1
rest-005,2025-07-15,8,11
rest-005,2025-07-16,1,38
rest-005,2025-07-16,2,15
rest-005,2025-07-16,3,25
rest-005,2025-07-16,4,4
rest-005,2025-07-16,5,12
rest-005,2025-07-16,6,5
rest-005,2025-07-16,7,6
rest-005,2025-07-16,8,7
rest-005,2025-07-17,1,41
rest-005,2025-07-17,2,21
rest-005,2025-07-17,3,35
rest-005,2025-07-17,4,16
rest-005,2025-07-17,5,7
rest-005,2025-07-17,6,4
rest-005,2025-07-17,7,4
rest-005,2025-07-17,8,13
rest-005,2025-07-18,1,27
rest-005,2025-07-18,2,23
rest-005,2025-07-18,3,29
rest-005,2025-07-18,4,22
rest-005,2025-07-18,5,7
rest-005,2025-07-18,6,9
rest-005,2025-07-18,7,6
rest-005,2025-07-18,8,4
rest-005,2025-07-19,1,15
rest-005,2025-07-19,2,19
rest-005,2025-07-19,3,34
rest-005,2025-07-19,4,19
rest-005,2025-07-19,5,4
rest-005,2025-07-19,6,4
rest-005,2025-07-19,7,11
rest-005,2025-07-19,8,3
rest-005,2025-07-20,1,51
rest-005,2025-07-20,2,13
rest-005,2025-07-20,3,39
rest-005,2025-07-20,4,19
rest-005,2025-07-20,5,8
rest-005,2025-07-20,6,13
rest-005,2025-07-20,7,6
rest-005,2025-07-20,8,10
rest-005,2025-07-21,1,32
rest-005,2025-07-21,2,14
rest-005,2025-07-21,3,33
rest-005,2025-07-21,4,15
rest-005,2025-07-21,5,8
rest-005,2025-07-21,6,7
rest-005,2025-07-21,7,2
rest-005,2025-07-21,8,14
rest-005,2025-07-22,1,30
rest-005,2025-07-22,2,17
rest-005,2025-07-22,3,24
rest-005,2025-07-22,4,12
rest-005,2025-07-22,5,4
rest-005,2025-07-22,6,2
rest-005,2025-07-22,7,4
rest-005,2025-07-22,8,12
rest-005,2025-07-23,1,18
rest-005,2025-07-23,2,13
rest-005,2025-07-23,3,25
rest-005,2025-07-23,4,5
rest-005,2025-07-23,5,6
rest-005,2025-07-23,6,11
rest-005,2025-07-23,7,3
rest-005,2025-07-23,8,6
rest-005,2025-07-24,1,12
rest-005,2025-07-24,2,16
rest-005,2025-07-24,3,21
rest-005,2025-07-24,4,4
rest-005,2025-07-24,5,15
rest-005,2025-07-24,6,11
rest-005,2025-07-24,7,5
rest-005,2025-07-24,8,8
rest-005,2025-07-25,1,31
rest-005,2025-07-25,2,9
rest-005,2025-07-25,3,30
rest-005,2025-07-25,4,12
rest-005,2025-07-25,5,15
rest-005,2025-07-25,6,5
rest-005,2025-07-25,7,6
rest-005,2025-07-25,8,3
rest-005,2025-07-26,1,31
rest-005,2025-07-26,2,29
rest-005,2025-07-26,3,40
rest-005,2025-07-26,4,15
rest-005,2025-07-26,5,6
rest-005,2025-07-26,6,4
rest-005,2025-07-26,7,3
rest-005,2025-07-26,8,14
rest-005,2025-07-27,1,49
rest-005,2025-07-27,2,15
rest-005,2025-07-27,3,42
rest-005,2025-07-27,4,19
rest-005,2025-07-27,5,4
rest-005,2025-07-27,6,11
rest-005,2025-07-27,7,2
rest-005,2025-07-27,8,5
rest-005,2025-07-28,1,29
rest-005,2025-07-28,2,19
rest-005,2025-07-28,3,34
rest-005,2025-07-28,4,16
rest-005,2025-07-28,5,7
rest-005,2025-07-28,6,8
rest-005,2025-07-28,7,6
rest-005,2025-07-28,8,8
rest-005,2025-07-29,1,28
rest-005,2025-07-29,2,24
rest-005,2025-07-29,3,37
rest-005,2025-07-29,4,11
rest-005,2025-07-29,5,8
rest-005,2025-07-29,6,2
rest-005,2025-07-29,7,5
rest-005,2025-07-29,8,5
rest-005,2025-07-30,1,41
rest-005,2025-07-30,2,13
rest-005,2025-07-30,3,35
rest-005,2025-07-30,4,9
rest-005,2025-07-30,5,5
rest-005,2025-07-30,6,3
rest-005,2025-07-30,7,6
rest-005,2025-07-30,8,9
rest-005,2025-07-31,1,28
rest-005,2025-07-31,2,16
rest-005,2025-07-31,3,56
rest-005,2025-07-31,4,8
rest-005,2025-07-31,5,11
rest-005,2025-07-31,6,5
rest-005,2025-07-31,7,5
rest-005,2025-07-31,8,9
rest-005,2025-08-01,1,26
rest-005,2025-08-01,2,14
rest-005,2025-08-01,3,24
rest-005,2025-08-01,4,10
rest-005,2025-08-01,5,8
rest-005,2025-08-01,6,8
rest-005,2025-08-01,7,7
rest-005,2025-08-01,8,12
rest-005,2025-08-02,1,20
rest-005,2025-08-02,2,29
rest-005,2025-08-02,3,48
rest-005,2025-08-02,4,23
rest-005,2025-08-02,5,11
rest-005,2025-08-02,6,9
rest-005,2025-08-02,7,5
rest-005,2025-08-02,8,12
rest-005,2025-08-03,1,26
rest-005,2025-08-03,2,34
rest-005,2025-08-03,3,37
rest-005,2025-08-03,4,19
rest-005,2025-08-03,5,17
rest-005,2025-08-03,6,6
rest-005,2025-08-03,7,9
rest-005,2025-08-03,8,8
rest-005,2025-08-04,1,25
rest-005,2025-08-04,2,20
rest-005,2025-08-04,3,51
rest-005,2025-08-04,4,27
rest-005,2025-08-04,5,10
rest-005,2025-08-04,6,6
rest-005,2025-08-04,7,5
rest-005,2025-08-04,8,3
rest-005,2025-08-05,1,48
rest-005,2025-08-05,2,21
rest-005,2025-08-05,3,33
rest-005,2025-08-05,4,25
rest-005,2025-08-05,5,5
rest-005,2025-08-05,6,11
rest-005,2025-08-05,7,3
rest-005,2025-08-05,8,15
rest-005,2025-08-06,1,17
rest-005,2025-08-06,2,25
rest-005,2025-08-06,3,34
rest-005,2025-08-06,4,17
rest-005,2025-08-06,5,14
rest-005,2025-08-06,6,15
rest-005,2025-08-06,7,5
rest-005,2025-08-06,8,18
rest-005,2025-08-07,1,25
rest-005,2025-08-07,2,14
rest-005,2025-08-07,3,27
rest-005,2025-08-07,4,16
rest-005,2025-08-07,5,12
rest-005,2025-08-07,6,12
rest-005,2025-08-07,7,8
rest-005,2025-08-07,8,8
rest-005,2025-08-08,1,20
rest-005,2025-08-08,2,26
rest-005,2025-08-08,3,67
rest-005,2025-08-08,4,20
rest-005,2025-08-08,5,8
rest-005,2025-08-08,6,10
rest-005,2025-08-08,7,6
rest-005,2025-08-08,8,15
rest-005,2025-08-09,1,57
rest-005,2025-08-09,2,25
rest-005,2025-08-09,3,57
rest-005,2025-08-09,4,35
rest-005,2025-08-09,5,16
rest-005,2025-08-09,6,8
rest-005,2025-08-09,7,13
rest-005,2025-08-09,8,14
rest-005,2025-08-10,1,35
rest-005,2025-08-10,2,20
rest-005,2025-08-10,3,33
rest-005,2025-08-10,4,23
rest-005,2025-08-10,5,14
rest-005,2025-08-10,6,1
rest-005,2025-08-10,7,5
rest-005,2025-08-10,8,9
rest-005,2025-08-11,1,26
rest-005,2025-08-11,2,13
rest-005,2025-08-11,3,46
rest-005,2025-08-11,4,17
rest-005,2025-08-11,5,10
rest-005,2025-08-11,6,3
rest-005,2025-08-11,7,5
rest-005,2025-08-11,8,16
rest-005,2025-08-12,1,24
rest-005,2025-08-12,2,15
rest-005,2025-08-12,3,27
rest-005,2025-08-12,4,18
rest-005,2025-08-12,5,7
rest-005,2025-08-12,6,4
rest-005,2025-08-12,7,5
rest-005,2025-08-12,8,8
rest-005,2025-08-13,1,18
rest-005,2025-08-13,2,13
rest-005,2025-08-13,3,22
rest-005,2025-08-13,4,18
rest-005,2025-08-13,5,6
rest-005,2025-08-13,6,8
rest-005,2025-08-13,7,4
rest-005,2025-08-13,8,14
rest-005,2025-08-14,1,44
rest-005,2025-08-14,2,19
rest-005,2025-08-14,3,24
rest-005,2025-08-14,4,24
rest-005,2025-08-14,5,6
rest-005,2025-08-14,6,1
rest-005,2025-08-14,7,4
rest-005,2025-08-14,8,14
rest-005,2025-08-15,1,33
rest-005,2025-08-15,2,18
rest-005,2025-08-15,3,45
rest-005,2025-08-15,4,13
rest-005,2025-08-15,5,15
rest-005,2025-08-15,6,8
rest-005,2025-08-15,7,3
rest-005,2025-08-15,8,4
rest-005,2025-08-16,1,41
rest-005,2025-08-16,2,30
rest-005,2025-08-16,3,37
rest-005,2025-08-16,4,18
rest-005,2025-08-16,5,8
rest-005,2025-08-16,6,15
rest-005,2025-08-16,7,2
rest-005,2025-08-16,8,23
rest-005,2025-08-17,1,23
rest-005,2025-08-17,2,14
rest-005,2025-08-17,3,45
rest-005,2025-08-17,4,8
rest-005,2025-08-17,5,9
rest-005,2025-08-17,6,1
rest-005,2025-08-17,7,6
rest-005,2025-08-17,8,9
rest-005,2025-08-18,1,25
rest-005,2025-08-18,2,17
rest-005,2025-08-18,3,25
rest-005,2025-08-18,4,21
rest-005,2025-08-18,5,7
rest-005,2025-08-18,6,10
rest-005,2025-08-18,7,5
rest-005,2025-08-18,8,8
rest-005,2025-08-19,1,22
rest-005,2025-08-19,2,15
rest-005,2025-08-19,3,29
rest-005,2025-08-19,4,12
rest-005,2025-08-19,5,3
rest-005,2025-08-19,6,8
rest-005,2025-08-19,7,9
rest-005,2025-08-19,8,15
rest-005,2025-08-20,1,26
rest-005,2025-08-20,2,21
rest-005,2025-08-20,3,37
rest-005,2025-08-20,4,8
rest-005,2025-08-20,5,11
rest-005,2025-08-20,6,2
rest-005,2025-08-20,7,5
rest-005,2025-08-20,8,8
rest-005,2025-08-21,1,47
rest-005,2025-08-21,2,17
rest-005,2025-08-21,3,33
rest-005,2025-08-21,4,16
rest-005,2025-08-21,5,5
rest-005,2025-08-21,6,3
rest-005,2025-08-21,7,4
rest-005,2025-08-21,8,7
rest-005,2025-08-22,1,29
rest-005,2025-08-22,2,17
rest-005,2025-08-22,3,46
rest-005,2025-08-22,4,11
rest-005,2025-08-22,5,5
rest-005,2025-08-22,6,2
rest-005,2025-08-22,7,4
rest-005,2025-08-22,8,12
rest-005,2025-08-23,1,30
rest-005,2025-08-23,2,18
rest-005,2025-08-23,3,38
rest-005,2025-08-23,4,13
rest-005,2025-08-23,5,5
rest-005,2025-08-23,6,7
rest-005,2025-08-23,7,7
rest-005,2025-08-23,8,9
rest-005,2025-08-24,1,48
rest-005,2025-08-24,2,21
rest-005,2025-08-24,3,49
rest-005,2025-08-24,4,8
rest-005,2025-08-24,5,8
rest-005,2025-08-24,6,6
rest-005,2025-08-24,7,6
rest-005,2025-08-24,8,5
rest-005,2025-08-25,1,27
rest-005,2025-08-25,2,32
rest-005,2025-08-25,3,37
rest-005,2025-08-25,4,16
rest-005,2025-08-25,5,9
rest-005,2025-08-25,6,7
rest-005,2025-08-25,7,5
rest-005,2025-08-25,8,10
rest-005,2025-08-26,1,19
rest-005,2025-08-26,2,11
rest-005,2025-08-26,3,39
rest-005,2025-08-26,4,16
rest-005,2025-08-26,5,8
rest-005,2025-08-26,6,3
rest-005,2025-08-26,7,6
rest-005,2025-08-26,8,10
rest-005,2025-08-27,1,28
rest-005,2025-08-27,2,27
rest-005,2025-08-27,3,21
rest-005,2025-08-27,4,16
rest-005,2025-08-27,5,3
rest-005,2025-08-27,6,3
rest-005,2025-08-27,7,3
rest-005,2025-08-27,8,4
rest-005,2025-08-28,1,24
rest-005,2025-08-28,2,22
rest-005,2025-08-28,3,36
rest-005,2025-08-28,4,16
rest-005,2025-08-28,5,11
rest-005,2025-08-28,6,10
rest-005,2025-08-28,7,2
rest-005,2025-08-28,8,7
rest-005,2025-08-29,1,28
rest-005,2025-08-29,2,18
rest-005,2025-08-29,3,36
rest-005,2025-08-29,4,16
rest-005,2025-08-29,5,14
rest-005,2025-08-29,6,3
rest-005,2025-08-29,7,3
rest-005,2025-08-29,8,10
rest-005,2025-08-30,1,34
rest-005,2025-08-30,2,33
rest-005,2025-08-30,3,57
rest-005,2025-08-30,4,21
rest-005,2025-08-30,5,6
rest-005,2025-08-30,6,7
rest-005,2025-08-30,7,11
rest-005,2025-08-30,8,11
rest-005,2025-08-31,1,37
rest-005,2025-08-31,2,24
rest-005,2025-08-31,3,74
rest-005,2025-08-31,4,9
rest-005,2025-08-31,5,10
rest-005,2025-08-31,6,9
rest-005,2025-08-31,7,8
rest-005,2025-08-31,8,14
rest-005,2025-09-01,1,26
rest-005,2025-09-01,2,14
rest-005,2025-09-01,3,28
rest-005,2025-09-01,4,20
rest-005,2025-09-01,5,2
rest-005,2025-09-01,6,11
rest-005,2025-09-01,7,1
rest-005,2025-09-01,8,14
rest-005,2025-09-02,1,34
rest-005,2025-09-02,2,23
rest-005,2025-09-02,3,17
rest-005,2025-09-02,4,17
rest-005,2025-09-02,5,11
rest-005,2025-09-02,6,8
rest-005,2025-09-02,7,5
rest-005,2025-09-02,8,12
rest-005,2025-09-03,1,39
rest-005,2025-09-03,2,20
rest-005,2025-09-03,3,47
rest-005,2025-09-03,4,21
rest-005,2025-09-03,5,8
rest-005,2025-09-03,6,4
rest-005,2025-09-03,7,5
rest-005,2025-09-03,8,10
rest-005,2025-09-04,1,30
rest-005,2025-09-04,2,13
rest-005,2025-09-04,3,40
rest-005,2025-09-04,4,12
rest-005,2025-09-04,5,9
rest-005,2025-09-04,6,8
rest-005,2025-09-04,7,7
rest-005,2025-09-04,8,15
rest-005,2025-09-05,1,33
rest-005,2025-09-05,2,17
rest-005,2025-09-05,3,33
rest-005,2025-09-05,4,10
rest-005,2025-09-05,5,11
rest-005,2025-09-05,6,6
rest-005,2025-09-05,7,5
rest-005,2025-09-05,8,9
rest-005,2025-09-06,1,46
rest-005,2025-09-06,2,14
rest-005,2025-09-06,3,30
rest-005,2025-09-06,4,13
rest-005,2025-09-06,5,13
rest-005,2025-09-06,6,11
rest-005,2025-09-06,7,4
rest-005,2025-09-06,8,14
rest-005,2025-09-07,1,58
rest-005,2025-09-07,2,34
rest-005,2025-09-07,3,59
rest-005,2025-09-07,4,25
rest-005,2025-09-07,5,9
rest-005,2025-09-07,6,11
rest-005,2025-09-07,7,4
rest-005,2025-09-07,8,10
rest-005,2025-09-08,1,30
rest-005,2025-09-08,2,19
rest-005,2025-09-08,3,55
rest-005,2025-09-08,4,15
rest-005,2025-09-08,5,9
rest-005,2025-09-08,6,9
rest-005,2025-09-08,7,9
rest-005,2025-09-08,8,18
rest-005,2025-09-09,1,39
rest-005,2025-09-09,2,9
rest-005,2025-09-09,3,31
rest-005,2025-09-09,4,16
rest-005,2025-09-09,5,5
rest-005,2025-09-09,6,4
rest-005,2025-09-09,7,3
rest-005,2025-09-09,8,9
rest-005,2025-09-10,1,48
rest-005,2025-09-10,2,24
rest-005,2025-09-10,3,49
rest-005,2025-09-10,4,21
rest-005,2025-09-10,5,5
rest-005,2025-09-10,6,7
rest-005,2025-09-10,7,6
rest-005,2025-09-10,8,20
rest-005,2025-09-11,1,22
rest-005,2025-09-11,2,17
rest-005,2025-09-11,3,48
rest-005,2025-09-11,4,26
rest-005,2025-09-11,5,7
rest-005,2025-09-11,6,6
rest-005,2025-09-11,7,2
rest-005,2025-09-11,8,22
rest-005,2025-09-12,1,31
rest-005,2025-09-12,2,26
rest-005,2025-09-12,3,22
rest-005,2025-09-12,4,9
rest-005,2025-09-12,5,5
rest-005,2025-09-12,6,4
rest-005,2025-09-12,7,4
rest-005,2025-09-12,8,15
rest-005,2025-09-13,1,43
rest-005,2025-09-13,2,32
rest-005,2025-09-13,3,51
rest-005,2025-09-13,4,8
rest-005,2025-09-13,5,10
rest-005,2025-09-13,6,5
rest-005,2025-09-13,7,5
rest-005,2025-09-13,8,12
rest-005,2025-09-14,1,55
rest-005,2025-09-14,2,28
rest-005,2025-09-14,3,18
rest-005,2025-09-14,4,7
rest-005,2025-09-14,5,10
rest-005,2025-09-14,6,7
rest-005,2025-09-14,7,7
rest-005,2025-09-14,8,9
rest-005,2025-09-15,1,20
rest-005,2025-09-15,2,26
rest-005,2025-09-15,3,46
rest-005,2025-09-15,4,27
rest-005,2025-09-15,5,10
rest-005,2025-09-15,6,5
rest-005,2025-09-15,7,2
rest-005,2025-09-15,8,9
rest-005,2025-09-16,1,18
rest-005,2025-09-16,2,13
rest-005,2025-09-16,3,38
rest-005,2025-09-16,4,19
rest-005,2025-09-16,5,5
rest-005,2025-09-16,6,5
rest-005,2025-09-16,7,5
rest-005,2025-09-16,8,7
rest-005,2025-09-17,1,28
rest-005,2025-09-17,2,23
rest-005,2025-09-17,3,29
rest-005,2025-09-17,4,8
rest-005,2025-09-17,5,12
rest-005,2025-09-17,6,5
rest-005,2025-09-17,7,5
rest-005,2025-09-17,8,8
rest-005,2025-09-18,1,36
rest-005,2025-09-18,2,16
rest-005,2025-09-18,3,16
rest-005,2025-09-18,4,15
rest-005,2025-09-18,5,4
rest-005,2025-09-18,6,6
rest-005,2025-09-18,7,1
rest-005,2025-09-18,8,8
rest-005,2025-09-19,1,30
rest-005,2025-09-19,2,29
rest-005,2025-09-19,3,25
rest-005,2025-09-19,4,21
rest-005,2025-09-19,5,3
rest-005,2025-09-19,6,4
rest-005,2025-09-19,7,5
rest-005,2025-09-19,8,8
rest-005,2025-09-20,1,13
rest-005,2025-09-20,2,24
rest-005,2025-09-20,3,36
rest-005,2025-09-20,4,17
rest-005,2025-09-20,5,3
rest-005,2025-09-20,6,7
rest-005,2025-09-20,7,6
rest-005,2025-09-20,8,5
rest-005,2025-09-21,1,29
rest-005,2025-09-21,2,12
rest-005,2025-09-21,3,43
rest-005,2025-09-21,4,13
rest-005,2025-09-21,5,4
rest-005,2025-09-21,6,5
rest-005,2025-09-21,7,8
rest-005,2025-09-21,8,13
rest-005,2025-09-22,1,22
rest-005,2025-09-22,2,23
rest-005,2025-09-22,3,21
rest-005,2025-09-22,4,22
rest-005,2025-09-22,5,5
rest-005,2025-09-22,6,6
rest-005,2025-09-22,7,5
rest-005,2025-09-22,8,8
rest-005,2025-09-23,1,27
rest-005,2025-09-23,2,19
rest-005,2025-09-23,3,33
rest-005,2025-09-23,4,8
rest-005,2025-09-23,5,8
rest-005,2025-09-23,6,3
rest-005,2025-09-23,7,4
rest-005,2025-09-23,8,15
rest-005,2025-09-24,1,17
rest-005,2025-09-24,2,13
rest-005,2025-09-24,3,27
rest-005,2025-09-24,4,12
rest-005,2025-09-24,5,7
rest-005,2025-09-24,6,5
rest-005,2025-09-24,7,7
rest-005,2025-09-24,8,4
rest-005,2025-09-25,1,26
rest-005,2025-09-25,2,12
rest-005,2025-09-25,3,34
rest-005,2025-09-25,4,10
rest-005,2025-09-25,5,11
rest-005,2025-09-25,6,8
rest-005,2025-09-25,7,7
rest-005,2025-09-25,8,10
rest-005,2025-09-26,1,17
rest-005,2025-09-26,2,28
rest-005,2025-09-26,3,36
rest-005,2025-09-26,4,13
rest-005,2025-09-26,5,7
rest-005,2025-09-26,6,3
rest-005,2025-09-26,7,5
rest-005,2025-09-26,8,6
rest-005,2025-09-27,1,19
rest-005,2025-09-27,2,18
rest-005,2025-09-27,3,24
rest-005,2025-09-27,4,22
rest-005,2025-09-27,5,13
rest-005,2025-09-27,6,8
rest-005,2025-09-27,7,6
rest-005,2025-09-27,8,9
rest-005,2025-09-28,1,42
rest-005,2025-09-28,2,7
rest-005,2025-09-28,3,45
rest-005,2025-09-28,4,16
rest-005,2025-09-28,5,10
rest-005,2025-09-28,6,4
rest-005,2025-09-28,7,4
rest-005,2025-09-28,8,27
rest-005,2025-09-29,1,32
rest-005,2025-09-29,2,11
rest-005,2025-09-29,3,34
rest-005,2025-09-29,4,16
rest-005,2025-09-29,5,8
rest-005,2025-09-29,6,4
rest-005,2025-09-29,7,7
rest-005,2025-09-29,8,15
rest-005,2025-09-30,1,22
rest-005,2025-09-30,2,12
rest-005,2025-09-30,3,42
rest-005,2025-09-30,4,15
rest-005,2025-09-30,5,14
rest-005,2025-09-30,6,8
rest-005,2025-09-30,7,3
rest-005,2025-09-30,8,10
rest-005,2025-10-01,1,13
rest-005,2025-10-01,2,9
rest-005,2025-10-01,3,34
rest-005,2025-10-01,4,21
rest-005,2025-10-01,5,11
rest-005,2025-10-01,6,7
rest-005,2025-10-01,7,6
rest-005,2025-10-01,8,8
rest-005,2025-10-02,1,40
rest-005,2025-10-02,2,35
rest-005,2025-10-02,3,39
rest-005,2025-10-02,4,20
rest-005,2025-10-02,5,8
rest-005,2025-10-02,6,4
rest-005,2025-10-02,7,4
rest-005,2025-10-02,8,14
rest-005,2025-10-03,1,22
rest-005,2025-10-03,2,16
rest-005,2025-10-03,3,24
rest-005,2025-10-03,4,18
rest-005,2025-10-03,5,13
rest-005,2025-10-03,6,3
rest-005,2025-10-03,7,11
rest-005,2025-10-03,8,9
rest-005,2025-10-04,1,48
rest-005,2025-10-04,2,30
rest-005,2025-10-04,3,68
rest-005,2025-10-04,4,19
rest-005,2025-10-04,5,11
rest-005,2025-10-04,6,7
rest-005,2025-10-04,7,9
rest-005,2025-10-04,8,6
rest-005,2025-10-05,1,26
rest-005,2025-10-05,2,15
rest-005,2025-10-05,3,61
rest-005,2025-10-05,4,27
rest-005,2025-10-05,5,14
rest-005,2025-10-05,6,13
rest-005,2025-10-05,7,7
rest-005,2025-10-05,8,16
rest-005,2025-10-06,1,56
rest-005,2025-10-06,2,25
rest-005,2025-10-06,3,28
rest-005,2025-10-06,4,7
rest-005,2025-10-06,5,9
rest-005,2025-10-06,6,9
rest-005,2025-10-06,7,7
rest-005,2025-10-06,8,14
rest-005,2025-10-07,1,39
rest-005,2025-10-07,2,22
rest-005,2025-10-07,3,31
rest-005,2025-10-07,4,15
rest-005,2025-10-07,5,10
rest-005,2025-10-07,6,6
rest-005,2025-10-07,7,3
rest-005,2025-10-07,8,15
rest-005,2025-10-08,1,35
rest-005,2025-10-08,2,21
rest-005,2025-10-08,3,45
rest-005,2025-10-08,4,19
rest-005,2025-10-08,5,9
rest-005,2025-10-08,6,9
rest-005,2025-10-08,7,4
rest-005,2025-10-08,8,6
rest-005,2025-10-09,1,43
rest-005,2025-10-09,2,29
rest-005,2025-10-09,3,47
rest-005,2025-10-09,4,14
rest-005,2025-10-09,5,15
rest-005,2025-10-09,6,5
rest-005,2025-10-09,7,8
rest-005,2025-10-09,8,8
rest-005,2025-10-10,1,29
rest-005,2025-10-10,2,18
rest-005,2025-10-10,3,32
rest-005,2025-10-10,4,11
rest-005,2025-10-10,5,14
rest-005,2025-10-10,6,3
rest-005,2025-10-10,7,7
rest-005,2025-10-10,8,13
rest-005,2025-10-11,1,40
rest-005,2025-10-11,2,27
rest-005,2025-10-11,3,32
rest-005,2025-10-11,4,5
rest-005,2025-10-11,5,13
rest-005,2025-10-11,6,9
rest-005,2025-10-11,7,7
rest-005,2025-10-11,8,16
rest-005,2025-10-12,1,40
rest-005,2025-10-12,2,39
rest-005,2025-10-12,3,52
rest-005,2025-10-12,4,32
rest-005,2025-10-12,5,5
rest-005,2025-10-12,6,4
rest-005,2025-10-12,7,12
rest-005,2025-10-12,8,10
rest-005,2025-10-13,1,24
rest-005,2025-10-13,2,10
rest-005,2025-10-13,3,35
rest-005,2025-10-13,4,6
rest-005,2025-10-13,5,8
rest-005,2025-10-13,6,12
rest-005,2025-10-13,7,7
rest-005,2025-10-13,8,9
rest-005,2025-10-14,1,33
rest-005,2025-10-14,2,10
rest-005,2025-10-14,3,42
rest-005,2025-10-14,4,20
rest-005,2025-10-14,5,6
rest-005,2025-10-14,6,6
rest-005,2025-10-14,7,9
rest-005,2025-10-14,8,6
rest-005,2025-10-15,1,22
rest-005,2025-10-15,2,26
rest-005,2025-10-15,3,38
rest-005,2025-10-15,4,15
rest-005,2025-10-15,5,3
rest-005,2025-10-15,6,7
rest-005,2025-10-15,7,3
rest-005,2025-10-15,8,14
rest-005,2025-10-16,1,21
rest-005,2025-10-16,2,25
rest-005,2025-10-16,3,27
rest-005,2025-10-16,4,10
rest-005,2025-10-16,5,9
rest-005,2025-10-16,6,11
rest-005,2025-10-16,7,5
rest-005,2025-10-16,8,12
rest-005,2025-10-17,1,31
rest-005,2025-10-17,2,15
rest-005,2025-10-17,3,35
rest-005,2025-10-17,4,17
rest-005,2025-10-17,5,4
rest-005,2025-10-17,6,5
rest-005,2025-10-17,7,4
rest-005,2025-10-17,8,12
rest-005,2025-10-18,1,49
rest-005,2025-10-18,2,25
rest-005,2025-10-18,3,22
rest-005,2025-10-18,4,10
rest-005,2025-10-18,5,10
rest-005,2025-10-18,6,5
rest-005,2025-10-18,7,7
rest-005,2025-10-18,8,13
rest-005,2025-10-19,1,32
rest-005,2025-10-19,2,27
rest-005,2025-10-19,3,38
rest-005,2025-10-19,4,27
rest-005,2025-10-19,5,11
rest-005,2025-10-19,6,7
rest-005,2025-10-19,7,5
rest-005,2025-10-19,8,7
rest-005,2025-10-20,1,38
rest-005,2025-10-20,2,14
rest-005,2025-10-20,3,32
rest-005,2025-10-20,4,22
rest-005,2025-10-20,5,9
rest-005,2025-10-20,6,6
rest-005,2025-10-20,7,3
rest-005,2025-10-20,8,8
rest-005,2025-10-21,1,11
rest-005,2025-10-21,2,20
rest-005,2025-10-21,3,31
rest-005,2025-10-21,4,16
rest-005,2025-10-21,5,5
rest-005,2025-10-21,6,2
rest-005,2025-10-21,7,6
rest-005,2025-10-21,8,11
rest-005,2025-10-22,1,31
rest-005,2025-10-22,2,9
rest-005,2025-10-22,3,21
rest-005,2025-10-22,4,14
rest-005,2025-10-22,5,1
rest-005,2025-10-22,6,4
rest-005,2025-10-22,7,7
rest-005,2025-10-22,8,5
rest-005,2025-10-23,1,22
rest-005,2025-10-23,2,10
rest-005,2025-10-23,3,17
rest-005,2025-10-23,4,18
rest-005,2025-10-23,5,8
rest-005,2025-10-23,6,3
rest-005,2025-10-23,7,3
rest-005,2025-10-23,8,7
rest-005,2025-10-24,1,14
rest-005,2025-10-24,2,13
rest-005,2025-10-24,3,40
rest-005,2025-10-24,4,24
rest-005,2025-10-24,5,12
rest-005,2025-10-24,6,7
rest-005,2025-10-24,7,7
rest-005,2025-10-24,8,12
rest-005,2025-10-25,1,37
rest-005,2025-10-25,2,15
rest-005,2025-10-25,3,45
rest-005,2025-10-25,4,16
rest-005,2025-10-25,5,8
rest-005,2025-10-25,6,7
rest-005,2025-10-25,7,4
rest-005,2025-10-25,8,8
rest-005,2025-10-26,1,38
rest-005,2025-10-26,2,27
rest-005,2025-10-26,3,24
rest-005,2025-10-26,4,15
rest-005,2025-10-26,5,12
rest-005,2025-10-26,6,12
rest-005,2025-10-26,7,7
rest-005,2025-10-26,8,6
rest-005,2025-10-27,1,27
rest-005,2025-10-27,2,17
rest-005,2025-10-27,3,43
rest-005,2025-10-27,4,9
rest-005,2025-10-27,5,3
rest-005,2025-10-27,6,4
rest-005,2025-10-27,7,7
rest-005,2025-10-27,8,12
rest-005,2025-10-28,1,18
rest-005,2025-10-28,2,7
rest-005,2025-10-28,3,15
rest-005,2025-10-28,4,19
rest-005,2025-10-28,5,10
rest-005,2025-10-28,6,6
rest-005,2025-10-28,7,1
rest-005,2025-10-28,8,24
rest-005,2025-10-29,1,21
rest-005,2025-10-29,2,10
rest-005,2025-10-29,3,32
rest-005,2025-10-29,4,20
rest-005,2025-10-29,5,4
rest-005,2025-10-29,6,3
rest-005,2025-10-29,7,3
rest-005,2025-10-29,8,18
rest-005,2025-10-30,1,25
rest-005,2025-10-30,2,13
rest-005,2025-10-30,3,40
rest-005,2025-10-30,4,23
rest-005,2025-10-30,5,11
rest-005,2025-10-30,6,2
rest-005,2025-10-30,7,2
rest-005,2025-10-30,8,10
rest-005,2025-10-31,1,27
rest-005,2025-10-31,2,18
rest-005,2025-10-31,3,26
rest-005,2025-10-31,4,10
rest-005,2025-10-31,5,9
rest-005,2025-10-31,6,2
rest-005,2025-10-31,7,8
rest-005,2025-10-31,8,7
rest-005,2025-11-01,1,50
rest-005,2025-11-01,2,35
rest-005,2025-11-01,3,66
rest-005,2025-11-01,4,32
rest-005,2025-11-01,5,17
rest-005,2025-11-01,6,5
rest-005,2025-11-01,7,13
rest-005,2025-11-01,8,14
rest-005,2025-11-02,1,33
rest-005,2025-11-02,2,21
rest-005,2025-11-02,3,59
rest-005,2025-11-02,4,24
rest-005,2025-11-02,5,17
rest-005,2025-11-02,6,9
rest-005,2025-11-02,7,13
rest-005,2025-11-02,8,11
rest-005,2025-11-03,1,29
rest-005,2025-11-03,2,13
rest-005,2025-11-03,3,55
rest-005,2025-11-03,4,16
rest-005,2025-11-03,5,4
rest-005,2025-11-03,6,9
rest-005,2025-11-03,7,4
rest-005,2025-11-03,8,12
rest-005,2025-11-04,1,24
rest-005,2025-11-04,2,33
rest-005,2025-11-04,3,37
rest-005,2025-11-04,4,12
rest-005,2025-11-04,5,13
rest-005,2025-11-04,6,7
rest-005,2025-11-04,7,6
rest-005,2025-11-04,8,14
rest-005,2025-11-05,1,27
rest-005,2025-11-05,2,15
rest-005,2025-11-05,3,52
rest-005,2025-11-05,4,10
rest-005,2025-11-05,5,7
rest-005,2025-11-05,6,11
rest-005,2025-11-05,7,7
rest-005,2025-11-05,8,15
rest-005,2025-11-06,1,55
rest-005,2025-11-06,2,15
rest-005,2025-11-06,3,22
rest-005,2025-11-06,4,20
rest-005,2025-11-06,5,9
rest-005,2025-11-06,6,6
rest-005,2025-11-06,7,7
rest-005,2025-11-06,8,5
rest-005,2025-11-07,1,30
rest-005,2025-11-07,2,21
rest-005,2025-11-07,3,51
rest-005,2025-11-07,4,21
rest-005,2025-11-07,5,9
rest-005,2025-11-07,6,8
rest-005,2025-11-07,7,11
rest-005,2025-11-07,8,5
rest-005,2025-11-08,1,19
rest-005,2025-11-08,2,21
rest-005,2025-11-08,3,22
rest-005,2025-11-08,4,10
rest-005,2025-11-08,5,14
rest-005,2025-11-08,6,9
rest-005,2025-11-08,7,2
rest-005,2025-11-08,8,9
rest-005,2025-11-09,1,57
rest-005,2025-11-09,2,18
rest-005,2025-11-09,3,47
rest-005,2025-11-09,4,5
rest-005,2025-11-09,5,13
rest-005,2025-11-09,6,12
rest-005,2025-11-09,7,3
rest-005,2025-11-09,8,11
rest-005,2025-11-10,1,26
rest-005,2025-11-10,2,14
rest-005,2025-11-10,3,45
rest-005,2025-11-10,4,23
rest-005,2025-11-10,5,9
rest-005,2025-11-10,6,14
rest-005,2025-11-10,7,5
rest-005,2025-11-10,8,17
rest-005,2025-11-11,1,45
rest-005,2025-11-11,2,17
rest-005,2025-11-11,3,43
rest-005,2025-11-11,4,28
rest-005,2025-11-11,5,12
rest-005,2025-11-11,6,10
rest-005,2025-11-11,7,2
rest-005,2025-11-11,8,5
rest-005,2025-11-12,1,24
rest-005,2025-11-12,2,19
rest-005,2025-11-12,3,33
rest-005,2025-11-12,4,18
rest-005,2025-11-12,5,10
rest-005,2025-11-12,6,9
rest-005,2025-11-12,7,4
rest-005,2025-11-12,8,4
rest-005,2025-11-13,1,34
rest-005,2025-11-13,2,22
rest-005,2025-11-13,3,45
rest-005,2025-11-13,4,18
rest-005,2025-11-13,5,9
rest-005,2025-11-13,6,3
rest-005,2025-11-13,7,7
rest-005,2025-11-13,8,10
rest-005,2025-11-14,1,42
rest-005,2025-11-14,2,25
rest-005,2025-11-14,3,24
rest-005,2025-11-14,4,6
rest-005,2025-11-14,5,9
rest-005,2025-11-14,6,9
rest-005,2025-11-14,7,9
rest-005,2025-11-14,8,8
rest-005,2025-11-15,1,24
rest-005,2025-11-15,2,21
rest-005,2025-11-15,3,39
rest-005,2025-11-15,4,18
rest-005,2025-11-15,5,9
rest-005,2025-11-15,6,3
rest-005,2025-11-15,7,7
rest-005,2025-11-15,8,9
rest-005,2025-11-16,1,20
rest-005,2025-11-16,2,24
rest-005,2025-11-16,3,41
rest-005,2025-11-16,4,18
rest-005,2025-11-16,5,18
rest-005,2025-11-16,6,8
rest-005,2025-11-16,7,6
rest-005,2025-11-16,8,7
rest-005,2025-11-17,1,17
rest-005,2025-11-17,2,13
rest-005,2025-11-17,3,52
rest-005,2025-11-17,4,11
rest-005,2025-11-17,5,10
rest-005,2025-11-17,6,4
rest-005,2025-11-17,7,4
rest-005,2025-11-17,8,4
rest-005,2025-11-18,1,21
rest-005,2025-11-18,2,11
rest-005,2025-11-18,3,22
rest-005,2025-11-18,4,12
rest-005,2025-11-18,5,3
rest-005,2025-11-18,6,2
rest-005,2025-11-18,7,3
rest-005,2025-11-18,8,6
rest-005,2025-11-19,1,26
rest-005,2025-11-19,2,10
rest-005,2025-11-19,3,40
rest-005,2025-11-19,4,14
rest-005,2025-11-19,5,4
rest-005,2025-11-19,6,6
rest-005,2025-11-19,7,3
rest-005,2025-11-19,8,10
rest-005,2025-11-20,1,23
rest-005,2025-11-20,2,11
rest-005,2025-11-20,3,35
rest-005,2025-11-20,4,16
rest-005,2025-11-20,5,5
rest-005,2025-11-20,6,2
rest-005,2025-11-20,7,9
rest-005,2025-11-20,8,5
rest-005,2025-11-21,1,20
rest-005,2025-11-21,2,24
rest-005,2025-11-21,3,19
rest-005,2025-11-21,4,15
rest-005,2025-11-21,5,4
rest-005,2025-11-21,6,5
rest-005,2025-11-21,7,1
rest-005,2025-11-21,8,8
rest-005,2025-11-22,1,28
rest-005,2025-11-22,2,12
rest-005,2025-11-22,3,46
rest-005,2025-11-22,4,24
rest-005,2025-11-22,5,8
rest-005,2025-11-22,6,7
rest-005,2025-11-22,7,4
rest-005,2025-11-22,8,10
rest-005,2025-11-23,1,34
rest-005,2025-11-23,2,18
rest-005,2025-11-23,3,29
rest-005,2025-11-23,4,12
rest-005,2025-11-23,5,9
rest-005,2025-11-23,6,4
rest-005,2025-11-23,7,5
rest-005,2025-11-23,8,12
rest-005,2025-11-24,1,33
rest-005,2025-11-24,2,29
rest-005,2025-11-24,3,33
rest-005,2025-11-24,4,15
rest-005,2025-11-24,5,7
rest-005,2025-11-24,6,3
rest-005,2025-11-24,7,1
rest-005,2025-11-24,8,10
rest-005,2025-11-25,1,22
rest-005,2025-11-25,2,12
rest-005,2025-11-25,3,40
rest-005,2025-11-25,4,8
rest-005,2025-11-25,5,10
rest-005,2025-11-25,6,7
rest-005,2025-11-25,7,3
rest-005,2025-11-25,8,9
rest-005,2025-11-26,1,24
rest-005,2025-11-26,2,14
rest-005,2025-11-26,3,36
rest-005,2025-11-26,4,11
rest-005,2025-11-26,5,7
rest-005,2025-11-26,6,1
rest-005,2025-11-26,7,7
rest-005,2025-11-26,8,8
rest-005,2025-11-27,1,29
rest-005,2025-11-27,2,14
rest-005,2025-11-27,3,20
rest-005,2025-11-27,4,15
rest-005,2025-11-27,5,13
rest-005,2025-11-27,6,4
rest-005,2025-11-27,7,2
rest-005,2025-11-27,8,7
