date,day_of_week,is_weekend,month,menu_category,is_festival,festival_type,is_poya_day,temperature_avg,rainfall_mm,is_heavy_rain,supplier_invoice_qty,daily_demand_qty
2023-01-01,Sunday,1,1,Rice & Curry,0,None,0,28.6,12.0,0,186,200
2023-01-01,Sunday,1,1,Fried Rice,0,None,0,30.2,2.4,0,166,142
2023-01-01,Sunday,1,1,Kottu,0,None,0,32.1,3.7,0,103,107
2023-01-01,Sunday,1,1,Short Eats,0,None,0,26.4,5.1,0,109,99
2023-01-01,Sunday,1,1,Beverages,0,None,0,27.3,0.8,0,155,159
2023-01-02,Monday,0,1,Rice & Curry,0,None,0,26.0,0.1,0,170,145
2023-01-02,Monday,0,1,Fried Rice,0,None,0,27.0,1.4,0,159,121
2023-01-02,Monday,0,1,Kottu,0,None,0,26.6,3.9,0,187,155
2023-01-02,Monday,0,1,Short Eats,0,None,0,30.1,0.2,0,130,113
2023-01-02,Monday,0,1,Beverages,0,None,0,29.2,0.1,0,168,158
2023-01-03,Tuesday,0,1,Rice & Curry,0,None,0,31.7,1.5,0,132,100
2023-01-03,Tuesday,0,1,Fried Rice,0,None,0,27.7,4.6,0,123,101
2023-01-03,Tuesday,0,1,Kottu,0,None,0,26.2,9.6,0,115,86
2023-01-03,Tuesday,0,1,Short Eats,0,None,0,31.3,2.2,0,133,111
2023-01-03,Tuesday,0,1,Beverages,0,None,0,27.3,14.0,0,169,137
2023-01-04,Wednesday,0,1,Rice & Curry,0,None,0,28.8,10.5,0,174,162
2023-01-04,Wednesday,0,1,Fried Rice,0,None,0,26.6,0.9,0,141,110
2023-01-04,Wednesday,0,1,Kottu,0,None,0,28.7,1.3,0,132,112
2023-01-04,Wednesday,0,1,Short Eats,0,None,0,32.8,3.7,0,188,138
2023-01-04,Wednesday,0,1,Beverages,0,None,0,31.6,0.3,0,150,121
2023-01-05,Thursday,0,1,Rice & Curry,0,None,0,28.8,1.4,0,142,128
2023-01-05,Thursday,0,1,Fried Rice,0,None,0,30.9,5.2,0,112,95
2023-01-05,Thursday,0,1,Kottu,0,None,0,32.5,4.2,0,107,98
2023-01-05,Thursday,0,1,Short Eats,0,None,0,30.4,1.6,0,127,101
2023-01-05,Thursday,0,1,Beverages,0,None,0,30.7,4.4,0,123,106
2023-01-06,Friday,0,1,Rice & Curry,0,None,0,32.2,2.6,0,180,170
2023-01-06,Friday,0,1,Fried Rice,0,None,0,31.9,5.1,0,198,177
2023-01-06,Friday,0,1,Kottu,0,None,0,29.5,3.0,0,94,68
2023-01-06,Friday,0,1,Short Eats,0,None,0,29.1,0.9,0,175,150
2023-01-06,Friday,0,1,Beverages,0,None,0,28.2,2.8,0,173,127
2023-01-07,Saturday,1,1,Rice & Curry,0,None,0,30.2,3.1,0,108,98
2023-01-07,Saturday,1,1,Fried Rice,0,None,0,26.5,1.4,0,165,182
2023-01-07,Saturday,1,1,Kottu,0,None,0,30.4,1.4,0,196,216
2023-01-07,Saturday,1,1,Short Eats,0,None,0,31.6,0.8,0,109,120
2023-01-07,Saturday,1,1,Beverages,0,None,0,28.3,0.5,0,168,157
2023-01-08,Sunday,1,1,Rice & Curry,0,None,0,26.8,1.0,0,141,118
2023-01-08,Sunday,1,1,Fried Rice,0,None,0,28.5,1.5,0,149,148
2023-01-08,Sunday,1,1,Kottu,0,None,0,28.9,1.0,0,130,120
2023-01-08,Sunday,1,1,Short Eats,0,None,0,27.7,0.7,0,111,111
2023-01-08,Sunday,1,1,Beverages,0,None,0,30.9,1.8,0,192,176
2023-01-09,Monday,0,1,Rice & Curry,0,None,0,27.7,4.8,0,82,64
2023-01-09,Monday,0,1,Fried Rice,0,None,0,28.0,0.2,0,192,181
2023-01-09,Monday,0,1,Kottu,0,None,0,28.9,0.1,0,175,162
2023-01-09,Monday,0,1,Short Eats,0,None,0,27.7,0.6,0,123,100
2023-01-09,Monday,0,1,Beverages,0,None,0,29.9,3.6,0,134,119
2023-01-10,Tuesday,0,1,Rice & Curry,0,None,0,27.7,5.2,0,103,84
2023-01-10,Tuesday,0,1,Fried Rice,0,None,0,32.9,2.0,0,191,172
2023-01-10,Tuesday,0,1,Kottu,0,None,0,27.1,2.8,0,159,113
2023-01-10,Tuesday,0,1,Short Eats,0,None,0,30.1,4.5,0,98,86
2023-01-10,Tuesday,0,1,Beverages,0,None,0,31.7,1.7,0,150,112
2023-01-11,Wednesday,0,1,Rice & Curry,0,None,0,30.8,2.0,0,161,146
2023-01-11,Wednesday,0,1,Fried Rice,0,None,0,30.7,5.3,0,129,120
2023-01-11,Wednesday,0,1,Kottu,0,None,0,32.1,1.2,0,95,86
2023-01-11,Wednesday,0,1,Short Eats,0,None,0,29.9,3.0,0,81,77
2023-01-11,Wednesday,0,1,Beverages,0,None,0,32.8,3.3,0,111,95
2023-01-12,Thursday,0,1,Rice & Curry,0,None,0,28.4,1.7,0,127,116
2023-01-12,Thursday,0,1,Fried Rice,0,None,0,32.0,2.1,0,112,96
2023-01-12,Thursday,0,1,Kottu,0,None,0,26.6,0.7,0,117,101
2023-01-12,Thursday,0,1,Short Eats,0,None,0,30.1,1.9,0,168,145
2023-01-12,Thursday,0,1,Beverages,0,None,0,26.0,0.7,0,161,132
2023-01-13,Friday,0,1,Rice & Curry,0,None,0,29.1,20.8,1,179,134
2023-01-13,Friday,0,1,Fried Rice,0,None,0,27.7,1.6,0,99,78
2023-01-13,Friday,0,1,Kottu,0,None,0,31.2,5.1,0,112,94
2023-01-13,Friday,0,1,Short Eats,0,None,0,29.6,4.0,0,101,77
2023-01-13,Friday,0,1,Beverages,0,None,0,32.8,2.0,0,133,123
2023-01-14,Saturday,1,1,Rice & Curry,0,None,1,29.0,1.7,0,176,178
2023-01-14,Saturday,1,1,Fried Rice,0,None,1,29.4,0.9,0,140,139
2023-01-14,Saturday,1,1,Kottu,0,None,1,30.0,5.9,0,96,109
2023-01-14,Saturday,1,1,Short Eats,0,None,1,29.3,1.3,0,85,81
2023-01-14,Saturday,1,1,Beverages,0,None,1,26.1,10.5,0,192,193
2023-01-15,Sunday,1,1,Rice & Curry,0,None,1,30.0,15.7,0,195,181
2023-01-15,Sunday,1,1,Fried Rice,0,None,1,28.7,7.6,0,146,130
2023-01-15,Sunday,1,1,Kottu,0,None,1,29.9,11.0,0,137,153
2023-01-15,Sunday,1,1,Short Eats,0,None,1,26.5,0.9,0,126,143
2023-01-15,Sunday,1,1,Beverages,0,None,1,27.0,2.9,0,81,76
2023-01-16,Monday,0,1,Rice & Curry,0,None,0,31.9,0.6,0,197,156
2023-01-16,Monday,0,1,Fried Rice,0,None,0,28.1,6.6,0,178,136
2023-01-16,Monday,0,1,Kottu,0,None,0,30.3,0.3,0,86,71
2023-01-16,Monday,0,1,Short Eats,0,None,0,31.6,4.2,0,189,170
2023-01-16,Monday,0,1,Beverages,0,None,0,32.2,1.6,0,171,144
2023-01-17,Tuesday,0,1,Rice & Curry,0,None,0,29.1,4.5,0,130,106
2023-01-17,Tuesday,0,1,Fried Rice,0,None,0,29.8,1.4,0,137,125
2023-01-17,Tuesday,0,1,Kottu,0,None,0,27.8,0.2,0,94,74
2023-01-17,Tuesday,0,1,Short Eats,0,None,0,26.9,3.0,0,132,101
2023-01-17,Tuesday,0,1,Beverages,0,None,0,32.8,2.4,0,85,61
2023-01-18,Wednesday,0,1,Rice & Curry,0,None,0,29.7,3.1,0,134,98
2023-01-18,Wednesday,0,1,Fried Rice,0,None,0,26.9,14.0,0,185,144
2023-01-18,Wednesday,0,1,Kottu,0,None,0,31.6,1.3,0,171,152
2023-01-18,Wednesday,0,1,Short Eats,0,None,0,27.8,0.8,0,141,128
2023-01-18,Wednesday,0,1,Beverages,0,None,0,30.9,2.1,0,137,127
2023-01-19,Thursday,0,1,Rice & Curry,0,None,0,29.1,1.1,0,197,173
2023-01-19,Thursday,0,1,Fried Rice,0,None,0,30.6,1.3,0,95,79
2023-01-19,Thursday,0,1,Kottu,0,None,0,30.6,2.3,0,172,138
2023-01-19,Thursday,0,1,Short Eats,0,None,0,27.7,1.8,0,180,131
2023-01-19,Thursday,0,1,Beverages,0,None,0,28.4,0.4,0,126,89
2023-01-20,Friday,0,1,Rice & Curry,0,None,0,32.0,4.9,0,155,109
2023-01-20,Friday,0,1,Fried Rice,0,None,0,31.3,6.6,0,179,133
2023-01-20,Friday,0,1,Kottu,0,None,0,29.0,2.0,0,89,83
2023-01-20,Friday,0,1,Short Eats,0,None,0,32.2,1.2,0,89,76
2023-01-20,Friday,0,1,Beverages,0,None,0,29.5,7.8,0,148,129
2023-01-21,Saturday,1,1,Rice & Curry,0,None,0,30.3,11.5,0,81,69
2023-01-21,Saturday,1,1,Fried Rice,0,None,0,30.1,11.3,0,103,107
2023-01-21,Saturday,1,1,Kottu,0,None,0,30.0,0.6,0,140,141
2023-01-21,Saturday,1,1,Short Eats,0,None,0,32.6,2.0,0,112,116
2023-01-21,Saturday,1,1,Beverages,0,None,0,27.4,1.3,0,91,79
2023-01-22,Sunday,1,1,Rice & Curry,0,None,0,26.1,0.4,0,114,107
2023-01-22,Sunday,1,1,Fried Rice,0,None,0,30.6,1.9,0,153,130
2023-01-22,Sunday,1,1,Kottu,0,None,0,31.7,1.3,0,147,154
2023-01-22,Sunday,1,1,Short Eats,0,None,0,28.4,11.0,0,199,211
2023-01-22,Sunday,1,1,Beverages,0,None,0,31.6,1.3,0,89,86
2023-01-23,Monday,0,1,Rice & Curry,0,None,0,30.0,3.4,0,178,143
2023-01-23,Monday,0,1,Fried Rice,0,None,0,28.6,6.0,0,103,94
2023-01-23,Monday,0,1,Kottu,0,None,0,29.9,1.1,0,134,119
2023-01-23,Monday,0,1,Short Eats,0,None,0,31.3,0.4,0,96,80
2023-01-23,Monday,0,1,Beverages,0,None,0,29.5,2.0,0,92,85
2023-01-24,Tuesday,0,1,Rice & Curry,0,None,0,28.7,0.0,0,184,168
2023-01-24,Tuesday,0,1,Fried Rice,0,None,0,28.5,12.6,0,174,163
2023-01-24,Tuesday,0,1,Kottu,0,None,0,30.0,4.0,0,196,142
2023-01-24,Tuesday,0,1,Short Eats,0,None,0,30.2,3.2,0,164,146
2023-01-24,Tuesday,0,1,Beverages,0,None,0,31.5,6.2,0,188,175
2023-01-25,Wednesday,0,1,Rice & Curry,0,None,0,32.8,22.0,1,84,63
2023-01-25,Wednesday,0,1,Fried Rice,0,None,0,29.8,4.9,0,190,140
2023-01-25,Wednesday,0,1,Kottu,0,None,0,31.3,3.9,0,181,131
2023-01-25,Wednesday,0,1,Short Eats,0,None,0,30.9,0.3,0,129,119
2023-01-25,Wednesday,0,1,Beverages,0,None,0,27.0,2.9,0,117,111
2023-01-26,Thursday,0,1,Rice & Curry,0,None,0,28.6,1.9,0,195,148
2023-01-26,Thursday,0,1,Fried Rice,0,None,0,32.4,3.6,0,115,91
2023-01-26,Thursday,0,1,Kottu,0,None,0,26.6,6.0,0,133,117
2023-01-26,Thursday,0,1,Short Eats,0,None,0,27.7,1.6,0,146,111
2023-01-26,Thursday,0,1,Beverages,0,None,0,28.8,3.4,0,99,72
2023-01-27,Friday,0,1,Rice & Curry,0,None,0,26.8,4.2,0,80,70
2023-01-27,Friday,0,1,Fried Rice,0,None,0,27.7,2.0,0,192,138
2023-01-27,Friday,0,1,Kottu,0,None,0,29.7,2.3,0,137,96
2023-01-27,Friday,0,1,Short Eats,0,None,0,32.8,0.2,0,100,71
2023-01-27,Friday,0,1,Beverages,0,None,0,32.5,10.1,0,115,96
2023-01-28,Saturday,1,1,Rice & Curry,0,None,0,32.8,3.0,0,184,167
2023-01-28,Saturday,1,1,Fried Rice,0,None,0,28.1,21.9,1,133,115
2023-01-28,Saturday,1,1,Kottu,0,None,0,32.3,0.2,0,91,103
2023-01-28,Saturday,1,1,Short Eats,0,None,0,26.4,2.0,0,103,106
2023-01-28,Saturday,1,1,Beverages,0,None,0,27.9,0.8,0,169,162
2023-01-29,Sunday,1,1,Rice & Curry,0,None,0,27.6,1.2,0,180,204
2023-01-29,Sunday,1,1,Fried Rice,0,None,0,32.9,4.8,0,96,89
2023-01-29,Sunday,1,1,Kottu,0,None,0,28.9,3.7,0,191,170
2023-01-29,Sunday,1,1,Short Eats,0,None,0,32.4,6.9,0,161,155
2023-01-29,Sunday,1,1,Beverages,0,None,0,30.1,10.1,0,89,100
2023-01-30,Monday,0,1,Rice & Curry,0,None,0,32.1,0.2,0,198,159
2023-01-30,Monday,0,1,Fried Rice,0,None,0,31.4,2.6,0,190,140
2023-01-30,Monday,0,1,Kottu,0,None,0,30.2,1.9,0,165,150
2023-01-30,Monday,0,1,Short Eats,0,None,0,30.0,0.3,0,184,148
2023-01-30,Monday,0,1,Beverages,0,None,0,27.9,0.2,0,85,74
2023-01-31,Tuesday,0,1,Rice & Curry,0,None,0,29.7,5.5,0,82,69
2023-01-31,Tuesday,0,1,Fried Rice,0,None,0,31.4,11.6,0,153,122
2023-01-31,Tuesday,0,1,Kottu,0,None,0,27.7,0.9,0,80,75
2023-01-31,Tuesday,0,1,Short Eats,0,None,0,30.2,1.0,0,192,171
2023-01-31,Tuesday,0,1,Beverages,0,None,0,26.3,1.3,0,118,102
2023-02-01,Wednesday,0,2,Rice & Curry,0,None,0,29.6,5.9,0,129,118
2023-02-01,Wednesday,0,2,Fried Rice,0,None,0,29.9,3.3,0,173,155
2023-02-01,Wednesday,0,2,Kottu,0,None,0,30.1,2.6,0,102,91
2023-02-01,Wednesday,0,2,Short Eats,0,None,0,30.3,4.9,0,130,120
2023-02-01,Wednesday,0,2,Beverages,0,None,0,30.3,15.7,0,129,109
2023-02-02,Thursday,0,2,Rice & Curry,0,None,0,28.7,2.3,0,142,125
2023-02-02,Thursday,0,2,Fried Rice,0,None,0,29.8,2.4,0,158,126
2023-02-02,Thursday,0,2,Kottu,0,None,0,30.4,7.9,0,84,76
2023-02-02,Thursday,0,2,Short Eats,0,None,0,29.2,7.4,0,96,73
2023-02-02,Thursday,0,2,Beverages,0,None,0,29.2,15.7,0,132,104
2023-02-03,Friday,0,2,Rice & Curry,0,None,0,27.5,3.5,0,154,111
2023-02-03,Friday,0,2,Fried Rice,0,None,0,26.9,0.5,0,174,139
2023-02-03,Friday,0,2,Kottu,0,None,0,30.9,0.8,0,83,65
2023-02-03,Friday,0,2,Short Eats,0,None,0,32.3,2.6,0,172,162
2023-02-03,Friday,0,2,Beverages,0,None,0,30.2,1.0,0,100,74
2023-02-04,Saturday,1,2,Rice & Curry,0,None,0,28.0,0.8,0,100,100
2023-02-04,Saturday,1,2,Fried Rice,0,None,0,29.7,1.8,0,125,119
2023-02-04,Saturday,1,2,Kottu,0,None,0,29.5,4.7,0,152,132
2023-02-04,Saturday,1,2,Short Eats,0,None,0,29.4,4.7,0,135,149
2023-02-04,Saturday,1,2,Beverages,0,None,0,32.4,0.3,0,105,116
2023-02-05,Sunday,1,2,Rice & Curry,0,None,0,26.6,3.6,0,131,118
2023-02-05,Sunday,1,2,Fried Rice,0,None,0,28.6,2.7,0,169,180
2023-02-05,Sunday,1,2,Kottu,0,None,0,29.7,5.1,0,105,89
2023-02-05,Sunday,1,2,Short Eats,0,None,0,27.8,5.0,0,190,208
2023-02-05,Sunday,1,2,Beverages,0,None,0,31.2,0.1,0,97,94
2023-02-06,Monday,0,2,Rice & Curry,0,None,0,29.7,1.1,0,168,149
2023-02-06,Monday,0,2,Fried Rice,0,None,0,27.3,3.3,0,96,72
2023-02-06,Monday,0,2,Kottu,0,None,0,28.3,0.5,0,96,75
2023-02-06,Monday,0,2,Short Eats,0,None,0,29.3,1.8,0,184,152
2023-02-06,Monday,0,2,Beverages,0,None,0,26.6,3.1,0,113,95
2023-02-07,Tuesday,0,2,Rice & Curry,0,None,0,30.1,3.3,0,121,93
2023-02-07,Tuesday,0,2,Fried Rice,0,None,0,28.5,4.2,0,177,135
2023-02-07,Tuesday,0,2,Kottu,0,None,0,29.5,1.6,0,112,79
2023-02-07,Tuesday,0,2,Short Eats,0,None,0,27.6,1.8,0,191,141
2023-02-07,Tuesday,0,2,Beverages,0,None,0,27.3,1.3,0,174,124
2023-02-08,Wednesday,0,2,Rice & Curry,0,None,0,31.9,0.2,0,110,88
2023-02-08,Wednesday,0,2,Fried Rice,0,None,0,32.9,0.5,0,145,122
2023-02-08,Wednesday,0,2,Kottu,0,None,0,32.4,0.0,0,197,151
2023-02-08,Wednesday,0,2,Short Eats,0,None,0,27.2,4.4,0,136,120
2023-02-08,Wednesday,0,2,Beverages,0,None,0,29.7,2.6,0,124,111
2023-02-09,Thursday,0,2,Rice & Curry,0,None,0,27.3,1.6,0,98,73
2023-02-09,Thursday,0,2,Fried Rice,0,None,0,31.2,3.0,0,80,68
2023-02-09,Thursday,0,2,Kottu,0,None,0,28.0,3.5,0,90,84
2023-02-09,Thursday,0,2,Short Eats,0,None,0,28.2,3.6,0,85,67
2023-02-09,Thursday,0,2,Beverages,0,None,0,26.9,0.3,0,123,92
2023-02-10,Friday,0,2,Rice & Curry,0,None,0,30.8,0.4,0,142,124
2023-02-10,Friday,0,2,Fried Rice,0,None,0,31.3,3.6,0,103,88
2023-02-10,Friday,0,2,Kottu,0,None,0,31.6,0.5,0,148,134
2023-02-10,Friday,0,2,Short Eats,0,None,0,32.8,0.5,0,199,189
2023-02-10,Friday,0,2,Beverages,0,None,0,27.4,1.9,0,80,71
2023-02-11,Saturday,1,2,Rice & Curry,0,None,0,30.0,7.4,0,151,164
2023-02-11,Saturday,1,2,Fried Rice,0,None,0,31.3,6.4,0,114,101
2023-02-11,Saturday,1,2,Kottu,0,None,0,31.7,4.4,0,105,117
2023-02-11,Saturday,1,2,Short Eats,0,None,0,28.2,3.5,0,97,105
2023-02-11,Saturday,1,2,Beverages,0,None,0,29.1,1.9,0,130,134
2023-02-12,Sunday,1,2,Rice & Curry,0,None,0,29.8,2.3,0,176,160
2023-02-12,Sunday,1,2,Fried Rice,0,None,0,32.3,1.9,0,157,135
2023-02-12,Sunday,1,2,Kottu,0,None,0,27.6,3.1,0,149,167
2023-02-12,Sunday,1,2,Short Eats,0,None,0,30.4,1.6,0,143,127
2023-02-12,Sunday,1,2,Beverages,0,None,0,32.2,2.7,0,173,192
2023-02-13,Monday,0,2,Rice & Curry,0,None,0,31.5,0.7,0,176,154
2023-02-13,Monday,0,2,Fried Rice,0,None,0,31.5,0.6,0,147,124
2023-02-13,Monday,0,2,Kottu,0,None,0,31.3,8.4,0,176,128
2023-02-13,Monday,0,2,Short Eats,0,None,0,29.8,1.9,0,188,138
2023-02-13,Monday,0,2,Beverages,0,None,0,28.8,6.4,0,84,69
2023-02-14,Tuesday,0,2,Rice & Curry,0,None,1,28.9,5.9,0,106,91
2023-02-14,Tuesday,0,2,Fried Rice,0,None,1,30.9,3.1,0,122,104
2023-02-14,Tuesday,0,2,Kottu,0,None,1,31.8,12.8,0,183,155
2023-02-14,Tuesday,0,2,Short Eats,0,None,1,28.8,2.5,0,125,107
2023-02-14,Tuesday,0,2,Beverages,0,None,1,32.4,0.6,0,161,137
2023-02-15,Wednesday,0,2,Rice & Curry,0,None,1,26.1,8.2,0,155,112
2023-02-15,Wednesday,0,2,Fried Rice,0,None,1,32.4,6.2,0,116,102
2023-02-15,Wednesday,0,2,Kottu,0,None,1,27.1,3.4,0,88,71
2023-02-15,Wednesday,0,2,Short Eats,0,None,1,31.2,10.9,0,165,153
2023-02-15,Wednesday,0,2,Beverages,0,None,1,26.9,1.1,0,169,154
2023-02-16,Thursday,0,2,Rice & Curry,0,None,0,26.9,10.1,0,142,110
2023-02-16,Thursday,0,2,Fried Rice,0,None,0,27.6,3.7,0,126,90
2023-02-16,Thursday,0,2,Kottu,0,None,0,28.3,6.5,0,196,167
2023-02-16,Thursday,0,2,Short Eats,0,None,0,26.8,2.1,0,169,157
2023-02-16,Thursday,0,2,Beverages,0,None,0,28.4,1.7,0,113,105
2023-02-17,Friday,0,2,Rice & Curry,0,None,0,30.1,0.1,0,130,99
2023-02-17,Friday,0,2,Fried Rice,0,None,0,30.0,0.7,0,196,182
2023-02-17,Friday,0,2,Kottu,0,None,0,28.5,3.5,0,101,76
2023-02-17,Friday,0,2,Short Eats,0,None,0,27.5,2.9,0,160,150
2023-02-17,Friday,0,2,Beverages,0,None,0,27.0,2.1,0,171,143
2023-02-18,Saturday,1,2,Rice & Curry,0,None,0,27.3,1.4,0,175,151
2023-02-18,Saturday,1,2,Fried Rice,0,None,0,31.2,0.9,0,162,153
2023-02-18,Saturday,1,2,Kottu,0,None,0,29.3,3.9,0,172,169
2023-02-18,Saturday,1,2,Short Eats,0,None,0,30.0,0.3,0,157,166
2023-02-18,Saturday,1,2,Beverages,0,None,0,29.7,3.1,0,192,184
2023-02-19,Sunday,1,2,Rice & Curry,0,None,0,29.9,0.7,0,80,75
2023-02-19,Sunday,1,2,Fried Rice,0,None,0,26.5,5.6,0,89,82
2023-02-19,Sunday,1,2,Kottu,0,None,0,30.5,2.1,0,166,188
2023-02-19,Sunday,1,2,Short Eats,0,None,0,31.9,8.1,0,87,74
2023-02-19,Sunday,1,2,Beverages,0,None,0,27.6,1.1,0,138,137
2023-02-20,Monday,0,2,Rice & Curry,0,None,0,30.2,1.7,0,180,134
2023-02-20,Monday,0,2,Fried Rice,0,None,0,30.6,1.1,0,113,102
2023-02-20,Monday,0,2,Kottu,0,None,0,32.9,3.7,0,125,113
2023-02-20,Monday,0,2,Short Eats,0,None,0,28.8,4.4,0,164,131
2023-02-20,Monday,0,2,Beverages,0,None,0,28.3,0.4,0,153,110
2023-02-21,Tuesday,0,2,Rice & Curry,0,None,0,27.5,0.1,0,98,83
2023-02-21,Tuesday,0,2,Fried Rice,0,None,0,28.9,8.9,0,126,108
2023-02-21,Tuesday,0,2,Kottu,0,None,0,28.4,7.0,0,146,124
2023-02-21,Tuesday,0,2,Short Eats,0,None,0,27.9,3.9,0,117,105
2023-02-21,Tuesday,0,2,Beverages,0,None,0,28.5,7.9,0,178,167
2023-02-22,Wednesday,0,2,Rice & Curry,0,None,0,31.3,0.6,0,153,129
2023-02-22,Wednesday,0,2,Fried Rice,0,None,0,32.9,2.5,0,175,141
2023-02-22,Wednesday,0,2,Kottu,0,None,0,26.2,1.3,0,119,104
2023-02-22,Wednesday,0,2,Short Eats,0,None,0,28.8,1.0,0,101,92
2023-02-22,Wednesday,0,2,Beverages,0,None,0,32.9,3.0,0,188,164
2023-02-23,Thursday,0,2,Rice & Curry,0,None,0,30.8,6.9,0,164,148
2023-02-23,Thursday,0,2,Fried Rice,0,None,0,29.5,0.3,0,116,100
2023-02-23,Thursday,0,2,Kottu,0,None,0,31.8,0.9,0,185,136
2023-02-23,Thursday,0,2,Short Eats,0,None,0,27.8,1.2,0,170,144
2023-02-23,Thursday,0,2,Beverages,0,None,0,30.2,4.4,0,150,126
2023-02-24,Friday,0,2,Rice & Curry,0,None,0,31.9,2.1,0,141,117
2023-02-24,Friday,0,2,Fried Rice,0,None,0,26.3,0.7,0,186,139
2023-02-24,Friday,0,2,Kottu,0,None,0,26.6,5.9,0,108,86
2023-02-24,Friday,0,2,Short Eats,0,None,0,28.0,1.8,0,192,169
2023-02-24,Friday,0,2,Beverages,0,None,0,30.3,11.9,0,134,116
2023-02-25,Saturday,1,2,Rice & Curry,0,None,0,32.6,5.3,0,112,103
2023-02-25,Saturday,1,2,Fried Rice,0,None,0,29.8,0.7,0,195,167
2023-02-25,Saturday,1,2,Kottu,0,None,0,29.5,3.6,0,177,182
2023-02-25,Saturday,1,2,Short Eats,0,None,0,29.3,1.7,0,119,126
2023-02-25,Saturday,1,2,Beverages,0,None,0,29.5,4.7,0,121,118
2023-02-26,Sunday,1,2,Rice & Curry,0,None,0,26.5,0.3,0,187,196
2023-02-26,Sunday,1,2,Fried Rice,0,None,0,27.9,3.6,0,98,92
2023-02-26,Sunday,1,2,Kottu,0,None,0,31.7,13.1,0,96,108
2023-02-26,Sunday,1,2,Short Eats,0,None,0,29.1,0.8,0,141,159
2023-02-26,Sunday,1,2,Beverages,0,None,0,31.3,4.1,0,160,166
2023-02-27,Monday,0,2,Rice & Curry,0,None,0,30.8,7.6,0,104,96
2023-02-27,Monday,0,2,Fried Rice,0,None,0,30.5,4.7,0,184,172
2023-02-27,Monday,0,2,Kottu,0,None,0,26.3,4.9,0,150,142
2023-02-27,Monday,0,2,Short Eats,0,None,0,29.9,2.6,0,86,61
2023-02-27,Monday,0,2,Beverages,0,None,0,30.9,1.4,0,127,93
2023-02-28,Tuesday,0,2,Rice & Curry,0,None,0,29.0,6.3,0,174,159
2023-02-28,Tuesday,0,2,Fried Rice,0,None,0,31.9,1.5,0,185,159
2023-02-28,Tuesday,0,2,Kottu,0,None,0,30.6,1.8,0,187,137
2023-02-28,Tuesday,0,2,Short Eats,0,None,0,26.5,4.8,0,119,96
2023-02-28,Tuesday,0,2,Beverages,0,None,0,28.8,3.4,0,199,166
2023-03-01,Wednesday,0,3,Rice & Curry,0,None,0,31.5,1.5,0,161,134
2023-03-01,Wednesday,0,3,Fried Rice,0,None,0,29.0,8.4,0,145,102
2023-03-01,Wednesday,0,3,Kottu,0,None,0,32.1,0.1,0,198,148
2023-03-01,Wednesday,0,3,Short Eats,0,None,0,28.7,10.8,0,118,83
2023-03-01,Wednesday,0,3,Beverages,0,None,0,26.4,0.4,0,141,116
2023-03-02,Thursday,0,3,Rice & Curry,0,None,0,30.4,8.3,0,190,152
2023-03-02,Thursday,0,3,Fried Rice,0,None,0,26.6,1.6,0,163,144
2023-03-02,Thursday,0,3,Kottu,0,None,0,27.7,0.5,0,93,72
2023-03-02,Thursday,0,3,Short Eats,0,None,0,32.0,5.0,0,116,82
2023-03-02,Thursday,0,3,Beverages,0,None,0,26.1,17.6,0,152,111
2023-03-03,Friday,0,3,Rice & Curry,0,None,0,28.7,0.5,0,138,129
2023-03-03,Friday,0,3,Fried Rice,0,None,0,31.5,0.4,0,149,141
2023-03-03,Friday,0,3,Kottu,0,None,0,32.2,3.7,0,141,120
2023-03-03,Friday,0,3,Short Eats,0,None,0,27.2,18.9,0,138,110
2023-03-03,Friday,0,3,Beverages,0,None,0,31.9,1.0,0,194,161
2023-03-04,Saturday,1,3,Rice & Curry,0,None,0,27.6,0.8,0,169,144
2023-03-04,Saturday,1,3,Fried Rice,0,None,0,32.7,7.0,0,84,72
2023-03-04,Saturday,1,3,Kottu,0,None,0,32.8,8.6,0,178,181
2023-03-04,Saturday,1,3,Short Eats,0,None,0,29.7,1.2,0,114,122
2023-03-04,Saturday,1,3,Beverages,0,None,0,30.9,0.7,0,111,109
2023-03-05,Sunday,1,3,Rice & Curry,0,None,0,30.4,5.5,0,168,171
2023-03-05,Sunday,1,3,Fried Rice,0,None,0,30.1,0.4,0,184,176
2023-03-05,Sunday,1,3,Kottu,0,None,0,27.9,2.6,0,146,164
2023-03-05,Sunday,1,3,Short Eats,0,None,0,32.0,6.6,0,119,133
2023-03-05,Sunday,1,3,Beverages,0,None,0,31.1,1.3,0,158,133
2023-03-06,Monday,0,3,Rice & Curry,0,None,0,30.9,0.2,0,97,70
2023-03-06,Monday,0,3,Fried Rice,0,None,0,27.5,4.6,0,148,140
2023-03-06,Monday,0,3,Kottu,0,None,0,26.4,8.6,0,141,120
2023-03-06,Monday,0,3,Short Eats,0,None,0,31.8,1.7,0,177,148
2023-03-06,Monday,0,3,Beverages,0,None,0,32.1,5.3,0,167,150
2023-03-07,Tuesday,0,3,Rice & Curry,0,None,0,30.6,7.6,0,138,102
2023-03-07,Tuesday,0,3,Fried Rice,0,None,0,28.3,1.1,0,132,115
2023-03-07,Tuesday,0,3,Kottu,0,None,0,30.3,5.6,0,86,79
2023-03-07,Tuesday,0,3,Short Eats,0,None,0,32.7,2.5,0,110,100
2023-03-07,Tuesday,0,3,Beverages,0,None,0,26.9,1.6,0,109,101
2023-03-08,Wednesday,0,3,Rice & Curry,0,None,0,26.0,3.2,0,156,129
2023-03-08,Wednesday,0,3,Fried Rice,0,None,0,26.0,1.4,0,125,98
2023-03-08,Wednesday,0,3,Kottu,0,None,0,29.9,0.5,0,177,152
2023-03-08,Wednesday,0,3,Short Eats,0,None,0,29.8,6.1,0,149,115
2023-03-08,Wednesday,0,3,Beverages,0,None,0,26.1,2.3,0,177,139
2023-03-09,Thursday,0,3,Rice & Curry,0,None,0,30.4,10.8,0,172,154
2023-03-09,Thursday,0,3,Fried Rice,0,None,0,27.2,5.9,0,147,114
2023-03-09,Thursday,0,3,Kottu,0,None,0,31.0,0.3,0,89,73
2023-03-09,Thursday,0,3,Short Eats,0,None,0,26.4,0.3,0,161,148
2023-03-09,Thursday,0,3,Beverages,0,None,0,32.8,13.9,0,115,99
2023-03-10,Friday,0,3,Rice & Curry,0,None,0,30.2,1.9,0,108,76
2023-03-10,Friday,0,3,Fried Rice,0,None,0,28.3,2.7,0,130,99
2023-03-10,Friday,0,3,Kottu,0,None,0,26.0,0.7,0,177,168
2023-03-10,Friday,0,3,Short Eats,0,None,0,29.0,2.4,0,118,98
2023-03-10,Friday,0,3,Beverages,0,None,0,31.8,1.4,0,111,80
2023-03-11,Saturday,1,3,Rice & Curry,0,None,0,30.8,4.3,0,106,117
2023-03-11,Saturday,1,3,Fried Rice,0,None,0,32.7,0.1,0,172,193
2023-03-11,Saturday,1,3,Kottu,0,None,0,28.9,4.1,0,85,91
2023-03-11,Saturday,1,3,Short Eats,0,None,0,29.1,1.5,0,137,152
2023-03-11,Saturday,1,3,Beverages,0,None,0,27.6,1.0,0,143,157
2023-03-12,Sunday,1,3,Rice & Curry,0,None,0,31.0,3.3,0,187,184
2023-03-12,Sunday,1,3,Fried Rice,0,None,0,32.8,0.8,0,96,83
2023-03-12,Sunday,1,3,Kottu,0,None,0,27.1,2.4,0,129,138
2023-03-12,Sunday,1,3,Short Eats,0,None,0,30.4,0.6,0,132,147
2023-03-12,Sunday,1,3,Beverages,0,None,0,32.8,0.8,0,94,93
2023-03-13,Monday,0,3,Rice & Curry,0,None,0,26.8,0.5,0,187,142
2023-03-13,Monday,0,3,Fried Rice,0,None,0,29.9,1.0,0,139,100
2023-03-13,Monday,0,3,Kottu,0,None,0,30.1,1.3,0,167,135
2023-03-13,Monday,0,3,Short Eats,0,None,0,32.9,0.6,0,100,72
2023-03-13,Monday,0,3,Beverages,0,None,0,28.7,2.6,0,174,153
2023-03-14,Tuesday,0,3,Rice & Curry,0,None,1,30.6,5.7,0,181,168
2023-03-14,Tuesday,0,3,Fried Rice,0,None,1,31.1,5.5,0,120,91
2023-03-14,Tuesday,0,3,Kottu,0,None,1,32.9,0.6,0,159,130
2023-03-14,Tuesday,0,3,Short Eats,0,None,1,27.5,1.7,0,119,84
2023-03-14,Tuesday,0,3,Beverages,0,None,1,28.3,2.9,0,112,103
2023-03-15,Wednesday,0,3,Rice & Curry,0,None,1,26.6,7.0,0,105,84
2023-03-15,Wednesday,0,3,Fried Rice,0,None,1,26.9,3.4,0,125,109
2023-03-15,Wednesday,0,3,Kottu,0,None,1,31.8,0.2,0,123,89
2023-03-15,Wednesday,0,3,Short Eats,0,None,1,30.5,4.9,0,85,72
2023-03-15,Wednesday,0,3,Beverages,0,None,1,30.3,3.8,0,120,105
2023-03-16,Thursday,0,3,Rice & Curry,0,None,0,32.1,5.0,0,141,126
2023-03-16,Thursday,0,3,Fried Rice,0,None,0,30.3,2.6,0,154,142
2023-03-16,Thursday,0,3,Kottu,0,None,0,29.8,6.8,0,105,86
2023-03-16,Thursday,0,3,Short Eats,0,None,0,26.3,0.7,0,93,67
2023-03-16,Thursday,0,3,Beverages,0,None,0,26.4,1.1,0,92,75
2023-03-17,Friday,0,3,Rice & Curry,0,None,0,30.3,1.6,0,189,148
2023-03-17,Friday,0,3,Fried Rice,0,None,0,27.3,6.2,0,134,95
2023-03-17,Friday,0,3,Kottu,0,None,0,27.1,0.1,0,162,123
2023-03-17,Friday,0,3,Short Eats,0,None,0,33.0,14.7,0,82,59
2023-03-17,Friday,0,3,Beverages,0,None,0,28.8,1.0,0,133,94
2023-03-18,Saturday,1,3,Rice & Curry,0,None,0,27.8,2.5,0,173,195
2023-03-18,Saturday,1,3,Fried Rice,0,None,0,28.9,7.5,0,116,109
2023-03-18,Saturday,1,3,Kottu,0,None,0,28.6,17.6,0,103,103
2023-03-18,Saturday,1,3,Short Eats,0,None,0,29.6,3.5,0,196,188
2023-03-18,Saturday,1,3,Beverages,0,None,0,30.2,3.6,0,115,111
2023-03-19,Sunday,1,3,Rice & Curry,0,None,0,27.9,3.6,0,197,187
2023-03-19,Sunday,1,3,Fried Rice,0,None,0,28.7,2.5,0,100,106
2023-03-19,Sunday,1,3,Kottu,0,None,0,26.9,5.0,0,191,195
2023-03-19,Sunday,1,3,Short Eats,0,None,0,30.4,1.9,0,81,72
2023-03-19,Sunday,1,3,Beverages,0,None,0,32.0,2.7,0,141,123
2023-03-20,Monday,0,3,Rice & Curry,0,None,0,28.8,3.6,0,182,144
2023-03-20,Monday,0,3,Fried Rice,0,None,0,30.2,0.7,0,168,158
2023-03-20,Monday,0,3,Kottu,0,None,0,27.8,4.3,0,144,129
2023-03-20,Monday,0,3,Short Eats,0,None,0,26.9,14.0,0,126,96
2023-03-20,Monday,0,3,Beverages,0,None,0,32.2,2.3,0,159,132
2023-03-21,Tuesday,0,3,Rice & Curry,0,None,0,28.4,7.1,0,80,65
2023-03-21,Tuesday,0,3,Fried Rice,0,None,0,30.1,11.9,0,136,101
2023-03-21,Tuesday,0,3,Kottu,0,None,0,27.2,0.1,0,116,92
2023-03-21,Tuesday,0,3,Short Eats,0,None,0,29.7,6.1,0,199,179
2023-03-21,Tuesday,0,3,Beverages,0,None,0,30.1,8.1,0,187,156
2023-03-22,Wednesday,0,3,Rice & Curry,0,None,0,26.2,17.3,0,152,127
2023-03-22,Wednesday,0,3,Fried Rice,0,None,0,32.6,0.2,0,198,150
2023-03-22,Wednesday,0,3,Kottu,0,None,0,27.3,0.4,0,112,93
2023-03-22,Wednesday,0,3,Short Eats,0,None,0,26.3,0.6,0,132,108
2023-03-22,Wednesday,0,3,Beverages,0,None,0,30.8,0.1,0,168,144
2023-03-23,Thursday,0,3,Rice & Curry,0,None,0,32.1,2.4,0,190,158
2023-03-23,Thursday,0,3,Fried Rice,0,None,0,28.4,3.0,0,102,72
2023-03-23,Thursday,0,3,Kottu,0,None,0,28.2,4.9,0,185,163
2023-03-23,Thursday,0,3,Short Eats,0,None,0,27.1,0.8,0,198,172
2023-03-23,Thursday,0,3,Beverages,0,None,0,29.1,8.1,0,165,126
2023-03-24,Friday,0,3,Rice & Curry,0,None,0,30.6,15.4,0,122,106
2023-03-24,Friday,0,3,Fried Rice,0,None,0,29.5,3.8,0,87,80
2023-03-24,Friday,0,3,Kottu,0,None,0,31.4,0.5,0,168,147
2023-03-24,Friday,0,3,Short Eats,0,None,0,30.7,1.0,0,159,144
2023-03-24,Friday,0,3,Beverages,0,None,0,30.7,3.4,0,141,122
2023-03-25,Saturday,1,3,Rice & Curry,0,None,0,33.0,0.2,0,152,167
2023-03-25,Saturday,1,3,Fried Rice,0,None,0,33.0,5.6,0,196,198
2023-03-25,Saturday,1,3,Kottu,0,None,0,31.2,8.4,0,181,170
2023-03-25,Saturday,1,3,Short Eats,0,None,0,30.7,6.6,0,161,178
2023-03-25,Saturday,1,3,Beverages,0,None,0,28.2,8.1,0,80,70
2023-03-26,Sunday,1,3,Rice & Curry,0,None,0,29.8,0.0,0,94,97
2023-03-26,Sunday,1,3,Fried Rice,0,None,0,30.3,3.3,0,98,94
2023-03-26,Sunday,1,3,Kottu,0,None,0,29.1,1.1,0,192,187
2023-03-26,Sunday,1,3,Short Eats,0,None,0,26.1,3.5,0,151,157
2023-03-26,Sunday,1,3,Beverages,0,None,0,30.3,2.5,0,82,82
2023-03-27,Monday,0,3,Rice & Curry,0,None,0,32.7,7.5,0,107,76
2023-03-27,Monday,0,3,Fried Rice,0,None,0,28.4,1.9,0,177,147
2023-03-27,Monday,0,3,Kottu,0,None,0,27.7,2.6,0,122,109
2023-03-27,Monday,0,3,Short Eats,0,None,0,31.7,5.1,0,122,86
2023-03-27,Monday,0,3,Beverages,0,None,0,27.4,0.0,0,126,90
2023-03-28,Tuesday,0,3,Rice & Curry,0,None,0,32.7,4.3,0,130,93
2023-03-28,Tuesday,0,3,Fried Rice,0,None,0,32.5,1.7,0,113,84
2023-03-28,Tuesday,0,3,Kottu,0,None,0,30.3,3.0,0,189,147
2023-03-28,Tuesday,0,3,Short Eats,0,None,0,31.6,3.1,0,95,69
2023-03-28,Tuesday,0,3,Beverages,0,None,0,31.0,2.0,0,156,125
2023-03-29,Wednesday,0,3,Rice & Curry,0,None,0,26.9,0.8,0,174,159
2023-03-29,Wednesday,0,3,Fried Rice,0,None,0,31.6,0.8,0,142,103
2023-03-29,Wednesday,0,3,Kottu,0,None,0,30.0,1.2,0,115,93
2023-03-29,Wednesday,0,3,Short Eats,0,None,0,26.6,6.8,0,123,87
2023-03-29,Wednesday,0,3,Beverages,0,None,0,30.4,12.1,0,198,170
2023-03-30,Thursday,0,3,Rice & Curry,0,None,0,29.6,3.6,0,105,79
2023-03-30,Thursday,0,3,Fried Rice,0,None,0,30.3,2.1,0,121,112
2023-03-30,Thursday,0,3,Kottu,0,None,0,28.5,1.1,0,116,90
2023-03-30,Thursday,0,3,Short Eats,0,None,0,31.1,7.6,0,118,102
2023-03-30,Thursday,0,3,Beverages,0,None,0,26.7,3.9,0,176,142
2023-03-31,Friday,0,3,Rice & Curry,0,None,0,27.1,1.1,0,187,171
2023-03-31,Friday,0,3,Fried Rice,0,None,0,27.5,0.4,0,127,99
2023-03-31,Friday,0,3,Kottu,0,None,0,27.6,0.9,0,90,68
2023-03-31,Friday,0,3,Short Eats,0,None,0,28.7,3.6,0,104,98
2023-03-31,Friday,0,3,Beverages,0,None,0,27.0,4.8,0,146,118
2023-04-01,Saturday,1,4,Rice & Curry,0,None,0,29.1,5.2,0,154,175
2023-04-01,Saturday,1,4,Fried Rice,0,None,0,26.9,0.4,0,169,159
2023-04-01,Saturday,1,4,Kottu,0,None,0,32.3,5.9,0,115,100
2023-04-01,Saturday,1,4,Short Eats,0,None,0,32.3,0.9,0,87,83
2023-04-01,Saturday,1,4,Beverages,0,None,0,28.4,3.8,0,92,92
2023-04-02,Sunday,1,4,Rice & Curry,0,None,0,26.5,6.4,0,106,109
2023-04-02,Sunday,1,4,Fried Rice,0,None,0,27.9,3.6,0,146,146
2023-04-02,Sunday,1,4,Kottu,0,None,0,28.3,1.6,0,149,127
2023-04-02,Sunday,1,4,Short Eats,0,None,0,28.6,1.8,0,114,121
2023-04-02,Sunday,1,4,Beverages,0,None,0,29.3,0.2,0,123,107
2023-04-03,Monday,0,4,Rice & Curry,0,None,0,32.7,4.0,0,126,95
2023-04-03,Monday,0,4,Fried Rice,0,None,0,29.8,0.4,0,134,119
2023-04-03,Monday,0,4,Kottu,0,None,0,28.4,4.4,0,163,133
2023-04-03,Monday,0,4,Short Eats,0,None,0,28.7,0.5,0,194,143
2023-04-03,Monday,0,4,Beverages,0,None,0,32.9,10.5,0,187,142
2023-04-04,Tuesday,0,4,Rice & Curry,0,None,0,30.7,0.4,0,101,73
2023-04-04,Tuesday,0,4,Fried Rice,0,None,0,31.3,0.5,0,95,79
2023-04-04,Tuesday,0,4,Kottu,0,None,0,27.1,0.3,0,115,89
2023-04-04,Tuesday,0,4,Short Eats,0,None,0,27.8,1.8,0,164,129
2023-04-04,Tuesday,0,4,Beverages,0,None,0,27.7,2.9,0,146,117
2023-04-05,Wednesday,0,4,Rice & Curry,0,None,0,29.1,3.7,0,134,99
2023-04-05,Wednesday,0,4,Fried Rice,0,None,0,31.5,3.4,0,139,127
2023-04-05,Wednesday,0,4,Kottu,0,None,0,27.5,10.7,0,121,101
2023-04-05,Wednesday,0,4,Short Eats,0,None,0,30.4,4.5,0,185,170
2023-04-05,Wednesday,0,4,Beverages,0,None,0,31.6,6.2,0,131,119
2023-04-06,Thursday,0,4,Rice & Curry,0,None,0,28.3,0.1,0,170,149
2023-04-06,Thursday,0,4,Fried Rice,0,None,0,28.4,14.9,0,89,81
2023-04-06,Thursday,0,4,Kottu,0,None,0,26.9,7.9,0,115,98
2023-04-06,Thursday,0,4,Short Eats,0,None,0,27.0,9.1,0,189,141
2023-04-06,Thursday,0,4,Beverages,0,None,0,29.5,2.0,0,104,90
2023-04-07,Friday,0,4,Rice & Curry,0,None,0,26.9,2.6,0,147,108
2023-04-07,Friday,0,4,Fried Rice,0,None,0,32.7,3.2,0,111,81
2023-04-07,Friday,0,4,Kottu,0,None,0,30.2,11.0,0,99,80
2023-04-07,Friday,0,4,Short Eats,0,None,0,26.7,4.1,0,172,121
2023-04-07,Friday,0,4,Beverages,0,None,0,30.2,1.8,0,110,79
2023-04-08,Saturday,1,4,Rice & Curry,0,None,0,31.5,2.5,0,81,80
2023-04-08,Saturday,1,4,Fried Rice,0,None,0,31.3,3.9,0,158,179
2023-04-08,Saturday,1,4,Kottu,0,None,0,27.7,0.6,0,152,163
2023-04-08,Saturday,1,4,Short Eats,0,None,0,27.9,0.8,0,95,82
2023-04-08,Saturday,1,4,Beverages,0,None,0,29.6,22.9,1,96,74
2023-04-09,Sunday,1,4,Rice & Curry,0,None,0,27.5,0.8,0,115,115
2023-04-09,Sunday,1,4,Fried Rice,0,None,0,29.0,0.6,0,195,187
2023-04-09,Sunday,1,4,Kottu,0,None,0,30.6,1.7,0,106,102
2023-04-09,Sunday,1,4,Short Eats,0,None,0,31.8,5.3,0,165,186
2023-04-09,Sunday,1,4,Beverages,0,None,0,27.7,0.6,0,100,85
2023-04-10,Monday,0,4,Rice & Curry,0,None,0,27.8,5.7,0,137,102
2023-04-10,Monday,0,4,Fried Rice,0,None,0,30.3,1.6,0,169,128
2023-04-10,Monday,0,4,Kottu,0,None,0,32.8,6.5,0,124,88
2023-04-10,Monday,0,4,Short Eats,0,None,0,28.6,1.2,0,90,73
2023-04-10,Monday,0,4,Beverages,0,None,0,31.9,0.4,0,105,77
2023-04-11,Tuesday,0,4,Rice & Curry,0,None,0,32.1,1.1,0,161,132
2023-04-11,Tuesday,0,4,Fried Rice,0,None,0,28.6,2.0,0,117,93
2023-04-11,Tuesday,0,4,Kottu,0,None,0,32.7,0.6,0,143,128
2023-04-11,Tuesday,0,4,Short Eats,0,None,0,28.2,4.7,0,139,100
2023-04-11,Tuesday,0,4,Beverages,0,None,0,28.0,10.7,0,139,124
2023-04-12,Wednesday,0,4,Rice & Curry,0,None,0,31.8,2.7,0,87,80
2023-04-12,Wednesday,0,4,Fried Rice,0,None,0,30.5,3.8,0,139,113
2023-04-12,Wednesday,0,4,Kottu,0,None,0,32.2,0.4,0,123,102
2023-04-12,Wednesday,0,4,Short Eats,0,None,0,30.8,0.2,0,166,146
2023-04-12,Wednesday,0,4,Beverages,0,None,0,26.5,0.3,0,103,73
2023-04-13,Thursday,0,4,Rice & Curry,1,Sinhala_Tamil_New_Year,0,29.6,2.0,0,110,128
2023-04-13,Thursday,0,4,Fried Rice,1,Sinhala_Tamil_New_Year,0,28.4,6.0,0,86,116
2023-04-13,Thursday,0,4,Kottu,1,Sinhala_Tamil_New_Year,0,28.5,2.1,0,84,109
2023-04-13,Thursday,0,4,Short Eats,1,Sinhala_Tamil_New_Year,0,31.4,1.2,0,117,126
2023-04-13,Thursday,0,4,Beverages,1,Sinhala_Tamil_New_Year,0,29.6,9.2,0,87,116
2023-04-14,Friday,0,4,Rice & Curry,1,Sinhala_Tamil_New_Year,1,30.4,1.9,0,129,136
2023-04-14,Friday,0,4,Fried Rice,1,Sinhala_Tamil_New_Year,1,27.8,1.2,0,184,238
2023-04-14,Friday,0,4,Kottu,1,Sinhala_Tamil_New_Year,1,29.7,0.2,0,193,226
2023-04-14,Friday,0,4,Short Eats,1,Sinhala_Tamil_New_Year,1,26.9,2.6,0,81,103
2023-04-14,Friday,0,4,Beverages,1,Sinhala_Tamil_New_Year,1,30.1,5.5,0,111,142
2023-04-15,Saturday,1,4,Rice & Curry,0,None,1,27.1,0.2,0,96,107
2023-04-15,Saturday,1,4,Fried Rice,0,None,1,27.6,1.9,0,138,139
2023-04-15,Saturday,1,4,Kottu,0,None,1,28.7,0.7,0,195,178
2023-04-15,Saturday,1,4,Short Eats,0,None,1,26.9,0.9,0,125,105
2023-04-15,Saturday,1,4,Beverages,0,None,1,32.9,4.5,0,173,190
2023-04-16,Sunday,1,4,Rice & Curry,0,None,0,31.9,10.0,0,97,100
2023-04-16,Sunday,1,4,Fried Rice,0,None,0,27.5,15.3,0,125,132
2023-04-16,Sunday,1,4,Kottu,0,None,0,31.4,4.3,0,154,144
2023-04-16,Sunday,1,4,Short Eats,0,None,0,31.3,1.3,0,171,146
2023-04-16,Sunday,1,4,Beverages,0,None,0,27.2,0.6,0,158,137
2023-04-17,Monday,0,4,Rice & Curry,0,None,0,32.8,2.7,0,102,93
2023-04-17,Monday,0,4,Fried Rice,0,None,0,31.1,3.1,0,140,124
2023-04-17,Monday,0,4,Kottu,0,None,0,30.3,0.4,0,102,89
2023-04-17,Monday,0,4,Short Eats,0,None,0,32.1,4.0,0,180,133
2023-04-17,Monday,0,4,Beverages,0,None,0,29.2,0.0,0,80,71
2023-04-18,Tuesday,0,4,Rice & Curry,0,None,0,32.2,1.3,0,178,142
2023-04-18,Tuesday,0,4,Fried Rice,0,None,0,31.6,0.9,0,89,79
2023-04-18,Tuesday,0,4,Kottu,0,None,0,31.7,3.8,0,145,114
2023-04-18,Tuesday,0,4,Short Eats,0,None,0,31.5,3.2,0,165,150
2023-04-18,Tuesday,0,4,Beverages,0,None,0,31.9,7.2,0,157,118
2023-04-19,Wednesday,0,4,Rice & Curry,0,None,0,32.7,1.8,0,154,137
2023-04-19,Wednesday,0,4,Fried Rice,0,None,0,31.9,2.5,0,162,154
2023-04-19,Wednesday,0,4,Kottu,0,None,0,28.6,2.4,0,99,89
2023-04-19,Wednesday,0,4,Short Eats,0,None,0,27.5,0.6,0,181,145
2023-04-19,Wednesday,0,4,Beverages,0,None,0,30.9,0.0,0,117,87
2023-04-20,Thursday,0,4,Rice & Curry,0,None,0,27.3,2.0,0,96,81
2023-04-20,Thursday,0,4,Fried Rice,0,None,0,29.4,4.1,0,167,121
2023-04-20,Thursday,0,4,Kottu,0,None,0,27.6,4.9,0,199,169
2023-04-20,Thursday,0,4,Short Eats,0,None,0,30.7,6.5,0,110,78
2023-04-20,Thursday,0,4,Beverages,0,None,0,28.3,4.0,0,162,116
2023-04-21,Friday,0,4,Rice & Curry,0,None,0,28.3,6.1,0,181,136
2023-04-21,Friday,0,4,Fried Rice,0,None,0,31.8,2.9,0,124,91
2023-04-21,Friday,0,4,Kottu,0,None,0,28.3,2.3,0,97,77
2023-04-21,Friday,0,4,Short Eats,0,None,0,26.4,6.5,0,126,120
2023-04-21,Friday,0,4,Beverages,0,None,0,32.5,4.1,0,96,83
2023-04-22,Saturday,1,4,Rice & Curry,0,None,0,29.5,0.8,0,94,91
2023-04-22,Saturday,1,4,Fried Rice,0,None,0,31.9,1.9,0,88,99
2023-04-22,Saturday,1,4,Kottu,0,None,0,27.4,3.3,0,89,84
2023-04-22,Saturday,1,4,Short Eats,0,None,0,26.2,0.1,0,197,182
2023-04-22,Saturday,1,4,Beverages,0,None,0,29.6,1.4,0,196,168
2023-04-23,Sunday,1,4,Rice & Curry,0,None,0,32.0,1.0,0,148,162
2023-04-23,Sunday,1,4,Fried Rice,0,None,0,27.3,6.5,0,153,172
2023-04-23,Sunday,1,4,Kottu,0,None,0,30.9,4.0,0,182,202
2023-04-23,Sunday,1,4,Short Eats,0,None,0,32.4,6.1,0,179,191
2023-04-23,Sunday,1,4,Beverages,0,None,0,27.1,3.8,0,139,133
2023-04-24,Monday,0,4,Rice & Curry,0,None,0,32.5,2.6,0,164,118
2023-04-24,Monday,0,4,Fried Rice,0,None,0,26.4,1.3,0,171,131
2023-04-24,Monday,0,4,Kottu,0,None,0,27.9,6.2,0,89,68
2023-04-24,Monday,0,4,Short Eats,0,None,0,31.3,2.4,0,156,120
2023-04-24,Monday,0,4,Beverages,0,None,0,27.1,7.7,0,186,133
2023-04-25,Tuesday,0,4,Rice & Curry,0,None,0,32.3,0.6,0,147,114
2023-04-25,Tuesday,0,4,Fried Rice,0,None,0,31.4,0.4,0,94,66
2023-04-25,Tuesday,0,4,Kottu,0,None,0,30.6,13.2,0,94,87
2023-04-25,Tuesday,0,4,Short Eats,0,None,0,28.8,7.0,0,199,152
2023-04-25,Tuesday,0,4,Beverages,0,None,0,31.1,15.9,0,161,119
2023-04-26,Wednesday,0,4,Rice & Curry,0,None,0,31.1,0.8,0,128,104
2023-04-26,Wednesday,0,4,Fried Rice,0,None,0,32.8,3.8,0,140,102
2023-04-26,Wednesday,0,4,Kottu,0,None,0,27.1,1.0,0,185,134
2023-04-26,Wednesday,0,4,Short Eats,0,None,0,30.8,3.2,0,103,75
2023-04-26,Wednesday,0,4,Beverages,0,None,0,32.0,5.1,0,120,108
2023-04-27,Thursday,0,4,Rice & Curry,0,None,0,29.8,3.8,0,189,154
2023-04-27,Thursday,0,4,Fried Rice,0,None,0,29.4,0.7,0,81,70
2023-04-27,Thursday,0,4,Kottu,0,None,0,27.5,0.4,0,95,76
2023-04-27,Thursday,0,4,Short Eats,0,None,0,30.6,3.2,0,167,150
2023-04-27,Thursday,0,4,Beverages,0,None,0,26.8,1.8,0,178,127
2023-04-28,Friday,0,4,Rice & Curry,0,None,0,31.5,0.9,0,86,79
2023-04-28,Friday,0,4,Fried Rice,0,None,0,29.8,5.7,0,195,162
2023-04-28,Friday,0,4,Kottu,0,None,0,27.4,8.4,0,165,122
2023-04-28,Friday,0,4,Short Eats,0,None,0,27.8,11.7,0,119,113
2023-04-28,Friday,0,4,Beverages,0,None,0,31.4,0.1,0,104,75
2023-04-29,Saturday,1,4,Rice & Curry,0,None,0,28.4,1.3,0,121,120
2023-04-29,Saturday,1,4,Fried Rice,0,None,0,26.7,4.3,0,168,161
2023-04-29,Saturday,1,4,Kottu,0,None,0,26.7,2.3,0,90,81
2023-04-29,Saturday,1,4,Short Eats,0,None,0,29.7,1.4,0,171,182
2023-04-29,Saturday,1,4,Beverages,0,None,0,27.9,1.5,0,88,84
2023-04-30,Sunday,1,4,Rice & Curry,0,None,0,32.4,3.0,0,121,118
2023-04-30,Sunday,1,4,Fried Rice,0,None,0,29.9,0.7,0,159,174
2023-04-30,Sunday,1,4,Kottu,0,None,0,32.3,1.3,0,119,118
2023-04-30,Sunday,1,4,Short Eats,0,None,0,30.2,0.1,0,87,96
2023-04-30,Sunday,1,4,Beverages,0,None,0,30.6,0.7,0,83,90
2023-05-01,Monday,0,5,Rice & Curry,0,None,0,32.8,7.8,0,88,79
2023-05-01,Monday,0,5,Fried Rice,0,None,0,29.5,13.7,0,142,117
2023-05-01,Monday,0,5,Kottu,0,None,0,26.9,5.2,0,113,84
2023-05-01,Monday,0,5,Short Eats,0,None,0,32.2,2.2,0,198,145
2023-05-01,Monday,0,5,Beverages,0,None,0,30.8,0.4,0,147,129
2023-05-02,Tuesday,0,5,Rice & Curry,0,None,0,32.2,0.3,0,84,79
2023-05-02,Tuesday,0,5,Fried Rice,0,None,0,28.4,1.4,0,181,151
2023-05-02,Tuesday,0,5,Kottu,0,None,0,31.0,1.5,0,90,83
2023-05-02,Tuesday,0,5,Short Eats,0,None,0,30.6,1.5,0,167,138
2023-05-02,Tuesday,0,5,Beverages,0,None,0,31.8,1.6,0,169,129
2023-05-03,Wednesday,0,5,Rice & Curry,0,None,0,26.8,0.4,0,112,85
2023-05-03,Wednesday,0,5,Fried Rice,0,None,0,27.0,1.7,0,126,94
2023-05-03,Wednesday,0,5,Kottu,0,None,0,30.3,2.3,0,101,89
2023-05-03,Wednesday,0,5,Short Eats,0,None,0,31.6,7.4,0,170,146
2023-05-03,Wednesday,0,5,Beverages,0,None,0,26.9,4.5,0,145,113
2023-05-04,Thursday,0,5,Rice & Curry,0,None,0,26.0,4.6,0,149,136
2023-05-04,Thursday,0,5,Fried Rice,0,None,0,27.6,7.3,0,166,119
2023-05-04,Thursday,0,5,Kottu,0,None,0,28.4,8.1,0,126,98
2023-05-04,Thursday,0,5,Short Eats,0,None,0,27.5,0.1,0,196,157
2023-05-04,Thursday,0,5,Beverages,0,None,0,31.3,9.4,0,96,86
2023-05-05,Friday,0,5,Rice & Curry,1,Vesak,0,31.5,4.4,0,161,208
2023-05-05,Friday,0,5,Fried Rice,1,Vesak,0,32.1,0.0,0,138,151
2023-05-05,Friday,0,5,Kottu,1,Vesak,0,29.1,2.5,0,179,214
2023-05-05,Friday,0,5,Short Eats,1,Vesak,0,26.9,2.1,0,157,193
2023-05-05,Friday,0,5,Beverages,1,Vesak,0,26.1,2.2,0,93,130
2023-05-06,Saturday,1,5,Rice & Curry,0,None,0,28.0,7.8,0,162,183
2023-05-06,Saturday,1,5,Fried Rice,0,None,0,31.8,4.8,0,107,90
2023-05-06,Saturday,1,5,Kottu,0,None,0,32.7,5.2,0,198,198
2023-05-06,Saturday,1,5,Short Eats,0,None,0,30.4,2.4,0,199,209
2023-05-06,Saturday,1,5,Beverages,0,None,0,29.8,0.4,0,109,93
2023-05-07,Sunday,1,5,Rice & Curry,0,None,0,30.0,1.3,0,93,95
2023-05-07,Sunday,1,5,Fried Rice,0,None,0,28.1,1.4,0,173,176
2023-05-07,Sunday,1,5,Kottu,0,None,0,26.5,8.4,0,81,84
2023-05-07,Sunday,1,5,Short Eats,0,None,0,30.2,8.9,0,134,134
2023-05-07,Sunday,1,5,Beverages,0,None,0,31.9,1.3,0,91,92
2023-05-08,Monday,0,5,Rice & Curry,0,None,0,33.0,7.7,0,100,72
2023-05-08,Monday,0,5,Fried Rice,0,None,0,31.8,3.7,0,112,99
2023-05-08,Monday,0,5,Kottu,0,None,0,29.7,0.1,0,114,103
2023-05-08,Monday,0,5,Short Eats,0,None,0,32.2,3.4,0,124,108
2023-05-08,Monday,0,5,Beverages,0,None,0,26.6,9.7,0,125,112
2023-05-09,Tuesday,0,5,Rice & Curry,0,None,0,30.2,8.9,0,172,128
2023-05-09,Tuesday,0,5,Fried Rice,0,None,0,32.6,2.4,0,108,93
2023-05-09,Tuesday,0,5,Kottu,0,None,0,30.7,0.6,0,83,66
2023-05-09,Tuesday,0,5,Short Eats,0,None,0,29.4,4.2,0,145,111
2023-05-09,Tuesday,0,5,Beverages,0,None,0,29.3,16.5,0,151,130
2023-05-10,Wednesday,0,5,Rice & Curry,0,None,0,26.5,1.2,0,96,68
2023-05-10,Wednesday,0,5,Fried Rice,0,None,0,30.2,9.5,0,162,125
2023-05-10,Wednesday,0,5,Kottu,0,None,0,32.8,1.6,0,192,164
2023-05-10,Wednesday,0,5,Short Eats,0,None,0,29.3,2.4,0,163,123
2023-05-10,Wednesday,0,5,Beverages,0,None,0,29.6,0.0,0,125,89
2023-05-11,Thursday,0,5,Rice & Curry,0,None,0,31.8,7.4,0,176,138
2023-05-11,Thursday,0,5,Fried Rice,0,None,0,31.6,3.4,0,141,113
2023-05-11,Thursday,0,5,Kottu,0,None,0,26.3,1.3,0,167,121
2023-05-11,Thursday,0,5,Short Eats,0,None,0,30.3,0.5,0,130,120
2023-05-11,Thursday,0,5,Beverages,0,None,0,30.0,0.1,0,143,125
2023-05-12,Friday,0,5,Rice & Curry,0,None,0,32.9,0.6,0,125,93
2023-05-12,Friday,0,5,Fried Rice,0,None,0,28.7,5.2,0,151,140
2023-05-12,Friday,0,5,Kottu,0,None,0,31.0,3.7,0,191,148
2023-05-12,Friday,0,5,Short Eats,0,None,0,31.0,12.3,0,148,104
2023-05-12,Friday,0,5,Beverages,0,None,0,30.5,0.2,0,188,171
2023-05-13,Saturday,1,5,Rice & Curry,0,None,0,26.3,8.2,0,97,85
2023-05-13,Saturday,1,5,Fried Rice,0,None,0,28.7,2.4,0,161,140
2023-05-13,Saturday,1,5,Kottu,0,None,0,30.2,3.2,0,192,165
2023-05-13,Saturday,1,5,Short Eats,0,None,0,26.6,1.8,0,118,114
2023-05-13,Saturday,1,5,Beverages,0,None,0,30.5,4.2,0,130,132
2023-05-14,Sunday,1,5,Rice & Curry,0,None,1,26.1,4.0,0,197,172
2023-05-14,Sunday,1,5,Fried Rice,0,None,1,27.1,0.8,0,149,131
2023-05-14,Sunday,1,5,Kottu,0,None,1,32.3,0.3,0,95,108
2023-05-14,Sunday,1,5,Short Eats,0,None,1,31.7,4.7,0,91,84
2023-05-14,Sunday,1,5,Beverages,0,None,1,29.4,3.4,0,169,188
2023-05-15,Monday,0,5,Rice & Curry,0,None,1,31.7,1.0,0,104,92
2023-05-15,Monday,0,5,Fried Rice,0,None,1,30.6,7.5,0,133,121
2023-05-15,Monday,0,5,Kottu,0,None,1,28.8,0.3,0,152,118
2023-05-15,Monday,0,5,Short Eats,0,None,1,31.5,2.4,0,177,141
2023-05-15,Monday,0,5,Beverages,0,None,1,29.2,3.5,0,120,97
2023-05-16,Tuesday,0,5,Rice & Curry,0,None,0,28.2,3.5,0,136,96
2023-05-16,Tuesday,0,5,Fried Rice,0,None,0,28.8,3.0,0,113,84
2023-05-16,Tuesday,0,5,Kottu,0,None,0,29.0,0.6,0,135,120
2023-05-16,Tuesday,0,5,Short Eats,0,None,0,32.6,1.7,0,153,132
2023-05-16,Tuesday,0,5,Beverages,0,None,0,30.5,1.7,0,174,156
2023-05-17,Wednesday,0,5,Rice & Curry,0,None,0,30.2,0.4,0,143,122
2023-05-17,Wednesday,0,5,Fried Rice,0,None,0,28.6,1.0,0,155,130
2023-05-17,Wednesday,0,5,Kottu,0,None,0,26.7,0.7,0,129,106
2023-05-17,Wednesday,0,5,Short Eats,0,None,0,26.2,2.8,0,154,113
2023-05-17,Wednesday,0,5,Beverages,0,None,0,26.7,0.9,0,186,148
2023-05-18,Thursday,0,5,Rice & Curry,0,None,0,27.1,0.1,0,138,102
2023-05-18,Thursday,0,5,Fried Rice,0,None,0,29.4,0.6,0,116,109
2023-05-18,Thursday,0,5,Kottu,0,None,0,28.2,8.8,0,147,139
2023-05-18,Thursday,0,5,Short Eats,0,None,0,29.8,0.4,0,138,130
2023-05-18,Thursday,0,5,Beverages,0,None,0,28.7,1.9,0,191,171
2023-05-19,Friday,0,5,Rice & Curry,0,None,0,32.9,2.6,0,92,77
2023-05-19,Friday,0,5,Fried Rice,0,None,0,31.3,7.2,0,130,103
2023-05-19,Friday,0,5,Kottu,0,None,0,31.8,4.9,0,192,159
2023-05-19,Friday,0,5,Short Eats,0,None,0,30.7,1.1,0,90,76
2023-05-19,Friday,0,5,Beverages,0,None,0,28.4,3.5,0,103,98
2023-05-20,Saturday,1,5,Rice & Curry,0,None,0,27.1,6.8,0,179,172
2023-05-20,Saturday,1,5,Fried Rice,0,None,0,33.0,8.5,0,183,172
2023-05-20,Saturday,1,5,Kottu,0,None,0,31.5,2.5,0,182,174
2023-05-20,Saturday,1,5,Short Eats,0,None,0,26.3,2.6,0,115,128
2023-05-20,Saturday,1,5,Beverages,0,None,0,26.9,3.6,0,177,187
2023-05-21,Sunday,1,5,Rice & Curry,0,None,0,29.7,8.2,0,100,106
2023-05-21,Sunday,1,5,Fried Rice,0,None,0,29.8,0.2,0,135,125
2023-05-21,Sunday,1,5,Kottu,0,None,0,32.1,11.5,0,96,108
2023-05-21,Sunday,1,5,Short Eats,0,None,0,29.6,0.4,0,131,144
2023-05-21,Sunday,1,5,Beverages,0,None,0,30.1,1.9,0,181,180
2023-05-22,Monday,0,5,Rice & Curry,0,None,0,29.9,2.3,0,106,88
2023-05-22,Monday,0,5,Fried Rice,0,None,0,29.4,3.4,0,130,120
2023-05-22,Monday,0,5,Kottu,0,None,0,29.2,2.3,0,126,112
2023-05-22,Monday,0,5,Short Eats,0,None,0,30.0,12.5,0,127,121
2023-05-22,Monday,0,5,Beverages,0,None,0,26.4,0.0,0,160,146
2023-05-23,Tuesday,0,5,Rice & Curry,0,None,0,32.3,0.3,0,117,89
2023-05-23,Tuesday,0,5,Fried Rice,0,None,0,26.2,14.2,0,140,130
2023-05-23,Tuesday,0,5,Kottu,0,None,0,26.1,2.6,0,172,122
2023-05-23,Tuesday,0,5,Short Eats,0,None,0,32.1,3.0,0,143,111
2023-05-23,Tuesday,0,5,Beverages,0,None,0,28.5,6.5,0,103,91
2023-05-24,Wednesday,0,5,Rice & Curry,0,None,0,29.7,6.3,0,114,108
2023-05-24,Wednesday,0,5,Fried Rice,0,None,0,30.7,7.1,0,150,105
2023-05-24,Wednesday,0,5,Kottu,0,None,0,26.3,1.7,0,116,103
2023-05-24,Wednesday,0,5,Short Eats,0,None,0,27.0,5.6,0,84,76
2023-05-24,Wednesday,0,5,Beverages,0,None,0,31.7,8.6,0,114,97
2023-05-25,Thursday,0,5,Rice & Curry,0,None,0,26.6,2.7,0,125,96
2023-05-25,Thursday,0,5,Fried Rice,0,None,0,30.8,0.1,0,154,121
2023-05-25,Thursday,0,5,Kottu,0,None,0,26.8,6.6,0,124,108
2023-05-25,Thursday,0,5,Short Eats,0,None,0,26.0,0.4,0,181,140
2023-05-25,Thursday,0,5,Beverages,0,None,0,26.5,2.8,0,185,141
2023-05-26,Friday,0,5,Rice & Curry,0,None,0,29.3,0.6,0,169,135
2023-05-26,Friday,0,5,Fried Rice,0,None,0,28.1,1.1,0,118,94
2023-05-26,Friday,0,5,Kottu,0,None,0,28.0,0.7,0,134,124
2023-05-26,Friday,0,5,Short Eats,0,None,0,28.3,2.6,0,144,121
2023-05-26,Friday,0,5,Beverages,0,None,0,27.5,0.1,0,98,77
2023-05-27,Saturday,1,5,Rice & Curry,0,None,0,30.5,0.5,0,160,169
2023-05-27,Saturday,1,5,Fried Rice,0,None,0,32.1,2.4,0,179,184
2023-05-27,Saturday,1,5,Kottu,0,None,0,26.5,4.6,0,93,91
2023-05-27,Saturday,1,5,Short Eats,0,None,0,27.6,1.4,0,158,159
2023-05-27,Saturday,1,5,Beverages,0,None,0,29.6,0.6,0,166,175
2023-05-28,Sunday,1,5,Rice & Curry,0,None,0,28.8,0.7,0,113,99
2023-05-28,Sunday,1,5,Fried Rice,0,None,0,30.4,0.2,0,155,149
2023-05-28,Sunday,1,5,Kottu,0,None,0,26.7,0.8,0,172,147
2023-05-28,Sunday,1,5,Short Eats,0,None,0,27.9,4.9,0,166,168
2023-05-28,Sunday,1,5,Beverages,0,None,0,29.3,1.7,0,123,131
2023-05-29,Monday,0,5,Rice & Curry,0,None,0,28.2,0.4,0,144,105
2023-05-29,Monday,0,5,Fried Rice,0,None,0,30.0,8.1,0,147,132
2023-05-29,Monday,0,5,Kottu,0,None,0,32.2,2.3,0,128,102
2023-05-29,Monday,0,5,Short Eats,0,None,0,32.6,4.5,0,96,84
2023-05-29,Monday,0,5,Beverages,0,None,0,29.5,2.0,0,170,155
2023-05-30,Tuesday,0,5,Rice & Curry,0,None,0,30.7,0.6,0,164,144
2023-05-30,Tuesday,0,5,Fried Rice,0,None,0,30.7,13.5,0,187,137
2023-05-30,Tuesday,0,5,Kottu,0,None,0,30.7,11.5,0,152,110
2023-05-30,Tuesday,0,5,Short Eats,0,None,0,31.5,4.1,0,121,88
2023-05-30,Tuesday,0,5,Beverages,0,None,0,29.5,1.9,0,120,98
2023-05-31,Wednesday,0,5,Rice & Curry,0,None,0,26.8,4.0,0,178,141
2023-05-31,Wednesday,0,5,Fried Rice,0,None,0,26.4,5.8,0,161,135
2023-05-31,Wednesday,0,5,Kottu,0,None,0,28.9,5.1,0,88,76
2023-05-31,Wednesday,0,5,Short Eats,0,None,0,29.3,8.5,0,176,158
2023-05-31,Wednesday,0,5,Beverages,0,None,0,31.3,0.1,0,88,65
2023-06-01,Thursday,0,6,Rice & Curry,0,None,0,30.6,5.4,0,107,101
2023-06-01,Thursday,0,6,Fried Rice,0,None,0,26.4,4.6,0,133,100
2023-06-01,Thursday,0,6,Kottu,0,None,0,32.2,1.4,0,178,154
2023-06-01,Thursday,0,6,Short Eats,0,None,0,31.8,6.1,0,132,101
2023-06-01,Thursday,0,6,Beverages,0,None,0,31.8,0.1,0,116,108
2023-06-02,Friday,0,6,Rice & Curry,0,None,0,31.9,4.9,0,93,75
2023-06-02,Friday,0,6,Fried Rice,0,None,0,29.5,2.1,0,96,89
2023-06-02,Friday,0,6,Kottu,0,None,0,27.9,5.2,0,104,98
2023-06-02,Friday,0,6,Short Eats,0,None,0,29.6,4.5,0,163,133
2023-06-02,Friday,0,6,Beverages,0,None,0,27.9,1.0,0,171,161
2023-06-03,Saturday,1,6,Rice & Curry,0,None,0,26.9,0.1,0,138,132
2023-06-03,Saturday,1,6,Fried Rice,0,None,0,28.6,0.8,0,86,73
2023-06-03,Saturday,1,6,Kottu,0,None,0,28.1,5.9,0,137,124
2023-06-03,Saturday,1,6,Short Eats,0,None,0,30.5,3.4,0,159,148
2023-06-03,Saturday,1,6,Beverages,0,None,0,30.5,14.6,0,190,198
2023-06-04,Sunday,1,6,Rice & Curry,0,None,0,29.8,7.1,0,166,178
2023-06-04,Sunday,1,6,Fried Rice,0,None,0,29.2,2.0,0,83,92
2023-06-04,Sunday,1,6,Kottu,0,None,0,31.0,11.1,0,177,174
2023-06-04,Sunday,1,6,Short Eats,0,None,0,31.2,2.6,0,169,171
2023-06-04,Sunday,1,6,Beverages,0,None,0,32.9,1.1,0,135,154
2023-06-05,Monday,0,6,Rice & Curry,0,None,0,29.8,13.2,0,107,96
2023-06-05,Monday,0,6,Fried Rice,0,None,0,27.4,5.2,0,150,110
2023-06-05,Monday,0,6,Kottu,0,None,0,30.4,6.1,0,124,95
2023-06-05,Monday,0,6,Short Eats,0,None,0,32.9,3.0,0,147,117
2023-06-05,Monday,0,6,Beverages,0,None,0,30.7,1.2,0,128,120
2023-06-06,Tuesday,0,6,Rice & Curry,0,None,0,28.4,5.2,0,136,125
2023-06-06,Tuesday,0,6,Fried Rice,0,None,0,31.0,0.3,0,192,179
2023-06-06,Tuesday,0,6,Kottu,0,None,0,29.5,1.0,0,199,146
2023-06-06,Tuesday,0,6,Short Eats,0,None,0,32.7,3.0,0,94,74
2023-06-06,Tuesday,0,6,Beverages,0,None,0,32.6,13.1,0,85,65
2023-06-07,Wednesday,0,6,Rice & Curry,0,None,0,31.6,2.5,0,153,114
2023-06-07,Wednesday,0,6,Fried Rice,0,None,0,29.2,3.3,0,85,69
2023-06-07,Wednesday,0,6,Kottu,0,None,0,27.5,0.2,0,112,82
2023-06-07,Wednesday,0,6,Short Eats,0,None,0,33.0,3.0,0,174,132
2023-06-07,Wednesday,0,6,Beverages,0,None,0,32.7,0.9,0,178,147
2023-06-08,Thursday,0,6,Rice & Curry,0,None,0,28.8,12.2,0,141,119
2023-06-08,Thursday,0,6,Fried Rice,0,None,0,27.8,2.3,0,98,73
2023-06-08,Thursday,0,6,Kottu,0,None,0,27.5,0.1,0,85,64
2023-06-08,Thursday,0,6,Short Eats,0,None,0,31.5,9.5,0,177,155
2023-06-08,Thursday,0,6,Beverages,0,None,0,28.8,12.2,0,113,100
2023-06-09,Friday,0,6,Rice & Curry,0,None,0,27.1,2.6,0,175,136
2023-06-09,Friday,0,6,Fried Rice,0,None,0,27.6,2.5,0,160,119
2023-06-09,Friday,0,6,Kottu,0,None,0,30.0,5.9,0,165,140
2023-06-09,Friday,0,6,Short Eats,0,None,0,31.8,6.1,0,171,159
2023-06-09,Friday,0,6,Beverages,0,None,0,27.6,4.0,0,167,151
2023-06-10,Saturday,1,6,Rice & Curry,0,None,0,27.2,2.9,0,127,110
2023-06-10,Saturday,1,6,Fried Rice,0,None,0,29.0,0.1,0,146,162
2023-06-10,Saturday,1,6,Kottu,0,None,0,26.0,9.3,0,133,128
2023-06-10,Saturday,1,6,Short Eats,0,None,0,32.4,20.0,0,111,110
2023-06-10,Saturday,1,6,Beverages,0,None,0,29.4,4.0,0,99,106
2023-06-11,Sunday,1,6,Rice & Curry,0,None,0,32.4,12.1,0,170,157
2023-06-11,Sunday,1,6,Fried Rice,0,None,0,30.4,19.5,0,172,174
2023-06-11,Sunday,1,6,Kottu,0,None,0,28.5,4.3,0,193,214
2023-06-11,Sunday,1,6,Short Eats,0,None,0,32.1,14.7,0,166,165
2023-06-11,Sunday,1,6,Beverages,0,None,0,27.5,0.2,0,144,129
2023-06-12,Monday,0,6,Rice & Curry,0,None,0,32.1,1.3,0,172,139
2023-06-12,Monday,0,6,Fried Rice,0,None,0,31.0,3.3,0,100,83
2023-06-12,Monday,0,6,Kottu,0,None,0,31.3,1.3,0,139,112
2023-06-12,Monday,0,6,Short Eats,0,None,0,32.3,7.5,0,84,68
2023-06-12,Monday,0,6,Beverages,0,None,0,31.5,2.6,0,94,79
2023-06-13,Tuesday,0,6,Rice & Curry,0,None,0,27.4,1.2,0,191,150
2023-06-13,Tuesday,0,6,Fried Rice,0,None,0,32.0,0.9,0,170,122
2023-06-13,Tuesday,0,6,Kottu,0,None,0,32.6,2.8,0,146,106
2023-06-13,Tuesday,0,6,Short Eats,0,None,0,31.8,0.2,0,115,100
2023-06-13,Tuesday,0,6,Beverages,0,None,0,31.4,4.3,0,146,121
2023-06-14,Wednesday,0,6,Rice & Curry,0,None,1,29.2,0.2,0,195,157
2023-06-14,Wednesday,0,6,Fried Rice,0,None,1,26.3,0.5,0,141,117
2023-06-14,Wednesday,0,6,Kottu,0,None,1,30.1,0.3,0,149,106
2023-06-14,Wednesday,0,6,Short Eats,0,None,1,32.8,1.0,0,117,82
2023-06-14,Wednesday,0,6,Beverages,0,None,1,29.1,8.6,0,165,146
2023-06-15,Thursday,0,6,Rice & Curry,0,None,1,32.8,1.0,0,115,102
2023-06-15,Thursday,0,6,Fried Rice,0,None,1,31.9,2.2,0,129,119
2023-06-15,Thursday,0,6,Kottu,0,None,1,31.7,1.2,0,130,97
2023-06-15,Thursday,0,6,Short Eats,0,None,1,28.6,9.3,0,197,158
2023-06-15,Thursday,0,6,Beverages,0,None,1,27.5,5.8,0,133,113
2023-06-16,Friday,0,6,Rice & Curry,0,None,0,30.6,0.3,0,110,98
2023-06-16,Friday,0,6,Fried Rice,0,None,0,26.1,1.3,0,88,68
2023-06-16,Friday,0,6,Kottu,0,None,0,30.4,2.6,0,96,82
2023-06-16,Friday,0,6,Short Eats,0,None,0,28.1,5.0,0,100,84
2023-06-16,Friday,0,6,Beverages,0,None,0,31.5,4.9,0,130,103
2023-06-17,Saturday,1,6,Rice & Curry,0,None,0,32.5,7.0,0,183,164
2023-06-17,Saturday,1,6,Fried Rice,0,None,0,26.7,6.5,0,190,199
2023-06-17,Saturday,1,6,Kottu,0,None,0,31.1,7.9,0,160,136
2023-06-17,Saturday,1,6,Short Eats,0,None,0,26.4,0.6,0,149,140
2023-06-17,Saturday,1,6,Beverages,0,None,0,32.8,7.8,0,142,152
2023-06-18,Sunday,1,6,Rice & Curry,0,None,0,30.7,2.3,0,143,141
2023-06-18,Sunday,1,6,Fried Rice,0,None,0,28.7,0.7,0,111,106
2023-06-18,Sunday,1,6,Kottu,0,None,0,32.3,0.1,0,122,133
2023-06-18,Sunday,1,6,Short Eats,0,None,0,26.1,4.9,0,93,102
2023-06-18,Sunday,1,6,Beverages,0,None,0,26.7,3.3,0,108,117
2023-06-19,Monday,0,6,Rice & Curry,0,None,0,29.8,13.6,0,162,131
2023-06-19,Monday,0,6,Fried Rice,0,None,0,28.2,2.6,0,183,136
2023-06-19,Monday,0,6,Kottu,0,None,0,31.6,3.2,0,155,117
2023-06-19,Monday,0,6,Short Eats,0,None,0,32.2,6.6,0,174,135
2023-06-19,Monday,0,6,Beverages,0,None,0,28.0,8.2,0,194,160
2023-06-20,Tuesday,0,6,Rice & Curry,0,None,0,26.5,1.5,0,198,167
2023-06-20,Tuesday,0,6,Fried Rice,0,None,0,31.8,9.5,0,161,123
2023-06-20,Tuesday,0,6,Kottu,0,None,0,27.1,0.8,0,91,70
2023-06-20,Tuesday,0,6,Short Eats,0,None,0,28.1,1.7,0,96,90
2023-06-20,Tuesday,0,6,Beverages,0,None,0,29.0,8.4,0,148,106
2023-06-21,Wednesday,0,6,Rice & Curry,0,None,0,31.5,1.3,0,191,150
2023-06-21,Wednesday,0,6,Fried Rice,0,None,0,30.7,0.3,0,173,137
2023-06-21,Wednesday,0,6,Kottu,0,None,0,32.6,4.1,0,133,117
2023-06-21,Wednesday,0,6,Short Eats,0,None,0,26.8,6.1,0,133,113
2023-06-21,Wednesday,0,6,Beverages,0,None,0,32.9,1.6,0,142,115
2023-06-22,Thursday,0,6,Rice & Curry,0,None,0,32.9,0.3,0,108,102
2023-06-22,Thursday,0,6,Fried Rice,0,None,0,26.7,3.2,0,107,86
2023-06-22,Thursday,0,6,Kottu,0,None,0,31.2,4.9,0,120,90
2023-06-22,Thursday,0,6,Short Eats,0,None,0,29.6,0.3,0,82,62
2023-06-22,Thursday,0,6,Beverages,0,None,0,29.4,1.3,0,103,89
2023-06-23,Friday,0,6,Rice & Curry,0,None,0,32.8,3.7,0,118,88
2023-06-23,Friday,0,6,Fried Rice,0,None,0,32.5,0.3,0,120,87
2023-06-23,Friday,0,6,Kottu,0,None,0,30.2,3.9,0,190,159
2023-06-23,Friday,0,6,Short Eats,0,None,0,30.5,4.9,0,85,65
2023-06-23,Friday,0,6,Beverages,0,None,0,30.7,4.9,0,127,107
2023-06-24,Saturday,1,6,Rice & Curry,0,None,0,29.7,1.1,0,81,89
2023-06-24,Saturday,1,6,Fried Rice,0,None,0,32.6,0.4,0,89,91
2023-06-24,Saturday,1,6,Kottu,0,None,0,27.5,11.2,0,100,90
2023-06-24,Saturday,1,6,Short Eats,0,None,0,30.1,4.8,0,104,89
2023-06-24,Saturday,1,6,Beverages,0,None,0,30.4,1.9,0,86,79
2023-06-25,Sunday,1,6,Rice & Curry,0,None,0,29.2,12.6,0,115,122
2023-06-25,Sunday,1,6,Fried Rice,0,None,0,30.3,5.4,0,85,96
2023-06-25,Sunday,1,6,Kottu,0,None,0,26.7,0.0,0,133,125
2023-06-25,Sunday,1,6,Short Eats,0,None,0,32.2,0.4,0,104,101
2023-06-25,Sunday,1,6,Beverages,0,None,0,27.8,2.3,0,152,148
2023-06-26,Monday,0,6,Rice & Curry,0,None,0,33.0,1.0,0,122,105
2023-06-26,Monday,0,6,Fried Rice,0,None,0,27.7,5.0,0,119,103
2023-06-26,Monday,0,6,Kottu,0,None,0,31.7,0.2,0,131,92
2023-06-26,Monday,0,6,Short Eats,0,None,0,27.7,1.0,0,148,106
2023-06-26,Monday,0,6,Beverages,0,None,0,32.4,1.8,0,129,114
2023-06-27,Tuesday,0,6,Rice & Curry,0,None,0,30.2,4.5,0,161,128
2023-06-27,Tuesday,0,6,Fried Rice,0,None,0,28.3,8.7,0,98,81
2023-06-27,Tuesday,0,6,Kottu,0,None,0,28.0,6.2,0,82,70
2023-06-27,Tuesday,0,6,Short Eats,0,None,0,31.2,5.4,0,189,146
2023-06-27,Tuesday,0,6,Beverages,0,None,0,31.4,2.2,0,85,76
2023-06-28,Wednesday,0,6,Rice & Curry,0,None,0,28.3,8.0,0,176,163
2023-06-28,Wednesday,0,6,Fried Rice,0,None,0,30.7,6.2,0,164,132
2023-06-28,Wednesday,0,6,Kottu,0,None,0,32.1,4.1,0,181,146
2023-06-28,Wednesday,0,6,Short Eats,0,None,0,29.1,4.2,0,116,104
2023-06-28,Wednesday,0,6,Beverages,0,None,0,28.9,2.8,0,90,76
2023-06-29,Thursday,0,6,Rice & Curry,0,None,0,27.4,3.6,0,86,61
2023-06-29,Thursday,0,6,Fried Rice,0,None,0,29.4,10.5,0,158,122
2023-06-29,Thursday,0,6,Kottu,0,None,0,31.0,0.0,0,80,74
2023-06-29,Thursday,0,6,Short Eats,0,None,0,26.8,2.9,0,192,143
2023-06-29,Thursday,0,6,Beverages,0,None,0,30.6,8.5,0,188,170
2023-06-30,Friday,0,6,Rice & Curry,0,None,0,29.1,6.6,0,80,62
2023-06-30,Friday,0,6,Fried Rice,0,None,0,27.7,2.9,0,102,78
2023-06-30,Friday,0,6,Kottu,0,None,0,31.2,0.3,0,167,150
2023-06-30,Friday,0,6,Short Eats,0,None,0,28.2,9.8,0,175,157
2023-06-30,Friday,0,6,Beverages,0,None,0,30.4,1.9,0,137,128
2023-07-01,Saturday,1,7,Rice & Curry,0,None,0,32.1,0.4,0,88,76
2023-07-01,Saturday,1,7,Fried Rice,0,None,0,31.8,1.7,0,120,132
2023-07-01,Saturday,1,7,Kottu,0,None,0,30.7,7.3,0,166,162
2023-07-01,Saturday,1,7,Short Eats,0,None,0,28.9,0.1,0,152,135
2023-07-01,Saturday,1,7,Beverages,0,None,0,30.7,0.8,0,125,119
2023-07-02,Sunday,1,7,Rice & Curry,0,None,0,29.4,2.2,0,198,166
2023-07-02,Sunday,1,7,Fried Rice,0,None,0,31.0,5.3,0,97,90
2023-07-02,Sunday,1,7,Kottu,0,None,0,29.8,1.7,0,186,197
2023-07-02,Sunday,1,7,Short Eats,0,None,0,32.2,0.5,0,190,166
2023-07-02,Sunday,1,7,Beverages,0,None,0,27.6,2.9,0,107,100
2023-07-03,Monday,0,7,Rice & Curry,0,None,0,27.2,1.1,0,98,77
2023-07-03,Monday,0,7,Fried Rice,0,None,0,31.2,3.4,0,186,156
2023-07-03,Monday,0,7,Kottu,0,None,0,28.9,2.2,0,98,85
2023-07-03,Monday,0,7,Short Eats,0,None,0,28.9,5.6,0,108,89
2023-07-03,Monday,0,7,Beverages,0,None,0,28.9,8.2,0,113,80
2023-07-04,Tuesday,0,7,Rice & Curry,0,None,0,32.6,4.8,0,196,143
2023-07-04,Tuesday,0,7,Fried Rice,0,None,0,28.4,0.6,0,105,87
2023-07-04,Tuesday,0,7,Kottu,0,None,0,26.8,5.8,0,146,110
2023-07-04,Tuesday,0,7,Short Eats,0,None,0,29.6,2.2,0,192,164
2023-07-04,Tuesday,0,7,Beverages,0,None,0,32.0,4.5,0,82,69
2023-07-05,Wednesday,0,7,Rice & Curry,0,None,0,30.4,4.7,0,95,67
2023-07-05,Wednesday,0,7,Fried Rice,0,None,0,31.1,3.1,0,144,118
2023-07-05,Wednesday,0,7,Kottu,0,None,0,32.1,0.9,0,187,146
2023-07-05,Wednesday,0,7,Short Eats,0,None,0,31.5,2.4,0,162,147
2023-07-05,Wednesday,0,7,Beverages,0,None,0,28.8,2.6,0,90,65
2023-07-06,Thursday,0,7,Rice & Curry,0,None,0,28.7,6.5,0,130,100
2023-07-06,Thursday,0,7,Fried Rice,0,None,0,27.5,0.2,0,85,68
2023-07-06,Thursday,0,7,Kottu,0,None,0,29.8,13.8,0,171,143
2023-07-06,Thursday,0,7,Short Eats,0,None,0,32.9,2.4,0,156,141
2023-07-06,Thursday,0,7,Beverages,0,None,0,29.0,23.5,1,185,123
2023-07-07,Friday,0,7,Rice & Curry,0,None,0,27.5,1.7,0,143,122
2023-07-07,Friday,0,7,Fried Rice,0,None,0,30.9,1.9,0,139,122
2023-07-07,Friday,0,7,Kottu,0,None,0,30.6,4.9,0,170,135
2023-07-07,Friday,0,7,Short Eats,0,None,0,31.8,7.4,0,88,62
2023-07-07,Friday,0,7,Beverages,0,None,0,31.6,5.9,0,158,113
2023-07-08,Saturday,1,7,Rice & Curry,0,None,0,30.1,2.2,0,137,147
2023-07-08,Saturday,1,7,Fried Rice,0,None,0,31.3,6.5,0,137,146
2023-07-08,Saturday,1,7,Kottu,0,None,0,26.1,0.9,0,123,131
2023-07-08,Saturday,1,7,Short Eats,0,None,0,27.2,0.9,0,171,164
2023-07-08,Saturday,1,7,Beverages,0,None,0,27.1,1.2,0,174,177
2023-07-09,Sunday,1,7,Rice & Curry,0,None,0,30.6,8.8,0,180,180
2023-07-09,Sunday,1,7,Fried Rice,0,None,0,31.3,1.5,0,140,148
2023-07-09,Sunday,1,7,Kottu,0,None,0,27.9,0.9,0,138,124
2023-07-09,Sunday,1,7,Short Eats,0,None,0,30.2,7.9,0,173,192
2023-07-09,Sunday,1,7,Beverages,0,None,0,29.5,0.8,0,160,162
2023-07-10,Monday,0,7,Rice & Curry,0,None,0,26.9,2.3,0,102,88
2023-07-10,Monday,0,7,Fried Rice,0,None,0,31.6,1.3,0,117,97
2023-07-10,Monday,0,7,Kottu,0,None,0,30.5,5.5,0,140,109
2023-07-10,Monday,0,7,Short Eats,0,None,0,27.9,0.8,0,189,143
2023-07-10,Monday,0,7,Beverages,0,None,0,30.2,1.2,0,182,163
2023-07-11,Tuesday,0,7,Rice & Curry,0,None,0,31.8,2.5,0,198,148
2023-07-11,Tuesday,0,7,Fried Rice,0,None,0,26.6,4.8,0,155,114
2023-07-11,Tuesday,0,7,Kottu,0,None,0,27.5,2.5,0,101,72
2023-07-11,Tuesday,0,7,Short Eats,0,None,0,32.2,1.1,0,84,72
2023-07-11,Tuesday,0,7,Beverages,0,None,0,32.0,6.1,0,168,155
2023-07-12,Wednesday,0,7,Rice & Curry,0,None,0,32.2,1.6,0,108,87
2023-07-12,Wednesday,0,7,Fried Rice,0,None,0,30.7,0.4,0,87,66
2023-07-12,Wednesday,0,7,Kottu,0,None,0,30.0,0.3,0,127,115
2023-07-12,Wednesday,0,7,Short Eats,0,None,0,32.3,10.8,0,170,153
2023-07-12,Wednesday,0,7,Beverages,0,None,0,32.0,24.2,1,114,82
2023-07-13,Thursday,0,7,Rice & Curry,0,None,0,28.1,1.5,0,114,80
2023-07-13,Thursday,0,7,Fried Rice,0,None,0,28.5,6.1,0,154,108
2023-07-13,Thursday,0,7,Kottu,0,None,0,26.6,1.5,0,165,116
2023-07-13,Thursday,0,7,Short Eats,0,None,0,31.4,3.9,0,175,136
2023-07-13,Thursday,0,7,Beverages,0,None,0,26.9,2.9,0,137,115
2023-07-14,Friday,0,7,Rice & Curry,0,None,1,30.4,8.0,0,89,71
2023-07-14,Friday,0,7,Fried Rice,0,None,1,26.5,4.1,0,98,79
2023-07-14,Friday,0,7,Kottu,0,None,1,31.0,2.0,0,99,83
2023-07-14,Friday,0,7,Short Eats,0,None,1,32.1,1.9,0,177,139
2023-07-14,Friday,0,7,Beverages,0,None,1,29.7,1.0,0,130,105
2023-07-15,Saturday,1,7,Rice & Curry,0,None,1,29.5,7.9,0,121,128
2023-07-15,Saturday,1,7,Fried Rice,0,None,1,30.2,0.2,0,90,98
2023-07-15,Saturday,1,7,Kottu,0,None,1,28.5,8.0,0,199,223
2023-07-15,Saturday,1,7,Short Eats,0,None,1,27.2,2.8,0,120,124
2023-07-15,Saturday,1,7,Beverages,0,None,1,32.8,0.3,0,101,90
2023-07-16,Sunday,1,7,Rice & Curry,0,None,0,30.5,3.7,0,94,85
2023-07-16,Sunday,1,7,Fried Rice,0,None,0,26.3,3.5,0,160,175
2023-07-16,Sunday,1,7,Kottu,0,None,0,27.2,0.1,0,191,162
2023-07-16,Sunday,1,7,Short Eats,0,None,0,27.2,2.4,0,119,129
2023-07-16,Sunday,1,7,Beverages,0,None,0,32.7,3.1,0,135,152
2023-07-17,Monday,0,7,Rice & Curry,0,None,0,32.2,3.5,0,128,98
2023-07-17,Monday,0,7,Fried Rice,0,None,0,32.4,3.5,0,151,109
2023-07-17,Monday,0,7,Kottu,0,None,0,30.2,4.9,0,108,87
2023-07-17,Monday,0,7,Short Eats,0,None,0,26.6,3.7,0,195,149
2023-07-17,Monday,0,7,Beverages,0,None,0,30.8,3.6,0,159,146
2023-07-18,Tuesday,0,7,Rice & Curry,0,None,0,32.2,0.9,0,132,119
2023-07-18,Tuesday,0,7,Fried Rice,0,None,0,32.2,0.5,0,130,92
2023-07-18,Tuesday,0,7,Kottu,0,None,0,32.3,3.9,0,198,169
2023-07-18,Tuesday,0,7,Short Eats,0,None,0,32.6,6.0,0,189,148
2023-07-18,Tuesday,0,7,Beverages,0,None,0,26.5,14.8,0,128,111
2023-07-19,Wednesday,0,7,Rice & Curry,0,None,0,32.2,1.5,0,189,151
2023-07-19,Wednesday,0,7,Fried Rice,0,None,0,26.5,0.9,0,113,93
2023-07-19,Wednesday,0,7,Kottu,0,None,0,26.4,11.4,0,111,82
2023-07-19,Wednesday,0,7,Short Eats,0,None,0,27.0,14.5,0,119,87
2023-07-19,Wednesday,0,7,Beverages,0,None,0,26.1,0.7,0,90,70
2023-07-20,Thursday,0,7,Rice & Curry,0,None,0,28.1,1.1,0,139,126
2023-07-20,Thursday,0,7,Fried Rice,0,None,0,28.6,1.7,0,92,66
2023-07-20,Thursday,0,7,Kottu,0,None,0,27.5,6.6,0,174,156
2023-07-20,Thursday,0,7,Short Eats,0,None,0,26.5,17.3,0,199,143
2023-07-20,Thursday,0,7,Beverages,0,None,0,29.4,1.4,0,171,146
2023-07-21,Friday,0,7,Rice & Curry,0,None,0,27.1,2.6,0,89,74
2023-07-21,Friday,0,7,Fried Rice,0,None,0,27.0,3.9,0,191,142
2023-07-21,Friday,0,7,Kottu,0,None,0,32.1,2.3,0,174,135
2023-07-21,Friday,0,7,Short Eats,0,None,0,31.8,0.2,0,135,107
2023-07-21,Friday,0,7,Beverages,0,None,0,27.3,1.7,0,97,84
2023-07-22,Saturday,1,7,Rice & Curry,0,None,0,31.4,7.9,0,94,80
2023-07-22,Saturday,1,7,Fried Rice,0,None,0,26.9,3.3,0,111,123
2023-07-22,Saturday,1,7,Kottu,0,None,0,28.6,0.9,0,161,158
2023-07-22,Saturday,1,7,Short Eats,0,None,0,30.6,3.3,0,117,128
2023-07-22,Saturday,1,7,Beverages,0,None,0,28.5,7.9,0,97,85
2023-07-23,Sunday,1,7,Rice & Curry,0,None,0,30.9,2.2,0,175,154
2023-07-23,Sunday,1,7,Fried Rice,0,None,0,27.4,12.1,0,180,179
2023-07-23,Sunday,1,7,Kottu,0,None,0,31.2,2.9,0,93,96
2023-07-23,Sunday,1,7,Short Eats,0,None,0,27.6,3.2,0,104,110
2023-07-23,Sunday,1,7,Beverages,0,None,0,28.0,0.6,0,199,178
2023-07-24,Monday,0,7,Rice & Curry,0,None,0,28.0,1.0,0,188,151
2023-07-24,Monday,0,7,Fried Rice,0,None,0,32.3,3.7,0,117,110
2023-07-24,Monday,0,7,Kottu,0,None,0,30.0,0.6,0,157,120
2023-07-24,Monday,0,7,Short Eats,0,None,0,32.6,9.0,0,155,130
2023-07-24,Monday,0,7,Beverages,0,None,0,31.9,6.4,0,141,134
2023-07-25,Tuesday,0,7,Rice & Curry,0,None,0,26.2,1.2,0,164,151
2023-07-25,Tuesday,0,7,Fried Rice,0,None,0,27.7,1.2,0,92,79
2023-07-25,Tuesday,0,7,Kottu,0,None,0,30.2,0.2,0,195,173
2023-07-25,Tuesday,0,7,Short Eats,0,None,0,27.1,2.5,0,94,70
2023-07-25,Tuesday,0,7,Beverages,0,None,0,28.1,1.1,0,170,121
2023-07-26,Wednesday,0,7,Rice & Curry,0,None,0,28.0,0.9,0,169,152
2023-07-26,Wednesday,0,7,Fried Rice,0,None,0,30.1,0.0,0,107,95
2023-07-26,Wednesday,0,7,Kottu,0,None,0,27.1,2.7,0,161,133
2023-07-26,Wednesday,0,7,Short Eats,0,None,0,30.9,10.9,0,193,154
2023-07-26,Wednesday,0,7,Beverages,0,None,0,31.8,0.7,0,164,146
2023-07-27,Thursday,0,7,Rice & Curry,0,None,0,26.3,4.2,0,162,138
2023-07-27,Thursday,0,7,Fried Rice,0,None,0,32.4,2.9,0,174,127
2023-07-27,Thursday,0,7,Kottu,0,None,0,30.4,1.3,0,136,110
2023-07-27,Thursday,0,7,Short Eats,0,None,0,31.9,0.7,0,178,158
2023-07-27,Thursday,0,7,Beverages,0,None,0,27.5,1.6,0,91,80
2023-07-28,Friday,0,7,Rice & Curry,0,None,0,26.8,3.7,0,151,141
2023-07-28,Friday,0,7,Fried Rice,0,None,0,30.9,3.8,0,121,97
2023-07-28,Friday,0,7,Kottu,0,None,0,31.3,0.5,0,96,72
2023-07-28,Friday,0,7,Short Eats,0,None,0,29.9,7.8,0,119,111
2023-07-28,Friday,0,7,Beverages,0,None,0,28.7,0.3,0,116,103
2023-07-29,Saturday,1,7,Rice & Curry,0,None,0,29.0,0.4,0,128,117
2023-07-29,Saturday,1,7,Fried Rice,0,None,0,28.4,0.1,0,194,180
2023-07-29,Saturday,1,7,Kottu,0,None,0,26.3,4.1,0,96,99
2023-07-29,Saturday,1,7,Short Eats,0,None,0,27.3,1.4,0,117,132
2023-07-29,Saturday,1,7,Beverages,0,None,0,32.2,5.4,0,169,188
2023-07-30,Sunday,1,7,Rice & Curry,0,None,0,28.4,2.4,0,137,145
2023-07-30,Sunday,1,7,Fried Rice,0,None,0,30.9,3.9,0,189,204
2023-07-30,Sunday,1,7,Kottu,0,None,0,27.9,0.6,0,135,131
2023-07-30,Sunday,1,7,Short Eats,0,None,0,27.8,1.7,0,119,119
2023-07-30,Sunday,1,7,Beverages,0,None,0,32.9,11.2,0,193,216
2023-07-31,Monday,0,7,Rice & Curry,0,None,0,26.4,0.4,0,95,83
2023-07-31,Monday,0,7,Fried Rice,0,None,0,27.9,1.7,0,188,153
2023-07-31,Monday,0,7,Kottu,0,None,0,29.5,1.1,0,197,170
2023-07-31,Monday,0,7,Short Eats,0,None,0,31.3,5.6,0,89,66
2023-07-31,Monday,0,7,Beverages,0,None,0,28.1,0.5,0,106,76
2023-08-01,Tuesday,0,8,Rice & Curry,0,None,0,26.0,1.0,0,132,101
2023-08-01,Tuesday,0,8,Fried Rice,0,None,0,31.0,7.8,0,129,119
2023-08-01,Tuesday,0,8,Kottu,0,None,0,32.4,1.5,0,134,97
2023-08-01,Tuesday,0,8,Short Eats,0,None,0,29.1,5.2,0,82,64
2023-08-01,Tuesday,0,8,Beverages,0,None,0,29.0,7.1,0,165,123
2023-08-02,Wednesday,0,8,Rice & Curry,0,None,0,29.4,0.5,0,94,88
2023-08-02,Wednesday,0,8,Fried Rice,0,None,0,27.0,5.3,0,104,77
2023-08-02,Wednesday,0,8,Kottu,0,None,0,26.8,3.2,0,192,137
2023-08-02,Wednesday,0,8,Short Eats,0,None,0,27.5,0.1,0,170,159
2023-08-02,Wednesday,0,8,Beverages,0,None,0,31.7,3.3,0,102,89
2023-08-03,Thursday,0,8,Rice & Curry,0,None,0,28.9,3.3,0,131,92
2023-08-03,Thursday,0,8,Fried Rice,0,None,0,31.8,6.5,0,84,61
2023-08-03,Thursday,0,8,Kottu,0,None,0,26.5,1.8,0,138,130
2023-08-03,Thursday,0,8,Short Eats,0,None,0,27.5,0.3,0,191,171
2023-08-03,Thursday,0,8,Beverages,0,None,0,30.9,3.8,0,90,75
2023-08-04,Friday,0,8,Rice & Curry,0,None,0,26.7,0.8,0,151,117
2023-08-04,Friday,0,8,Fried Rice,0,None,0,32.6,6.8,0,173,132
2023-08-04,Friday,0,8,Kottu,0,None,0,32.8,2.3,0,190,140
2023-08-04,Friday,0,8,Short Eats,0,None,0,26.8,0.1,0,80,65
2023-08-04,Friday,0,8,Beverages,0,None,0,27.6,3.8,0,144,106
2023-08-05,Saturday,1,8,Rice & Curry,0,None,0,30.8,9.1,0,158,172
2023-08-05,Saturday,1,8,Fried Rice,0,None,0,29.3,1.7,0,87,77
2023-08-05,Saturday,1,8,Kottu,0,None,0,26.4,3.3,0,92,80
2023-08-05,Saturday,1,8,Short Eats,0,None,0,29.3,2.6,0,85,86
2023-08-05,Saturday,1,8,Beverages,0,None,0,27.3,0.6,0,94,102
2023-08-06,Sunday,1,8,Rice & Curry,0,None,0,28.7,2.5,0,196,177
2023-08-06,Sunday,1,8,Fried Rice,0,None,0,26.1,4.5,0,137,143
2023-08-06,Sunday,1,8,Kottu,0,None,0,29.7,0.1,0,84,78
2023-08-06,Sunday,1,8,Short Eats,0,None,0,27.7,4.2,0,193,218
2023-08-06,Sunday,1,8,Beverages,0,None,0,29.9,5.0,0,92,83
2023-08-07,Monday,0,8,Rice & Curry,0,None,0,27.7,2.9,0,142,133
2023-08-07,Monday,0,8,Fried Rice,0,None,0,30.6,0.3,0,98,74
2023-08-07,Monday,0,8,Kottu,0,None,0,30.8,11.3,0,123,111
2023-08-07,Monday,0,8,Short Eats,0,None,0,30.3,1.9,0,186,175
2023-08-07,Monday,0,8,Beverages,0,None,0,29.1,5.5,0,149,129
2023-08-08,Tuesday,0,8,Rice & Curry,0,None,0,30.6,0.3,0,190,147
2023-08-08,Tuesday,0,8,Fried Rice,0,None,0,29.9,0.1,0,95,67
2023-08-08,Tuesday,0,8,Kottu,0,None,0,28.9,0.7,0,188,165
2023-08-08,Tuesday,0,8,Short Eats,0,None,0,26.7,1.5,0,94,83
2023-08-08,Tuesday,0,8,Beverages,0,None,0,32.7,1.0,0,87,62
2023-08-09,Wednesday,0,8,Rice & Curry,0,None,0,29.3,1.9,0,136,105
2023-08-09,Wednesday,0,8,Fried Rice,0,None,0,26.6,1.5,0,193,168
2023-08-09,Wednesday,0,8,Kottu,0,None,0,29.0,5.3,0,122,113
2023-08-09,Wednesday,0,8,Short Eats,0,None,0,30.6,0.0,0,135,123
2023-08-09,Wednesday,0,8,Beverages,0,None,0,29.0,1.9,0,102,84
2023-08-10,Thursday,0,8,Rice & Curry,0,None,0,29.0,1.1,0,175,135
2023-08-10,Thursday,0,8,Fried Rice,0,None,0,32.3,1.0,0,199,141
2023-08-10,Thursday,0,8,Kottu,0,None,0,27.9,0.0,0,96,84
2023-08-10,Thursday,0,8,Short Eats,0,None,0,28.3,1.1,0,162,127
2023-08-10,Thursday,0,8,Beverages,0,None,0,30.7,6.5,0,101,74
2023-08-11,Friday,0,8,Rice & Curry,0,None,0,28.7,3.9,0,156,148
2023-08-11,Friday,0,8,Fried Rice,0,None,0,26.2,3.7,0,166,135
2023-08-11,Friday,0,8,Kottu,0,None,0,29.0,1.5,0,152,113
2023-08-11,Friday,0,8,Short Eats,0,None,0,30.4,1.0,0,126,104
2023-08-11,Friday,0,8,Beverages,0,None,0,32.4,6.0,0,177,131
2023-08-12,Saturday,1,8,Rice & Curry,0,None,0,28.9,5.7,0,157,166
2023-08-12,Saturday,1,8,Fried Rice,0,None,0,30.8,1.7,0,120,103
2023-08-12,Saturday,1,8,Kottu,0,None,0,27.1,1.6,0,89,81
2023-08-12,Saturday,1,8,Short Eats,0,None,0,26.2,7.2,0,124,115
2023-08-12,Saturday,1,8,Beverages,0,None,0,27.9,1.3,0,81,91
2023-08-13,Sunday,1,8,Rice & Curry,0,None,0,28.9,0.2,0,154,149
2023-08-13,Sunday,1,8,Fried Rice,0,None,0,26.1,7.8,0,138,140
2023-08-13,Sunday,1,8,Kottu,0,None,0,26.1,6.2,0,126,115
2023-08-13,Sunday,1,8,Short Eats,0,None,0,30.9,1.8,0,83,94
2023-08-13,Sunday,1,8,Beverages,0,None,0,29.8,1.3,0,106,107
2023-08-14,Monday,0,8,Rice & Curry,0,None,1,31.3,0.6,0,198,166
2023-08-14,Monday,0,8,Fried Rice,0,None,1,26.4,2.2,0,122,110
2023-08-14,Monday,0,8,Kottu,0,None,1,27.6,1.0,0,164,118
2023-08-14,Monday,0,8,Short Eats,0,None,1,26.6,0.9,0,197,155
2023-08-14,Monday,0,8,Beverages,0,None,1,32.1,0.3,0,95,74
2023-08-15,Tuesday,0,8,Rice & Curry,0,None,1,30.6,8.2,0,116,102
2023-08-15,Tuesday,0,8,Fried Rice,0,None,1,29.4,4.7,0,131,97
2023-08-15,Tuesday,0,8,Kottu,0,None,1,30.0,6.5,0,106,98
2023-08-15,Tuesday,0,8,Short Eats,0,None,1,29.8,5.3,0,142,112
2023-08-15,Tuesday,0,8,Beverages,0,None,1,28.9,4.6,0,148,134
2023-08-16,Wednesday,0,8,Rice & Curry,0,None,0,30.1,1.6,0,113,85
2023-08-16,Wednesday,0,8,Fried Rice,0,None,0,30.5,1.2,0,101,79
2023-08-16,Wednesday,0,8,Kottu,0,None,0,28.2,0.5,0,194,156
2023-08-16,Wednesday,0,8,Short Eats,0,None,0,27.7,4.5,0,136,100
2023-08-16,Wednesday,0,8,Beverages,0,None,0,29.8,0.4,0,84,62
2023-08-17,Thursday,0,8,Rice & Curry,0,None,0,31.2,1.8,0,137,97
2023-08-17,Thursday,0,8,Fried Rice,0,None,0,32.9,0.1,0,88,65
2023-08-17,Thursday,0,8,Kottu,0,None,0,32.9,15.1,0,173,136
2023-08-17,Thursday,0,8,Short Eats,0,None,0,31.3,2.8,0,110,85
2023-08-17,Thursday,0,8,Beverages,0,None,0,29.3,3.9,0,195,158
2023-08-18,Friday,0,8,Rice & Curry,0,None,0,30.3,4.4,0,175,160
2023-08-18,Friday,0,8,Fried Rice,0,None,0,27.4,10.9,0,186,143
2023-08-18,Friday,0,8,Kottu,0,None,0,26.9,0.4,0,150,106
2023-08-18,Friday,0,8,Short Eats,0,None,0,31.7,0.2,0,176,145
2023-08-18,Friday,0,8,Beverages,0,None,0,27.4,4.2,0,132,118
2023-08-19,Saturday,1,8,Rice & Curry,0,None,0,27.8,8.0,0,187,161
2023-08-19,Saturday,1,8,Fried Rice,0,None,0,28.0,0.4,0,154,168
2023-08-19,Saturday,1,8,Kottu,0,None,0,28.3,4.5,0,192,216
2023-08-19,Saturday,1,8,Short Eats,0,None,0,31.4,0.0,0,133,129
2023-08-19,Saturday,1,8,Beverages,0,None,0,27.9,5.9,0,89,93
2023-08-20,Sunday,1,8,Rice & Curry,0,None,0,27.6,3.9,0,184,191
2023-08-20,Sunday,1,8,Fried Rice,0,None,0,27.8,4.2,0,188,192
2023-08-20,Sunday,1,8,Kottu,0,None,0,31.9,0.2,0,120,137
2023-08-20,Sunday,1,8,Short Eats,0,None,0,27.3,3.6,0,91,86
2023-08-20,Sunday,1,8,Beverages,0,None,0,29.3,0.1,0,175,189
2023-08-21,Monday,0,8,Rice & Curry,0,None,0,31.9,2.6,0,145,117
2023-08-21,Monday,0,8,Fried Rice,0,None,0,29.8,0.8,0,106,91
2023-08-21,Monday,0,8,Kottu,0,None,0,31.6,2.0,0,94,87
2023-08-21,Monday,0,8,Short Eats,0,None,0,30.0,3.3,0,103,81
2023-08-21,Monday,0,8,Beverages,0,None,0,29.8,7.3,0,167,131
2023-08-22,Tuesday,0,8,Rice & Curry,0,None,0,32.4,2.1,0,199,182
2023-08-22,Tuesday,0,8,Fried Rice,0,None,0,32.9,5.2,0,159,151
2023-08-22,Tuesday,0,8,Kottu,0,None,0,30.2,1.5,0,124,108
2023-08-22,Tuesday,0,8,Short Eats,0,None,0,32.6,1.4,0,175,156
2023-08-22,Tuesday,0,8,Beverages,0,None,0,26.6,10.3,0,100,86
2023-08-23,Wednesday,0,8,Rice & Curry,0,None,0,30.2,0.1,0,149,130
2023-08-23,Wednesday,0,8,Fried Rice,0,None,0,32.3,7.3,0,140,110
2023-08-23,Wednesday,0,8,Kottu,0,None,0,26.9,0.4,0,120,98
2023-08-23,Wednesday,0,8,Short Eats,0,None,0,29.5,1.5,0,106,85
2023-08-23,Wednesday,0,8,Beverages,0,None,0,31.1,6.1,0,158,146
2023-08-24,Thursday,0,8,Rice & Curry,0,None,0,26.1,1.6,0,171,131
2023-08-24,Thursday,0,8,Fried Rice,0,None,0,26.1,3.1,0,119,110
2023-08-24,Thursday,0,8,Kottu,0,None,0,31.8,9.2,0,108,78
2023-08-24,Thursday,0,8,Short Eats,0,None,0,29.8,1.9,0,124,117
2023-08-24,Thursday,0,8,Beverages,0,None,0,27.6,2.0,0,80,62
2023-08-25,Friday,0,8,Rice & Curry,0,None,0,26.7,0.8,0,190,179
2023-08-25,Friday,0,8,Fried Rice,0,None,0,28.8,0.4,0,95,90
2023-08-25,Friday,0,8,Kottu,0,None,0,30.1,6.7,0,137,112
2023-08-25,Friday,0,8,Short Eats,0,None,0,28.2,2.7,0,163,142
2023-08-25,Friday,0,8,Beverages,0,None,0,28.2,0.6,0,82,73
2023-08-26,Saturday,1,8,Rice & Curry,0,None,0,30.7,0.5,0,163,171
2023-08-26,Saturday,1,8,Fried Rice,0,None,0,31.3,8.2,0,197,224
2023-08-26,Saturday,1,8,Kottu,0,None,0,26.6,6.1,0,92,78
2023-08-26,Saturday,1,8,Short Eats,0,None,0,28.0,2.3,0,132,142
2023-08-26,Saturday,1,8,Beverages,0,None,0,27.6,1.0,0,151,170
2023-08-27,Sunday,1,8,Rice & Curry,0,None,0,26.8,2.6,0,122,113
2023-08-27,Sunday,1,8,Fried Rice,0,None,0,31.4,4.2,0,191,166
2023-08-27,Sunday,1,8,Kottu,0,None,0,30.1,3.1,0,157,134
2023-08-27,Sunday,1,8,Short Eats,0,None,0,28.1,10.8,0,177,175
2023-08-27,Sunday,1,8,Beverages,0,None,0,30.8,1.2,0,181,187
2023-08-28,Monday,0,8,Rice & Curry,0,None,0,27.1,15.1,0,151,128
2023-08-28,Monday,0,8,Fried Rice,0,None,0,31.1,1.8,0,90,83
2023-08-28,Monday,0,8,Kottu,0,None,0,33.0,4.8,0,181,152
2023-08-28,Monday,0,8,Short Eats,0,None,0,28.5,9.7,0,125,110
2023-08-28,Monday,0,8,Beverages,0,None,0,32.5,14.8,0,197,153
2023-08-29,Tuesday,0,8,Rice & Curry,0,None,0,32.8,4.0,0,175,156
2023-08-29,Tuesday,0,8,Fried Rice,0,None,0,29.2,2.1,0,133,111
2023-08-29,Tuesday,0,8,Kottu,0,None,0,31.5,1.5,0,186,175
2023-08-29,Tuesday,0,8,Short Eats,0,None,0,28.6,0.3,0,162,117
2023-08-29,Tuesday,0,8,Beverages,0,None,0,27.2,0.3,0,171,162
2023-08-30,Wednesday,0,8,Rice & Curry,0,None,0,29.2,1.8,0,172,158
2023-08-30,Wednesday,0,8,Fried Rice,0,None,0,29.2,17.0,0,181,144
2023-08-30,Wednesday,0,8,Kottu,0,None,0,30.6,2.3,0,195,156
2023-08-30,Wednesday,0,8,Short Eats,0,None,0,29.2,2.1,0,86,74
2023-08-30,Wednesday,0,8,Beverages,0,None,0,32.7,0.7,0,89,68
2023-08-31,Thursday,0,8,Rice & Curry,0,None,0,29.7,0.5,0,170,133
2023-08-31,Thursday,0,8,Fried Rice,0,None,0,26.9,2.0,0,113,80
2023-08-31,Thursday,0,8,Kottu,0,None,0,30.3,4.8,0,83,70
2023-08-31,Thursday,0,8,Short Eats,0,None,0,30.2,8.2,0,114,83
2023-08-31,Thursday,0,8,Beverages,0,None,0,27.8,1.4,0,195,140
2023-09-01,Friday,0,9,Rice & Curry,0,None,0,30.0,9.5,0,97,72
2023-09-01,Friday,0,9,Fried Rice,0,None,0,32.2,3.3,0,138,109
2023-09-01,Friday,0,9,Kottu,0,None,0,30.3,3.0,0,125,111
2023-09-01,Friday,0,9,Short Eats,0,None,0,30.1,7.1,0,109,85
2023-09-01,Friday,0,9,Beverages,0,None,0,31.5,9.9,0,115,103
2023-09-02,Saturday,1,9,Rice & Curry,0,None,0,27.9,11.3,0,80,75
2023-09-02,Saturday,1,9,Fried Rice,0,None,0,32.9,1.6,0,85,90
2023-09-02,Saturday,1,9,Kottu,0,None,0,26.3,2.1,0,180,174
2023-09-02,Saturday,1,9,Short Eats,0,None,0,33.0,0.0,0,121,119
2023-09-02,Saturday,1,9,Beverages,0,None,0,31.7,12.0,0,106,100
2023-09-03,Sunday,1,9,Rice & Curry,0,None,0,32.1,0.1,0,108,100
2023-09-03,Sunday,1,9,Fried Rice,0,None,0,26.9,2.3,0,131,111
2023-09-03,Sunday,1,9,Kottu,0,None,0,26.8,0.5,0,86,96
2023-09-03,Sunday,1,9,Short Eats,0,None,0,28.7,1.0,0,112,122
2023-09-03,Sunday,1,9,Beverages,0,None,0,27.4,2.3,0,161,148
2023-09-04,Monday,0,9,Rice & Curry,0,None,0,29.5,0.3,0,145,131
2023-09-04,Monday,0,9,Fried Rice,0,None,0,30.4,6.1,0,136,96
2023-09-04,Monday,0,9,Kottu,0,None,0,27.7,8.0,0,118,100
2023-09-04,Monday,0,9,Short Eats,0,None,0,27.5,3.9,0,88,62
2023-09-04,Monday,0,9,Beverages,0,None,0,31.7,7.0,0,148,132
2023-09-05,Tuesday,0,9,Rice & Curry,0,None,0,29.7,1.0,0,118,94
2023-09-05,Tuesday,0,9,Fried Rice,0,None,0,30.4,0.0,0,82,61
2023-09-05,Tuesday,0,9,Kottu,0,None,0,27.4,2.0,0,85,68
2023-09-05,Tuesday,0,9,Short Eats,0,None,0,32.0,12.2,0,146,116
2023-09-05,Tuesday,0,9,Beverages,0,None,0,31.9,0.6,0,83,58
2023-09-06,Wednesday,0,9,Rice & Curry,0,None,0,26.2,3.2,0,95,80
2023-09-06,Wednesday,0,9,Fried Rice,0,None,0,32.1,3.3,0,156,114
2023-09-06,Wednesday,0,9,Kottu,0,None,0,32.4,6.0,0,177,132
2023-09-06,Wednesday,0,9,Short Eats,0,None,0,29.8,4.1,0,80,63
2023-09-06,Wednesday,0,9,Beverages,0,None,0,30.1,2.4,0,192,138
2023-09-07,Thursday,0,9,Rice & Curry,0,None,0,27.2,0.5,0,105,93
2023-09-07,Thursday,0,9,Fried Rice,0,None,0,30.8,0.7,0,102,97
2023-09-07,Thursday,0,9,Kottu,0,None,0,30.8,11.9,0,97,90
2023-09-07,Thursday,0,9,Short Eats,0,None,0,26.6,1.3,0,138,97
2023-09-07,Thursday,0,9,Beverages,0,None,0,30.7,4.1,0,106,94
2023-09-08,Friday,0,9,Rice & Curry,0,None,0,28.9,4.2,0,171,134
2023-09-08,Friday,0,9,Fried Rice,0,None,0,27.2,0.4,0,146,138
2023-09-08,Friday,0,9,Kottu,0,None,0,29.8,13.2,0,182,145
2023-09-08,Friday,0,9,Short Eats,0,None,0,27.7,0.4,0,197,168
2023-09-08,Friday,0,9,Beverages,0,None,0,27.5,3.5,0,124,102
2023-09-09,Saturday,1,9,Rice & Curry,0,None,0,32.5,0.3,0,193,198
2023-09-09,Saturday,1,9,Fried Rice,0,None,0,30.5,7.4,0,182,166
2023-09-09,Saturday,1,9,Kottu,0,None,0,32.1,7.1,0,123,121
2023-09-09,Saturday,1,9,Short Eats,0,None,0,30.4,5.4,0,165,148
2023-09-09,Saturday,1,9,Beverages,0,None,0,31.6,1.6,0,134,124
2023-09-10,Sunday,1,9,Rice & Curry,0,None,0,31.1,1.9,0,107,116
2023-09-10,Sunday,1,9,Fried Rice,0,None,0,32.1,0.2,0,105,116
2023-09-10,Sunday,1,9,Kottu,0,None,0,30.6,2.5,0,117,112
2023-09-10,Sunday,1,9,Short Eats,0,None,0,29.6,22.7,1,95,83
2023-09-10,Sunday,1,9,Beverages,0,None,0,31.4,20.5,1,151,114
2023-09-11,Monday,0,9,Rice & Curry,0,None,0,32.6,8.5,0,183,134
2023-09-11,Monday,0,9,Fried Rice,0,None,0,28.9,1.8,0,194,168
2023-09-11,Monday,0,9,Kottu,0,None,0,29.4,2.2,0,109,102
2023-09-11,Monday,0,9,Short Eats,0,None,0,28.4,1.1,0,100,82
2023-09-11,Monday,0,9,Beverages,0,None,0,29.9,3.4,0,161,115
2023-09-12,Tuesday,0,9,Rice & Curry,0,None,0,31.8,1.2,0,86,77
2023-09-12,Tuesday,0,9,Fried Rice,0,None,0,29.9,1.2,0,88,78
2023-09-12,Tuesday,0,9,Kottu,0,None,0,28.9,0.9,0,119,101
2023-09-12,Tuesday,0,9,Short Eats,0,None,0,29.4,0.6,0,180,167
2023-09-12,Tuesday,0,9,Beverages,0,None,0,26.4,4.7,0,145,112
2023-09-13,Wednesday,0,9,Rice & Curry,0,None,0,26.0,2.7,0,117,85
2023-09-13,Wednesday,0,9,Fried Rice,0,None,0,28.2,0.4,0,82,61
2023-09-13,Wednesday,0,9,Kottu,0,None,0,29.3,0.4,0,97,85
2023-09-13,Wednesday,0,9,Short Eats,0,None,0,28.5,0.5,0,114,105
2023-09-13,Wednesday,0,9,Beverages,0,None,0,27.4,0.1,0,186,158
2023-09-14,Thursday,0,9,Rice & Curry,0,None,1,28.2,3.9,0,102,82
2023-09-14,Thursday,0,9,Fried Rice,0,None,1,31.2,9.8,0,80,63
2023-09-14,Thursday,0,9,Kottu,0,None,1,27.2,0.8,0,183,139
2023-09-14,Thursday,0,9,Short Eats,0,None,1,28.1,3.2,0,85,72
2023-09-14,Thursday,0,9,Beverages,0,None,1,26.5,7.1,0,186,134
2023-09-15,Friday,0,9,Rice & Curry,0,None,1,27.2,2.9,0,195,165
2023-09-15,Friday,0,9,Fried Rice,0,None,1,26.1,1.8,0,174,122
2023-09-15,Friday,0,9,Kottu,0,None,1,30.5,4.4,0,88,68
2023-09-15,Friday,0,9,Short Eats,0,None,1,27.9,1.6,0,131,115
2023-09-15,Friday,0,9,Beverages,0,None,1,30.6,6.6,0,190,165
2023-09-16,Saturday,1,9,Rice & Curry,0,None,0,32.5,23.2,1,153,117
2023-09-16,Saturday,1,9,Fried Rice,0,None,0,26.9,4.1,0,142,129
2023-09-16,Saturday,1,9,Kottu,0,None,0,32.3,1.2,0,178,198
2023-09-16,Saturday,1,9,Short Eats,0,None,0,26.2,0.9,0,92,96
2023-09-16,Saturday,1,9,Beverages,0,None,0,27.7,5.7,0,131,130
2023-09-17,Sunday,1,9,Rice & Curry,0,None,0,30.8,10.7,0,182,206
2023-09-17,Sunday,1,9,Fried Rice,0,None,0,30.5,10.9,0,157,149
2023-09-17,Sunday,1,9,Kottu,0,None,0,32.2,0.7,0,110,124
2023-09-17,Sunday,1,9,Short Eats,0,None,0,28.8,0.6,0,81,91
2023-09-17,Sunday,1,9,Beverages,0,None,0,29.0,4.0,0,198,196
2023-09-18,Monday,0,9,Rice & Curry,0,None,0,28.2,2.2,0,197,153
2023-09-18,Monday,0,9,Fried Rice,0,None,0,30.5,2.0,0,139,107
2023-09-18,Monday,0,9,Kottu,0,None,0,27.4,6.1,0,167,151
2023-09-18,Monday,0,9,Short Eats,0,None,0,31.6,1.6,0,114,104
2023-09-18,Monday,0,9,Beverages,0,None,0,27.3,12.5,0,86,61
2023-09-19,Tuesday,0,9,Rice & Curry,0,None,0,31.5,9.3,0,197,143
2023-09-19,Tuesday,0,9,Fried Rice,0,None,0,27.7,1.5,0,195,160
2023-09-19,Tuesday,0,9,Kottu,0,None,0,29.8,10.4,0,86,79
2023-09-19,Tuesday,0,9,Short Eats,0,None,0,31.4,0.6,0,103,75
2023-09-19,Tuesday,0,9,Beverages,0,None,0,32.0,1.6,0,134,111
2023-09-20,Wednesday,0,9,Rice & Curry,0,None,0,30.5,2.9,0,194,151
2023-09-20,Wednesday,0,9,Fried Rice,0,None,0,26.4,0.8,0,140,103
2023-09-20,Wednesday,0,9,Kottu,0,None,0,32.7,1.6,0,135,102
2023-09-20,Wednesday,0,9,Short Eats,0,None,0,32.6,8.2,0,191,149
2023-09-20,Wednesday,0,9,Beverages,0,None,0,32.0,0.6,0,80,68
2023-09-21,Thursday,0,9,Rice & Curry,0,None,0,26.6,4.2,0,114,105
2023-09-21,Thursday,0,9,Fried Rice,0,None,0,27.2,0.2,0,106,100
2023-09-21,Thursday,0,9,Kottu,0,None,0,27.5,0.4,0,166,123
2023-09-21,Thursday,0,9,Short Eats,0,None,0,31.9,3.2,0,129,103
2023-09-21,Thursday,0,9,Beverages,0,None,0,30.0,1.5,0,160,130
2023-09-22,Friday,0,9,Rice & Curry,0,None,0,31.8,7.1,0,195,182
2023-09-22,Friday,0,9,Fried Rice,0,None,0,28.8,2.5,0,191,167
2023-09-22,Friday,0,9,Kottu,0,None,0,28.5,8.5,0,103,76
2023-09-22,Friday,0,9,Short Eats,0,None,0,30.3,1.5,0,193,137
2023-09-22,Friday,0,9,Beverages,0,None,0,32.7,4.5,0,115,87
2023-09-23,Saturday,1,9,Rice & Curry,0,None,0,30.9,4.0,0,156,145
2023-09-23,Saturday,1,9,Fried Rice,0,None,0,31.4,2.0,0,111,126
2023-09-23,Saturday,1,9,Kottu,0,None,0,32.4,1.0,0,113,107
2023-09-23,Saturday,1,9,Short Eats,0,None,0,28.5,1.7,0,177,158
2023-09-23,Saturday,1,9,Beverages,0,None,0,29.2,0.1,0,143,142
2023-09-24,Sunday,1,9,Rice & Curry,0,None,0,27.0,16.2,0,133,131
2023-09-24,Sunday,1,9,Fried Rice,0,None,0,29.2,8.1,0,173,167
2023-09-24,Sunday,1,9,Kottu,0,None,0,29.0,6.1,0,114,126
2023-09-24,Sunday,1,9,Short Eats,0,None,0,32.0,4.5,0,122,119
2023-09-24,Sunday,1,9,Beverages,0,None,0,27.8,5.6,0,164,170
2023-09-25,Monday,0,9,Rice & Curry,0,None,0,31.2,1.5,0,168,136
2023-09-25,Monday,0,9,Fried Rice,0,None,0,32.4,1.7,0,184,155
2023-09-25,Monday,0,9,Kottu,0,None,0,29.4,7.9,0,145,102
2023-09-25,Monday,0,9,Short Eats,0,None,0,32.4,7.4,0,101,91
2023-09-25,Monday,0,9,Beverages,0,None,0,31.3,5.3,0,176,155
2023-09-26,Tuesday,0,9,Rice & Curry,0,None,0,32.5,2.3,0,167,130
2023-09-26,Tuesday,0,9,Fried Rice,0,None,0,27.7,0.3,0,138,118
2023-09-26,Tuesday,0,9,Kottu,0,None,0,31.0,0.5,0,179,166
2023-09-26,Tuesday,0,9,Short Eats,0,None,0,26.8,1.1,0,193,144
2023-09-26,Tuesday,0,9,Beverages,0,None,0,26.3,2.0,0,97,79
2023-09-27,Wednesday,0,9,Rice & Curry,0,None,0,31.2,4.6,0,140,116
2023-09-27,Wednesday,0,9,Fried Rice,0,None,0,32.0,8.0,0,194,137
2023-09-27,Wednesday,0,9,Kottu,0,None,0,29.7,0.2,0,150,123
2023-09-27,Wednesday,0,9,Short Eats,0,None,0,32.9,5.6,0,165,148
2023-09-27,Wednesday,0,9,Beverages,0,None,0,32.2,2.0,0,193,140
2023-09-28,Thursday,0,9,Rice & Curry,0,None,0,30.9,1.7,0,126,101
2023-09-28,Thursday,0,9,Fried Rice,0,None,0,27.6,6.8,0,99,90
2023-09-28,Thursday,0,9,Kottu,0,None,0,26.0,1.5,0,192,141
2023-09-28,Thursday,0,9,Short Eats,0,None,0,29.8,0.8,0,165,138
2023-09-28,Thursday,0,9,Beverages,0,None,0,28.0,2.2,0,109,88
2023-09-29,Friday,0,9,Rice & Curry,0,None,0,32.8,6.6,0,194,152
2023-09-29,Friday,0,9,Fried Rice,0,None,0,26.7,12.3,0,191,168
2023-09-29,Friday,0,9,Kottu,0,None,0,33.0,1.5,0,166,123
2023-09-29,Friday,0,9,Short Eats,0,None,0,31.5,0.5,0,135,104
2023-09-29,Friday,0,9,Beverages,0,None,0,28.3,0.1,0,193,144
2023-09-30,Saturday,1,9,Rice & Curry,0,None,0,31.7,3.1,0,116,103
2023-09-30,Saturday,1,9,Fried Rice,0,None,0,29.3,5.4,0,95,85
2023-09-30,Saturday,1,9,Kottu,0,None,0,32.0,0.1,0,159,139
2023-09-30,Saturday,1,9,Short Eats,0,None,0,31.9,2.8,0,96,104
2023-09-30,Saturday,1,9,Beverages,0,None,0,32.2,0.9,0,150,149
2023-10-01,Sunday,1,10,Rice & Curry,0,None,0,32.1,12.2,0,157,158
2023-10-01,Sunday,1,10,Fried Rice,0,None,0,27.1,4.7,0,89,80
2023-10-01,Sunday,1,10,Kottu,0,None,0,29.1,7.1,0,101,107
2023-10-01,Sunday,1,10,Short Eats,0,None,0,30.5,0.7,0,196,188
2023-10-01,Sunday,1,10,Beverages,0,None,0,31.6,1.0,0,176,150
2023-10-02,Monday,0,10,Rice & Curry,0,None,0,27.9,12.5,0,123,116
2023-10-02,Monday,0,10,Fried Rice,0,None,0,31.1,4.8,0,134,107
2023-10-02,Monday,0,10,Kottu,0,None,0,32.6,0.6,0,134,122
2023-10-02,Monday,0,10,Short Eats,0,None,0,29.6,3.9,0,159,142
2023-10-02,Monday,0,10,Beverages,0,None,0,28.4,4.0,0,166,142
2023-10-03,Tuesday,0,10,Rice & Curry,0,None,0,29.2,3.0,0,150,138
2023-10-03,Tuesday,0,10,Fried Rice,0,None,0,30.4,6.6,0,86,78
2023-10-03,Tuesday,0,10,Kottu,0,None,0,29.9,4.5,0,85,67
2023-10-03,Tuesday,0,10,Short Eats,0,None,0,27.0,3.6,0,179,150
2023-10-03,Tuesday,0,10,Beverages,0,None,0,27.7,2.2,0,194,147
2023-10-04,Wednesday,0,10,Rice & Curry,0,None,0,28.1,4.1,0,135,114
2023-10-04,Wednesday,0,10,Fried Rice,0,None,0,29.7,5.7,0,107,80
2023-10-04,Wednesday,0,10,Kottu,0,None,0,29.3,6.5,0,81,64
2023-10-04,Wednesday,0,10,Short Eats,0,None,0,29.6,2.1,0,168,146
2023-10-04,Wednesday,0,10,Beverages,0,None,0,26.2,4.7,0,176,161
2023-10-05,Thursday,0,10,Rice & Curry,0,None,0,31.1,1.8,0,196,156
2023-10-05,Thursday,0,10,Fried Rice,0,None,0,26.6,0.6,0,199,166
2023-10-05,Thursday,0,10,Kottu,0,None,0,27.6,7.6,0,175,144
2023-10-05,Thursday,0,10,Short Eats,0,None,0,26.9,1.5,0,160,116
2023-10-05,Thursday,0,10,Beverages,0,None,0,30.0,3.5,0,137,121
2023-10-06,Friday,0,10,Rice & Curry,0,None,0,29.8,8.6,0,103,74
2023-10-06,Friday,0,10,Fried Rice,0,None,0,32.1,5.2,0,163,151
2023-10-06,Friday,0,10,Kottu,0,None,0,28.3,1.9,0,128,93
2023-10-06,Friday,0,10,Short Eats,0,None,0,26.0,2.8,0,199,169
2023-10-06,Friday,0,10,Beverages,0,None,0,32.2,0.2,0,158,130
2023-10-07,Saturday,1,10,Rice & Curry,0,None,0,27.5,8.2,0,169,189
2023-10-07,Saturday,1,10,Fried Rice,0,None,0,29.0,1.7,0,171,176
2023-10-07,Saturday,1,10,Kottu,0,None,0,31.8,0.8,0,176,196
2023-10-07,Saturday,1,10,Short Eats,0,None,0,30.0,5.7,0,128,120
2023-10-07,Saturday,1,10,Beverages,0,None,0,31.1,6.4,0,105,100
2023-10-08,Sunday,1,10,Rice & Curry,0,None,0,31.6,11.3,0,86,81
2023-10-08,Sunday,1,10,Fried Rice,0,None,0,29.8,0.2,0,133,127
2023-10-08,Sunday,1,10,Kottu,0,None,0,26.4,2.1,0,159,152
2023-10-08,Sunday,1,10,Short Eats,0,None,0,30.1,2.5,0,85,88
2023-10-08,Sunday,1,10,Beverages,0,None,0,27.3,5.5,0,122,107
2023-10-09,Monday,0,10,Rice & Curry,0,None,0,30.2,2.7,0,124,99
2023-10-09,Monday,0,10,Fried Rice,0,None,0,26.7,3.0,0,105,99
2023-10-09,Monday,0,10,Kottu,0,None,0,29.0,2.6,0,91,86
2023-10-09,Monday,0,10,Short Eats,0,None,0,29.7,3.9,0,177,153
2023-10-09,Monday,0,10,Beverages,0,None,0,29.6,2.2,0,119,84
2023-10-10,Tuesday,0,10,Rice & Curry,0,None,0,32.8,1.1,0,102,81
2023-10-10,Tuesday,0,10,Fried Rice,0,None,0,27.0,5.4,0,99,87
2023-10-10,Tuesday,0,10,Kottu,0,None,0,30.2,5.3,0,145,133
2023-10-10,Tuesday,0,10,Short Eats,0,None,0,28.9,1.5,0,123,106
2023-10-10,Tuesday,0,10,Beverages,0,None,0,26.5,9.1,0,101,73
2023-10-11,Wednesday,0,10,Rice & Curry,0,None,0,31.9,3.8,0,196,156
2023-10-11,Wednesday,0,10,Fried Rice,0,None,0,29.3,7.7,0,85,64
2023-10-11,Wednesday,0,10,Kottu,0,None,0,32.0,0.4,0,86,78
2023-10-11,Wednesday,0,10,Short Eats,0,None,0,27.3,2.3,0,148,130
2023-10-11,Wednesday,0,10,Beverages,0,None,0,29.7,4.0,0,172,133
2023-10-12,Thursday,0,10,Rice & Curry,0,None,0,29.6,5.5,0,90,79
2023-10-12,Thursday,0,10,Fried Rice,0,None,0,32.5,5.4,0,198,186
2023-10-12,Thursday,0,10,Kottu,0,None,0,31.0,10.6,0,187,135
2023-10-12,Thursday,0,10,Short Eats,0,None,0,29.7,6.9,0,96,70
2023-10-12,Thursday,0,10,Beverages,0,None,0,28.1,3.0,0,91,65
2023-10-13,Friday,0,10,Rice & Curry,0,None,0,27.2,4.9,0,164,140
2023-10-13,Friday,0,10,Fried Rice,0,None,0,32.8,5.2,0,81,59
2023-10-13,Friday,0,10,Kottu,0,None,0,31.0,0.8,0,130,107
2023-10-13,Friday,0,10,Short Eats,0,None,0,26.2,1.1,0,81,67
2023-10-13,Friday,0,10,Beverages,0,None,0,28.3,2.9,0,89,80
2023-10-14,Saturday,1,10,Rice & Curry,0,None,1,27.8,6.0,0,185,180
2023-10-14,Saturday,1,10,Fried Rice,0,None,1,30.6,2.3,0,164,177
2023-10-14,Saturday,1,10,Kottu,0,None,1,27.0,0.3,0,99,111
2023-10-14,Saturday,1,10,Short Eats,0,None,1,29.5,1.6,0,117,128
2023-10-14,Saturday,1,10,Beverages,0,None,1,32.0,1.5,0,153,171
2023-10-15,Sunday,1,10,Rice & Curry,0,None,1,26.1,3.2,0,193,166
2023-10-15,Sunday,1,10,Fried Rice,0,None,1,28.3,4.5,0,100,100
2023-10-15,Sunday,1,10,Kottu,0,None,1,30.3,1.1,0,167,164
2023-10-15,Sunday,1,10,Short Eats,0,None,1,31.5,5.5,0,195,213
2023-10-15,Sunday,1,10,Beverages,0,None,1,27.7,0.9,0,189,206
2023-10-16,Monday,0,10,Rice & Curry,0,None,0,28.6,15.9,0,104,76
2023-10-16,Monday,0,10,Fried Rice,0,None,0,26.3,0.2,0,166,121
2023-10-16,Monday,0,10,Kottu,0,None,0,26.3,2.3,0,164,125
2023-10-16,Monday,0,10,Short Eats,0,None,0,26.7,2.0,0,163,132
2023-10-16,Monday,0,10,Beverages,0,None,0,30.0,3.4,0,189,149
2023-10-17,Tuesday,0,10,Rice & Curry,0,None,0,30.3,8.6,0,132,96
2023-10-17,Tuesday,0,10,Fried Rice,0,None,0,31.4,13.6,0,137,115
2023-10-17,Tuesday,0,10,Kottu,0,None,0,29.6,1.3,0,168,130
2023-10-17,Tuesday,0,10,Short Eats,0,None,0,30.4,2.4,0,98,74
2023-10-17,Tuesday,0,10,Beverages,0,None,0,27.9,0.7,0,91,85
2023-10-18,Wednesday,0,10,Rice & Curry,0,None,0,26.4,2.7,0,136,114
2023-10-18,Wednesday,0,10,Fried Rice,0,None,0,27.2,0.3,0,162,127
2023-10-18,Wednesday,0,10,Kottu,0,None,0,32.0,3.3,0,155,144
2023-10-18,Wednesday,0,10,Short Eats,0,None,0,31.2,3.0,0,180,153
2023-10-18,Wednesday,0,10,Beverages,0,None,0,26.6,4.6,0,105,96
2023-10-19,Thursday,0,10,Rice & Curry,0,None,0,28.4,0.1,0,139,125
2023-10-19,Thursday,0,10,Fried Rice,0,None,0,27.1,3.1,0,154,142
2023-10-19,Thursday,0,10,Kottu,0,None,0,30.4,0.6,0,129,118
2023-10-19,Thursday,0,10,Short Eats,0,None,0,29.3,4.4,0,107,93
2023-10-19,Thursday,0,10,Beverages,0,None,0,28.1,0.8,0,164,130
2023-10-20,Friday,0,10,Rice & Curry,0,None,0,27.5,4.8,0,140,99
2023-10-20,Friday,0,10,Fried Rice,0,None,0,28.3,2.5,0,188,152
2023-10-20,Friday,0,10,Kottu,0,None,0,31.9,0.9,0,95,75
2023-10-20,Friday,0,10,Short Eats,0,None,0,32.9,7.3,0,110,78
2023-10-20,Friday,0,10,Beverages,0,None,0,26.2,2.4,0,180,140
2023-10-21,Saturday,1,10,Rice & Curry,0,None,0,26.3,2.8,0,148,165
2023-10-21,Saturday,1,10,Fried Rice,0,None,0,28.7,7.1,0,148,168
2023-10-21,Saturday,1,10,Kottu,0,None,0,27.3,2.4,0,188,196
2023-10-21,Saturday,1,10,Short Eats,0,None,0,28.5,11.1,0,147,151
2023-10-21,Saturday,1,10,Beverages,0,None,0,27.5,3.9,0,180,201
2023-10-22,Sunday,1,10,Rice & Curry,0,None,0,27.4,6.4,0,117,109
2023-10-22,Sunday,1,10,Fried Rice,0,None,0,28.8,1.1,0,89,83
2023-10-22,Sunday,1,10,Kottu,0,None,0,32.9,4.1,0,183,172
2023-10-22,Sunday,1,10,Short Eats,0,None,0,28.8,1.1,0,180,175
2023-10-22,Sunday,1,10,Beverages,0,None,0,32.1,0.8,0,114,114
2023-10-23,Monday,0,10,Rice & Curry,0,None,0,30.6,1.3,0,157,125
2023-10-23,Monday,0,10,Fried Rice,0,None,0,30.3,2.4,0,158,122
2023-10-23,Monday,0,10,Kottu,0,None,0,32.5,1.0,0,177,145
2023-10-23,Monday,0,10,Short Eats,0,None,0,27.2,1.8,0,191,179
2023-10-23,Monday,0,10,Beverages,0,None,0,32.1,3.4,0,197,145
2023-10-24,Tuesday,0,10,Rice & Curry,0,None,0,30.2,4.4,0,101,73
2023-10-24,Tuesday,0,10,Fried Rice,0,None,0,28.0,3.5,0,166,117
2023-10-24,Tuesday,0,10,Kottu,0,None,0,30.8,4.3,0,174,144
2023-10-24,Tuesday,0,10,Short Eats,0,None,0,31.3,1.5,0,122,101
2023-10-24,Tuesday,0,10,Beverages,0,None,0,32.4,5.1,0,159,133
2023-10-25,Wednesday,0,10,Rice & Curry,0,None,0,31.0,2.3,0,159,130
2023-10-25,Wednesday,0,10,Fried Rice,0,None,0,28.7,13.6,0,165,144
2023-10-25,Wednesday,0,10,Kottu,0,None,0,32.0,23.0,1,128,79
2023-10-25,Wednesday,0,10,Short Eats,0,None,0,26.2,5.2,0,123,92
2023-10-25,Wednesday,0,10,Beverages,0,None,0,31.8,3.3,0,158,143
2023-10-26,Thursday,0,10,Rice & Curry,0,None,0,28.2,2.1,0,96,78
2023-10-26,Thursday,0,10,Fried Rice,0,None,0,32.0,1.5,0,97,72
2023-10-26,Thursday,0,10,Kottu,0,None,0,29.6,5.0,0,98,80
2023-10-26,Thursday,0,10,Short Eats,0,None,0,27.6,0.7,0,147,117
2023-10-26,Thursday,0,10,Beverages,0,None,0,31.7,0.0,0,175,144
2023-10-27,Friday,0,10,Rice & Curry,0,None,0,27.3,8.9,0,89,68
2023-10-27,Friday,0,10,Fried Rice,0,None,0,28.5,4.9,0,100,72
2023-10-27,Friday,0,10,Kottu,0,None,0,31.0,1.3,0,164,146
2023-10-27,Friday,0,10,Short Eats,0,None,0,26.6,0.2,0,137,101
2023-10-27,Friday,0,10,Beverages,0,None,0,29.3,3.7,0,117,95
2023-10-28,Saturday,1,10,Rice & Curry,0,None,0,28.0,3.3,0,92,98
2023-10-28,Saturday,1,10,Fried Rice,0,None,0,32.3,2.3,0,128,145
2023-10-28,Saturday,1,10,Kottu,0,None,0,27.8,2.9,0,136,151
2023-10-28,Saturday,1,10,Short Eats,0,None,0,28.4,3.8,0,159,179
2023-10-28,Saturday,1,10,Beverages,0,None,0,29.6,2.4,0,133,147
2023-10-29,Sunday,1,10,Rice & Curry,0,None,0,27.8,2.6,0,126,117
2023-10-29,Sunday,1,10,Fried Rice,0,None,0,28.0,2.1,0,144,146
2023-10-29,Sunday,1,10,Kottu,0,None,0,31.7,2.0,0,119,105
2023-10-29,Sunday,1,10,Short Eats,0,None,0,29.1,2.9,0,134,116
2023-10-29,Sunday,1,10,Beverages,0,None,0,26.8,8.2,0,135,153
2023-10-30,Monday,0,10,Rice & Curry,0,None,0,32.6,1.6,0,156,123
2023-10-30,Monday,0,10,Fried Rice,0,None,0,31.6,3.9,0,98,92
2023-10-30,Monday,0,10,Kottu,0,None,0,26.6,0.7,0,121,113
2023-10-30,Monday,0,10,Short Eats,0,None,0,31.5,0.1,0,81,66
2023-10-30,Monday,0,10,Beverages,0,None,0,30.9,5.3,0,118,108
2023-10-31,Tuesday,0,10,Rice & Curry,0,None,0,32.7,1.1,0,118,95
2023-10-31,Tuesday,0,10,Fried Rice,0,None,0,27.2,15.2,0,148,106
2023-10-31,Tuesday,0,10,Kottu,0,None,0,31.9,0.2,0,147,123
2023-10-31,Tuesday,0,10,Short Eats,0,None,0,30.9,2.9,0,136,118
2023-10-31,Tuesday,0,10,Beverages,0,None,0,26.9,7.6,0,154,114
2023-11-01,Wednesday,0,11,Rice & Curry,0,None,0,28.7,1.7,0,88,79
2023-11-01,Wednesday,0,11,Fried Rice,0,None,0,29.4,6.3,0,165,148
2023-11-01,Wednesday,0,11,Kottu,0,None,0,28.4,4.9,0,164,124
2023-11-01,Wednesday,0,11,Short Eats,0,None,0,29.5,1.2,0,138,103
2023-11-01,Wednesday,0,11,Beverages,0,None,0,27.3,2.9,0,191,180
2023-11-02,Thursday,0,11,Rice & Curry,0,None,0,30.0,8.0,0,118,108
2023-11-02,Thursday,0,11,Fried Rice,0,None,0,27.7,2.4,0,174,153
2023-11-02,Thursday,0,11,Kottu,0,None,0,28.6,0.4,0,117,90
2023-11-02,Thursday,0,11,Short Eats,0,None,0,30.1,5.1,0,151,142
2023-11-02,Thursday,0,11,Beverages,0,None,0,32.7,1.1,0,171,149
2023-11-03,Friday,0,11,Rice & Curry,0,None,0,31.9,1.6,0,107,83
2023-11-03,Friday,0,11,Fried Rice,0,None,0,29.7,4.7,0,102,74
2023-11-03,Friday,0,11,Kottu,0,None,0,27.6,0.5,0,158,126
2023-11-03,Friday,0,11,Short Eats,0,None,0,28.5,1.5,0,91,85
2023-11-03,Friday,0,11,Beverages,0,None,0,31.0,0.0,0,91,75
2023-11-04,Saturday,1,11,Rice & Curry,0,None,0,31.5,3.0,0,187,212
2023-11-04,Saturday,1,11,Fried Rice,0,None,0,27.7,4.6,0,174,191
2023-11-04,Saturday,1,11,Kottu,0,None,0,28.7,2.7,0,113,97
2023-11-04,Saturday,1,11,Short Eats,0,None,0,30.2,5.4,0,113,123
2023-11-04,Saturday,1,11,Beverages,0,None,0,26.2,7.4,0,193,180
2023-11-05,Sunday,1,11,Rice & Curry,0,None,0,32.6,4.5,0,130,112
2023-11-05,Sunday,1,11,Fried Rice,0,None,0,27.4,1.7,0,86,79
2023-11-05,Sunday,1,11,Kottu,0,None,0,32.1,0.4,0,167,152
2023-11-05,Sunday,1,11,Short Eats,0,None,0,27.5,2.1,0,153,129
2023-11-05,Sunday,1,11,Beverages,0,None,0,29.6,0.6,0,181,205
2023-11-06,Monday,0,11,Rice & Curry,0,None,0,32.7,6.4,0,180,129
2023-11-06,Monday,0,11,Fried Rice,0,None,0,28.2,1.2,0,187,151
2023-11-06,Monday,0,11,Kottu,0,None,0,26.6,5.5,0,92,73
2023-11-06,Monday,0,11,Short Eats,0,None,0,30.8,1.5,0,178,153
2023-11-06,Monday,0,11,Beverages,0,None,0,33.0,6.0,0,145,113
2023-11-07,Tuesday,0,11,Rice & Curry,0,None,0,30.9,5.8,0,190,140
2023-11-07,Tuesday,0,11,Fried Rice,0,None,0,32.0,6.8,0,91,80
2023-11-07,Tuesday,0,11,Kottu,0,None,0,30.9,17.5,0,120,87
2023-11-07,Tuesday,0,11,Short Eats,0,None,0,30.0,3.0,0,153,113
2023-11-07,Tuesday,0,11,Beverages,0,None,0,31.3,3.4,0,124,87
2023-11-08,Wednesday,0,11,Rice & Curry,0,None,0,27.8,2.9,0,150,112
2023-11-08,Wednesday,0,11,Fried Rice,0,None,0,29.8,5.0,0,146,104
2023-11-08,Wednesday,0,11,Kottu,0,None,0,27.6,2.7,0,145,135
2023-11-08,Wednesday,0,11,Short Eats,0,None,0,26.9,4.2,0,177,135
2023-11-08,Wednesday,0,11,Beverages,0,None,0,29.2,0.6,0,96,78
2023-11-09,Thursday,0,11,Rice & Curry,0,None,0,27.1,1.5,0,189,169
2023-11-09,Thursday,0,11,Fried Rice,0,None,0,31.7,5.8,0,168,136
2023-11-09,Thursday,0,11,Kottu,0,None,0,26.3,2.8,0,128,110
2023-11-09,Thursday,0,11,Short Eats,0,None,0,29.2,3.0,0,182,165
2023-11-09,Thursday,0,11,Beverages,0,None,0,26.6,8.0,0,194,150
2023-11-10,Friday,0,11,Rice & Curry,0,None,0,29.8,0.6,0,127,121
2023-11-10,Friday,0,11,Fried Rice,0,None,0,27.5,0.4,0,181,133
2023-11-10,Friday,0,11,Kottu,0,None,0,32.1,3.0,0,120,92
2023-11-10,Friday,0,11,Short Eats,0,None,0,32.4,2.3,0,182,165
2023-11-10,Friday,0,11,Beverages,0,None,0,30.4,0.3,0,137,117
2023-11-11,Saturday,1,11,Rice & Curry,0,None,0,27.5,2.4,0,126,116
2023-11-11,Saturday,1,11,Fried Rice,0,None,0,28.7,11.5,0,177,200
2023-11-11,Saturday,1,11,Kottu,0,None,0,29.2,2.8,0,98,104
2023-11-11,Saturday,1,11,Short Eats,0,None,0,27.9,4.1,0,130,126
2023-11-11,Saturday,1,11,Beverages,0,None,0,29.2,6.2,0,108,121
2023-11-12,Sunday,1,11,Rice & Curry,0,None,0,26.2,4.8,0,106,96
2023-11-12,Sunday,1,11,Fried Rice,0,None,0,28.9,1.7,0,145,125
2023-11-12,Sunday,1,11,Kottu,0,None,0,31.8,4.2,0,144,143
2023-11-12,Sunday,1,11,Short Eats,0,None,0,29.8,1.2,0,80,89
2023-11-12,Sunday,1,11,Beverages,0,None,0,29.1,0.2,0,130,113
2023-11-13,Monday,0,11,Rice & Curry,0,None,0,26.4,3.6,0,153,109
2023-11-13,Monday,0,11,Fried Rice,0,None,0,29.0,2.5,0,140,131
2023-11-13,Monday,0,11,Kottu,0,None,0,27.9,2.0,0,164,118
2023-11-13,Monday,0,11,Short Eats,0,None,0,32.8,1.8,0,153,132
2023-11-13,Monday,0,11,Beverages,0,None,0,31.7,5.5,0,169,149
2023-11-14,Tuesday,0,11,Rice & Curry,0,None,1,27.9,1.5,0,94,81
2023-11-14,Tuesday,0,11,Fried Rice,0,None,1,26.3,3.6,0,131,115
2023-11-14,Tuesday,0,11,Kottu,0,None,1,32.8,16.3,0,186,134
2023-11-14,Tuesday,0,11,Short Eats,0,None,1,30.7,6.9,0,137,116
2023-11-14,Tuesday,0,11,Beverages,0,None,1,27.0,11.1,0,151,115
2023-11-15,Wednesday,0,11,Rice & Curry,0,None,1,29.9,0.9,0,100,76
2023-11-15,Wednesday,0,11,Fried Rice,0,None,1,30.4,0.1,0,199,142
2023-11-15,Wednesday,0,11,Kottu,0,None,1,31.9,2.3,0,172,144
2023-11-15,Wednesday,0,11,Short Eats,0,None,1,26.6,5.7,0,108,95
2023-11-15,Wednesday,0,11,Beverages,0,None,1,32.1,0.8,0,116,83
2023-11-16,Thursday,0,11,Rice & Curry,0,None,0,30.1,7.3,0,159,132
2023-11-16,Thursday,0,11,Fried Rice,0,None,0,26.8,0.9,0,196,153
2023-11-16,Thursday,0,11,Kottu,0,None,0,28.4,3.6,0,167,157
2023-11-16,Thursday,0,11,Short Eats,0,None,0,29.1,1.2,0,171,145
2023-11-16,Thursday,0,11,Beverages,0,None,0,31.2,4.5,0,86,75
2023-11-17,Friday,0,11,Rice & Curry,0,None,0,28.0,4.7,0,145,126
2023-11-17,Friday,0,11,Fried Rice,0,None,0,32.0,13.2,0,153,127
2023-11-17,Friday,0,11,Kottu,0,None,0,28.4,1.6,0,85,72
2023-11-17,Friday,0,11,Short Eats,0,None,0,30.3,6.1,0,161,146
2023-11-17,Friday,0,11,Beverages,0,None,0,26.4,5.5,0,182,171
2023-11-18,Saturday,1,11,Rice & Curry,0,None,0,28.1,0.1,0,80,68
2023-11-18,Saturday,1,11,Fried Rice,0,None,0,32.7,0.9,0,82,86
2023-11-18,Saturday,1,11,Kottu,0,None,0,27.2,1.1,0,187,160
2023-11-18,Saturday,1,11,Short Eats,0,None,0,29.4,0.1,0,153,163
2023-11-18,Saturday,1,11,Beverages,0,None,0,29.5,9.7,0,95,101
2023-11-19,Sunday,1,11,Rice & Curry,0,None,0,27.8,9.0,0,94,98
2023-11-19,Sunday,1,11,Fried Rice,0,None,0,30.2,5.6,0,194,216
2023-11-19,Sunday,1,11,Kottu,0,None,0,32.5,0.7,0,154,143
2023-11-19,Sunday,1,11,Short Eats,0,None,0,28.1,1.8,0,166,181
2023-11-19,Sunday,1,11,Beverages,0,None,0,29.2,1.2,0,128,142
2023-11-20,Monday,0,11,Rice & Curry,0,None,0,26.7,4.3,0,184,157
2023-11-20,Monday,0,11,Fried Rice,0,None,0,27.6,3.2,0,196,184
2023-11-20,Monday,0,11,Kottu,0,None,0,30.7,1.4,0,135,97
2023-11-20,Monday,0,11,Short Eats,0,None,0,31.7,1.6,0,134,97
2023-11-20,Monday,0,11,Beverages,0,None,0,29.0,6.4,0,130,95
2023-11-21,Tuesday,0,11,Rice & Curry,0,None,0,30.5,0.9,0,132,110
2023-11-21,Tuesday,0,11,Fried Rice,0,None,0,26.6,1.1,0,161,127
2023-11-21,Tuesday,0,11,Kottu,0,None,0,30.6,3.1,0,100,75
2023-11-21,Tuesday,0,11,Short Eats,0,None,0,26.4,0.1,0,108,77
2023-11-21,Tuesday,0,11,Beverages,0,None,0,29.2,8.9,0,110,81
2023-11-22,Wednesday,0,11,Rice & Curry,0,None,0,29.0,1.7,0,81,71
2023-11-22,Wednesday,0,11,Fried Rice,0,None,0,30.7,15.6,0,178,135
2023-11-22,Wednesday,0,11,Kottu,0,None,0,26.9,8.7,0,81,59
2023-11-22,Wednesday,0,11,Short Eats,0,None,0,31.5,9.6,0,95,77
2023-11-22,Wednesday,0,11,Beverages,0,None,0,29.4,1.0,0,91,71
2023-11-23,Thursday,0,11,Rice & Curry,0,None,0,31.3,11.0,0,153,143
2023-11-23,Thursday,0,11,Fried Rice,0,None,0,32.7,1.1,0,128,98
2023-11-23,Thursday,0,11,Kottu,0,None,0,26.5,1.2,0,136,95
2023-11-23,Thursday,0,11,Short Eats,0,None,0,27.1,1.7,0,85,75
2023-11-23,Thursday,0,11,Beverages,0,None,0,26.2,1.9,0,161,131
2023-11-24,Friday,0,11,Rice & Curry,0,None,0,26.7,9.1,0,154,133
2023-11-24,Friday,0,11,Fried Rice,0,None,0,28.8,3.6,0,143,102
2023-11-24,Friday,0,11,Kottu,0,None,0,30.1,9.7,0,99,90
2023-11-24,Friday,0,11,Short Eats,0,None,0,33.0,1.0,0,147,118
2023-11-24,Friday,0,11,Beverages,0,None,0,30.8,1.1,0,87,72
2023-11-25,Saturday,1,11,Rice & Curry,0,None,0,31.6,0.6,0,110,104
2023-11-25,Saturday,1,11,Fried Rice,0,None,0,26.4,5.3,0,146,127
2023-11-25,Saturday,1,11,Kottu,0,None,0,27.9,6.8,0,136,125
2023-11-25,Saturday,1,11,Short Eats,0,None,0,26.6,2.0,0,82,84
2023-11-25,Saturday,1,11,Beverages,0,None,0,28.9,0.7,0,123,108
2023-11-26,Sunday,1,11,Rice & Curry,0,None,0,26.4,0.1,0,197,169
2023-11-26,Sunday,1,11,Fried Rice,0,None,0,26.8,3.5,0,81,74
2023-11-26,Sunday,1,11,Kottu,0,None,0,28.1,2.6,0,185,195
2023-11-26,Sunday,1,11,Short Eats,0,None,0,31.1,0.8,0,168,179
2023-11-26,Sunday,1,11,Beverages,0,None,0,29.5,0.5,0,197,197
2023-11-27,Monday,0,11,Rice & Curry,0,None,0,33.0,2.6,0,103,83
2023-11-27,Monday,0,11,Fried Rice,0,None,0,31.6,3.6,0,121,109
2023-11-27,Monday,0,11,Kottu,0,None,0,31.0,1.1,0,177,142
2023-11-27,Monday,0,11,Short Eats,0,None,0,27.0,0.4,0,125,108
2023-11-27,Monday,0,11,Beverages,0,None,0,27.9,2.4,0,186,164
2023-11-28,Tuesday,0,11,Rice & Curry,0,None,0,28.2,2.8,0,136,128
2023-11-28,Tuesday,0,11,Fried Rice,0,None,0,27.3,5.1,0,98,79
2023-11-28,Tuesday,0,11,Kottu,0,None,0,31.3,0.6,0,166,155
2023-11-28,Tuesday,0,11,Short Eats,0,None,0,30.4,2.3,0,162,134
2023-11-28,Tuesday,0,11,Beverages,0,None,0,26.1,2.2,0,120,88
2023-11-29,Wednesday,0,11,Rice & Curry,0,None,0,32.1,1.3,0,95,86
2023-11-29,Wednesday,0,11,Fried Rice,0,None,0,30.1,0.9,0,84,68
2023-11-29,Wednesday,0,11,Kottu,0,None,0,26.5,3.5,0,84,64
2023-11-29,Wednesday,0,11,Short Eats,0,None,0,32.1,4.4,0,102,73
2023-11-29,Wednesday,0,11,Beverages,0,None,0,30.9,0.2,0,105,83
2023-11-30,Thursday,0,11,Rice & Curry,0,None,0,33.0,2.6,0,144,106
2023-11-30,Thursday,0,11,Fried Rice,0,None,0,28.0,8.1,0,129,105
2023-11-30,Thursday,0,11,Kottu,0,None,0,31.0,3.5,0,151,129
2023-11-30,Thursday,0,11,Short Eats,0,None,0,26.6,1.0,0,137,127
2023-11-30,Thursday,0,11,Beverages,0,None,0,28.3,12.2,0,118,110
2023-12-01,Friday,0,12,Rice & Curry,0,None,0,30.5,9.2,0,127,101
2023-12-01,Friday,0,12,Fried Rice,0,None,0,26.7,3.9,0,184,137
2023-12-01,Friday,0,12,Kottu,0,None,0,28.1,0.2,0,131,105
2023-12-01,Friday,0,12,Short Eats,0,None,0,32.5,5.0,0,113,83
2023-12-01,Friday,0,12,Beverages,0,None,0,28.7,0.1,0,138,120
2023-12-02,Saturday,1,12,Rice & Curry,0,None,0,28.0,3.5,0,146,141
2023-12-02,Saturday,1,12,Fried Rice,0,None,0,28.1,13.1,0,146,133
2023-12-02,Saturday,1,12,Kottu,0,None,0,31.0,6.0,0,170,143
2023-12-02,Saturday,1,12,Short Eats,0,None,0,28.9,0.4,0,120,113
2023-12-02,Saturday,1,12,Beverages,0,None,0,27.7,17.7,0,178,178
2023-12-03,Sunday,1,12,Rice & Curry,0,None,0,33.0,6.4,0,108,98
2023-12-03,Sunday,1,12,Fried Rice,0,None,0,28.0,2.1,0,121,135
2023-12-03,Sunday,1,12,Kottu,0,None,0,28.6,0.4,0,111,105
2023-12-03,Sunday,1,12,Short Eats,0,None,0,28.4,0.0,0,117,128
2023-12-03,Sunday,1,12,Beverages,0,None,0,28.9,15.7,0,157,167
2023-12-04,Monday,0,12,Rice & Curry,0,None,0,26.2,0.5,0,197,153
2023-12-04,Monday,0,12,Fried Rice,0,None,0,28.6,5.9,0,144,115
2023-12-04,Monday,0,12,Kottu,0,None,0,32.6,2.1,0,123,101
2023-12-04,Monday,0,12,Short Eats,0,None,0,32.3,9.5,0,119,93
2023-12-04,Monday,0,12,Beverages,0,None,0,27.5,6.7,0,145,109
2023-12-05,Tuesday,0,12,Rice & Curry,0,None,0,31.6,7.6,0,88,82
2023-12-05,Tuesday,0,12,Fried Rice,0,None,0,27.3,3.4,0,145,121
2023-12-05,Tuesday,0,12,Kottu,0,None,0,30.0,4.1,0,116,110
2023-12-05,Tuesday,0,12,Short Eats,0,None,0,29.8,2.8,0,81,71
2023-12-05,Tuesday,0,12,Beverages,0,None,0,26.1,0.2,0,180,163
2023-12-06,Wednesday,0,12,Rice & Curry,0,None,0,26.1,3.1,0,172,151
2023-12-06,Wednesday,0,12,Fried Rice,0,None,0,31.7,4.4,0,104,86
2023-12-06,Wednesday,0,12,Kottu,0,None,0,31.4,2.7,0,146,126
2023-12-06,Wednesday,0,12,Short Eats,0,None,0,27.2,8.2,0,91,78
2023-12-06,Wednesday,0,12,Beverages,0,None,0,26.6,4.1,0,173,124
2023-12-07,Thursday,0,12,Rice & Curry,0,None,0,30.4,1.2,0,126,92
2023-12-07,Thursday,0,12,Fried Rice,0,None,0,30.4,10.9,0,148,120
2023-12-07,Thursday,0,12,Kottu,0,None,0,31.3,0.6,0,129,112
2023-12-07,Thursday,0,12,Short Eats,0,None,0,31.7,1.2,0,156,142
2023-12-07,Thursday,0,12,Beverages,0,None,0,32.0,0.4,0,175,156
2023-12-08,Friday,0,12,Rice & Curry,0,None,0,26.6,2.4,0,183,161
2023-12-08,Friday,0,12,Fried Rice,0,None,0,26.7,3.9,0,175,157
2023-12-08,Friday,0,12,Kottu,0,None,0,27.6,4.1,0,165,129
2023-12-08,Friday,0,12,Short Eats,0,None,0,31.3,6.5,0,97,89
2023-12-08,Friday,0,12,Beverages,0,None,0,30.2,0.5,0,95,77
2023-12-09,Saturday,1,12,Rice & Curry,0,None,0,26.8,2.4,0,196,171
2023-12-09,Saturday,1,12,Fried Rice,0,None,0,29.5,6.7,0,96,94
2023-12-09,Saturday,1,12,Kottu,0,None,0,28.5,1.8,0,172,165
2023-12-09,Saturday,1,12,Short Eats,0,None,0,31.9,2.7,0,156,169
2023-12-09,Saturday,1,12,Beverages,0,None,0,28.4,0.2,0,183,176
2023-12-10,Sunday,1,12,Rice & Curry,0,None,0,28.3,2.7,0,96,107
2023-12-10,Sunday,1,12,Fried Rice,0,None,0,32.4,3.7,0,113,106
2023-12-10,Sunday,1,12,Kottu,0,None,0,26.7,1.1,0,164,143
2023-12-10,Sunday,1,12,Short Eats,0,None,0,31.4,0.7,0,173,161
2023-12-10,Sunday,1,12,Beverages,0,None,0,26.2,1.6,0,95,96
2023-12-11,Monday,0,12,Rice & Curry,0,None,0,28.5,2.4,0,129,101
2023-12-11,Monday,0,12,Fried Rice,0,None,0,27.9,0.8,0,85,69
2023-12-11,Monday,0,12,Kottu,0,None,0,31.3,0.9,0,171,148
2023-12-11,Monday,0,12,Short Eats,0,None,0,27.7,2.7,0,182,143
2023-12-11,Monday,0,12,Beverages,0,None,0,29.9,0.9,0,177,150
2023-12-12,Tuesday,0,12,Rice & Curry,0,None,0,29.2,6.8,0,133,99
2023-12-12,Tuesday,0,12,Fried Rice,0,None,0,31.7,2.2,0,138,128
2023-12-12,Tuesday,0,12,Kottu,0,None,0,26.9,0.8,0,183,139
2023-12-12,Tuesday,0,12,Short Eats,0,None,0,26.9,0.5,0,142,134
2023-12-12,Tuesday,0,12,Beverages,0,None,0,28.6,10.3,0,161,118
2023-12-13,Wednesday,0,12,Rice & Curry,0,None,0,32.4,2.7,0,178,169
2023-12-13,Wednesday,0,12,Fried Rice,0,None,0,27.9,4.5,0,162,122
2023-12-13,Wednesday,0,12,Kottu,0,None,0,26.8,1.9,0,90,81
2023-12-13,Wednesday,0,12,Short Eats,0,None,0,31.5,2.9,0,166,121
2023-12-13,Wednesday,0,12,Beverages,0,None,0,30.1,4.4,0,116,103
2023-12-14,Thursday,0,12,Rice & Curry,0,None,1,29.8,0.3,0,81,69
2023-12-14,Thursday,0,12,Fried Rice,0,None,1,30.5,4.8,0,117,101
2023-12-14,Thursday,0,12,Kottu,0,None,1,31.6,2.5,0,199,188
2023-12-14,Thursday,0,12,Short Eats,0,None,1,31.2,0.5,0,97,72
2023-12-14,Thursday,0,12,Beverages,0,None,1,29.6,2.7,0,178,169
2023-12-15,Friday,0,12,Rice & Curry,0,None,1,27.2,4.5,0,146,104
2023-12-15,Friday,0,12,Fried Rice,0,None,1,26.4,0.8,0,118,89
2023-12-15,Friday,0,12,Kottu,0,None,1,31.2,21.7,1,127,98
2023-12-15,Friday,0,12,Short Eats,0,None,1,27.1,1.4,0,129,114
2023-12-15,Friday,0,12,Beverages,0,None,1,32.2,0.3,0,151,121
2023-12-16,Saturday,1,12,Rice & Curry,0,None,0,32.9,0.2,0,137,128
2023-12-16,Saturday,1,12,Fried Rice,0,None,0,29.2,1.3,0,160,175
2023-12-16,Saturday,1,12,Kottu,0,None,0,29.6,3.0,0,146,161
2023-12-16,Saturday,1,12,Short Eats,0,None,0,30.0,1.6,0,94,96
2023-12-16,Saturday,1,12,Beverages,0,None,0,27.5,0.5,0,107,102
2023-12-17,Sunday,1,12,Rice & Curry,0,None,0,27.7,0.1,0,149,138
2023-12-17,Sunday,1,12,Fried Rice,0,None,0,26.9,0.6,0,180,157
2023-12-17,Sunday,1,12,Kottu,0,None,0,27.4,35.2,1,158,141
2023-12-17,Sunday,1,12,Short Eats,0,None,0,27.1,1.1,0,123,107
2023-12-17,Sunday,1,12,Beverages,0,None,0,32.7,3.8,0,150,144
2023-12-18,Monday,0,12,Rice & Curry,0,None,0,32.4,4.2,0,114,102
2023-12-18,Monday,0,12,Fried Rice,0,None,0,32.5,2.6,0,157,126
2023-12-18,Monday,0,12,Kottu,0,None,0,26.4,2.7,0,188,164
2023-12-18,Monday,0,12,Short Eats,0,None,0,27.7,10.7,0,176,159
2023-12-18,Monday,0,12,Beverages,0,None,0,27.1,1.8,0,126,89
2023-12-19,Tuesday,0,12,Rice & Curry,0,None,0,31.5,1.8,0,119,89
2023-12-19,Tuesday,0,12,Fried Rice,0,None,0,28.6,0.4,0,157,117
2023-12-19,Tuesday,0,12,Kottu,0,None,0,32.7,0.3,0,187,149
2023-12-19,Tuesday,0,12,Short Eats,0,None,0,30.0,9.7,0,146,120
2023-12-19,Tuesday,0,12,Beverages,0,None,0,28.7,14.3,0,162,139
2023-12-20,Wednesday,0,12,Rice & Curry,0,None,0,30.6,8.1,0,86,75
2023-12-20,Wednesday,0,12,Fried Rice,0,None,0,27.5,1.0,0,98,87
2023-12-20,Wednesday,0,12,Kottu,0,None,0,31.3,3.7,0,127,95
2023-12-20,Wednesday,0,12,Short Eats,0,None,0,26.1,0.4,0,104,85
2023-12-20,Wednesday,0,12,Beverages,0,None,0,27.2,1.6,0,183,133
2023-12-21,Thursday,0,12,Rice & Curry,0,None,0,28.7,0.2,0,107,93
2023-12-21,Thursday,0,12,Fried Rice,0,None,0,31.9,1.0,0,89,73
2023-12-21,Thursday,0,12,Kottu,0,None,0,29.6,0.8,0,161,147
2023-12-21,Thursday,0,12,Short Eats,0,None,0,29.5,15.9,0,186,146
2023-12-21,Thursday,0,12,Beverages,0,None,0,32.3,11.3,0,81,75
2023-12-22,Friday,0,12,Rice & Curry,0,None,0,26.5,3.2,0,177,166
2023-12-22,Friday,0,12,Fried Rice,0,None,0,31.4,3.9,0,176,160
2023-12-22,Friday,0,12,Kottu,0,None,0,27.4,7.0,0,98,81
2023-12-22,Friday,0,12,Short Eats,0,None,0,26.4,1.9,0,119,88
2023-12-22,Friday,0,12,Beverages,0,None,0,26.7,3.1,0,121,98
2023-12-23,Saturday,1,12,Rice & Curry,0,None,0,27.0,2.0,0,150,158
2023-12-23,Saturday,1,12,Fried Rice,0,None,0,32.9,4.8,0,146,138
2023-12-23,Saturday,1,12,Kottu,0,None,0,26.6,5.2,0,125,106
2023-12-23,Saturday,1,12,Short Eats,0,None,0,30.9,0.1,0,114,122
2023-12-23,Saturday,1,12,Beverages,0,None,0,28.7,2.3,0,170,143
2023-12-24,Sunday,1,12,Rice & Curry,0,None,0,28.5,3.7,0,96,106
2023-12-24,Sunday,1,12,Fried Rice,0,None,0,29.4,5.2,0,172,159
2023-12-24,Sunday,1,12,Kottu,0,None,0,32.5,5.1,0,100,93
2023-12-24,Sunday,1,12,Short Eats,0,None,0,26.6,4.6,0,194,193
2023-12-24,Sunday,1,12,Beverages,0,None,0,29.8,1.8,0,125,122
2023-12-25,Monday,0,12,Rice & Curry,0,None,0,30.7,1.5,0,90,74
2023-12-25,Monday,0,12,Fried Rice,0,None,0,26.4,0.2,0,90,72
2023-12-25,Monday,0,12,Kottu,0,None,0,27.9,2.2,0,157,139
2023-12-25,Monday,0,12,Short Eats,0,None,0,27.2,0.8,0,83,77
2023-12-25,Monday,0,12,Beverages,0,None,0,30.7,0.4,0,131,113
2023-12-26,Tuesday,0,12,Rice & Curry,0,None,0,31.8,2.2,0,159,146
2023-12-26,Tuesday,0,12,Fried Rice,0,None,0,28.9,4.8,0,137,120
2023-12-26,Tuesday,0,12,Kottu,0,None,0,26.1,2.9,0,134,120
2023-12-26,Tuesday,0,12,Short Eats,0,None,0,29.1,2.4,0,152,124
2023-12-26,Tuesday,0,12,Beverages,0,None,0,32.6,4.5,0,115,105
2023-12-27,Wednesday,0,12,Rice & Curry,0,None,0,32.3,3.1,0,110,90
2023-12-27,Wednesday,0,12,Fried Rice,0,None,0,30.1,1.8,0,174,144
2023-12-27,Wednesday,0,12,Kottu,0,None,0,26.4,9.9,0,180,141
2023-12-27,Wednesday,0,12,Short Eats,0,None,0,32.5,9.7,0,170,141
2023-12-27,Wednesday,0,12,Beverages,0,None,0,31.0,3.5,0,180,170
2023-12-28,Thursday,0,12,Rice & Curry,0,None,0,32.2,3.7,0,107,93
2023-12-28,Thursday,0,12,Fried Rice,0,None,0,30.5,8.9,0,150,129
2023-12-28,Thursday,0,12,Kottu,0,None,0,29.9,5.4,0,116,105
2023-12-28,Thursday,0,12,Short Eats,0,None,0,29.0,4.2,0,131,116
2023-12-28,Thursday,0,12,Beverages,0,None,0,30.9,18.7,0,191,161
2023-12-29,Friday,0,12,Rice & Curry,0,None,0,31.9,2.3,0,185,150
2023-12-29,Friday,0,12,Fried Rice,0,None,0,29.8,6.4,0,193,177
2023-12-29,Friday,0,12,Kottu,0,None,0,26.4,8.8,0,199,140
2023-12-29,Friday,0,12,Short Eats,0,None,0,28.9,1.4,0,179,127
2023-12-29,Friday,0,12,Beverages,0,None,0,28.5,7.8,0,96,70
2023-12-30,Saturday,1,12,Rice & Curry,0,None,0,28.2,8.7,0,175,195
2023-12-30,Saturday,1,12,Fried Rice,0,None,0,31.3,2.8,0,187,183
2023-12-30,Saturday,1,12,Kottu,0,None,0,26.4,1.2,0,133,116
2023-12-30,Saturday,1,12,Short Eats,0,None,0,31.1,2.0,0,168,155
2023-12-30,Saturday,1,12,Beverages,0,None,0,30.1,5.1,0,186,170
2023-12-31,Sunday,1,12,Rice & Curry,0,None,0,29.4,0.3,0,149,150
2023-12-31,Sunday,1,12,Fried Rice,0,None,0,29.9,0.5,0,138,152
2023-12-31,Sunday,1,12,Kottu,0,None,0,31.0,5.0,0,87,92
2023-12-31,Sunday,1,12,Short Eats,0,None,0,26.2,3.6,0,129,147
2023-12-31,Sunday,1,12,Beverages,0,None,0,30.4,2.3,0,133,136
2024-01-01,Monday,0,1,Rice & Curry,0,None,0,26.3,0.4,0,197,154
2024-01-01,Monday,0,1,Fried Rice,0,None,0,32.3,0.8,0,168,148
2024-01-01,Monday,0,1,Kottu,0,None,0,27.6,4.6,0,192,147
2024-01-01,Monday,0,1,Short Eats,0,None,0,30.8,11.9,0,89,73
2024-01-01,Monday,0,1,Beverages,0,None,0,30.9,7.6,0,170,122
2024-01-02,Tuesday,0,1,Rice & Curry,0,None,0,32.5,5.8,0,166,125
2024-01-02,Tuesday,0,1,Fried Rice,0,None,0,29.1,6.4,0,184,162
2024-01-02,Tuesday,0,1,Kottu,0,None,0,32.5,2.9,0,183,153
2024-01-02,Tuesday,0,1,Short Eats,0,None,0,31.2,5.2,0,146,120
2024-01-02,Tuesday,0,1,Beverages,0,None,0,30.4,0.0,0,85,62
2024-01-03,Wednesday,0,1,Rice & Curry,0,None,0,27.9,2.7,0,122,98
2024-01-03,Wednesday,0,1,Fried Rice,0,None,0,31.0,3.7,0,89,78
2024-01-03,Wednesday,0,1,Kottu,0,None,0,27.7,2.0,0,100,73
2024-01-03,Wednesday,0,1,Short Eats,0,None,0,28.6,0.1,0,185,166
2024-01-03,Wednesday,0,1,Beverages,0,None,0,27.4,0.3,0,103,72
2024-01-04,Thursday,0,1,Rice & Curry,0,None,0,26.6,6.6,0,179,150
2024-01-04,Thursday,0,1,Fried Rice,0,None,0,28.0,1.7,0,180,128
2024-01-04,Thursday,0,1,Kottu,0,None,0,31.5,7.5,0,150,108
2024-01-04,Thursday,0,1,Short Eats,0,None,0,32.0,4.0,0,110,97
2024-01-04,Thursday,0,1,Beverages,0,None,0,32.9,0.7,0,182,156
2024-01-05,Friday,0,1,Rice & Curry,0,None,0,29.3,12.9,0,118,85
2024-01-05,Friday,0,1,Fried Rice,0,None,0,33.0,0.1,0,98,71
2024-01-05,Friday,0,1,Kottu,0,None,0,28.5,7.8,0,120,111
2024-01-05,Friday,0,1,Short Eats,0,None,0,32.5,0.0,0,150,140
2024-01-05,Friday,0,1,Beverages,0,None,0,32.1,2.8,0,186,152
2024-01-06,Saturday,1,1,Rice & Curry,0,None,0,30.2,0.8,0,192,193
2024-01-06,Saturday,1,1,Fried Rice,0,None,0,28.4,2.9,0,152,132
2024-01-06,Saturday,1,1,Kottu,0,None,0,29.9,2.8,0,97,103
2024-01-06,Saturday,1,1,Short Eats,0,None,0,31.3,1.5,0,180,183
2024-01-06,Saturday,1,1,Beverages,0,None,0,26.1,5.7,0,157,145
2024-01-07,Sunday,1,1,Rice & Curry,0,None,0,29.9,0.0,0,115,130
2024-01-07,Sunday,1,1,Fried Rice,0,None,0,27.7,1.6,0,104,100
2024-01-07,Sunday,1,1,Kottu,0,None,0,30.7,0.8,0,85,89
2024-01-07,Sunday,1,1,Short Eats,0,None,0,29.9,2.0,0,168,179
2024-01-07,Sunday,1,1,Beverages,0,None,0,29.8,2.4,0,135,149
2024-01-08,Monday,0,1,Rice & Curry,0,None,0,26.5,4.9,0,95,68
2024-01-08,Monday,0,1,Fried Rice,0,None,0,28.6,10.4,0,82,75
2024-01-08,Monday,0,1,Kottu,0,None,0,32.6,5.4,0,153,133
2024-01-08,Monday,0,1,Short Eats,0,None,0,28.9,2.5,0,112,86
2024-01-08,Monday,0,1,Beverages,0,None,0,27.7,1.8,0,157,122
2024-01-09,Tuesday,0,1,Rice & Curry,0,None,0,28.7,7.7,0,173,138
2024-01-09,Tuesday,0,1,Fried Rice,0,None,0,32.4,0.1,0,123,114
2024-01-09,Tuesday,0,1,Kottu,0,None,0,30.1,3.0,0,136,127
2024-01-09,Tuesday,0,1,Short Eats,0,None,0,27.5,2.9,0,177,129
2024-01-09,Tuesday,0,1,Beverages,0,None,0,26.9,3.1,0,167,150
2024-01-10,Wednesday,0,1,Rice & Curry,0,None,0,27.4,0.4,0,188,134
2024-01-10,Wednesday,0,1,Fried Rice,0,None,0,30.7,3.0,0,184,138
2024-01-10,Wednesday,0,1,Kottu,0,None,0,28.6,2.8,0,130,101
2024-01-10,Wednesday,0,1,Short Eats,0,None,0,29.7,4.2,0,178,149
2024-01-10,Wednesday,0,1,Beverages,0,None,0,31.7,0.8,0,155,111
2024-01-11,Thursday,0,1,Rice & Curry,0,None,0,28.4,5.4,0,150,120
2024-01-11,Thursday,0,1,Fried Rice,0,None,0,27.0,4.4,0,97,91
2024-01-11,Thursday,0,1,Kottu,0,None,0,26.5,2.4,0,110,93
2024-01-11,Thursday,0,1,Short Eats,0,None,0,26.6,2.4,0,181,137
2024-01-11,Thursday,0,1,Beverages,0,None,0,30.2,4.8,0,135,104
2024-01-12,Friday,0,1,Rice & Curry,0,None,0,28.9,9.2,0,89,67
2024-01-12,Friday,0,1,Fried Rice,0,None,0,32.2,2.3,0,94,86
2024-01-12,Friday,0,1,Kottu,0,None,0,28.2,0.8,0,183,155
2024-01-12,Friday,0,1,Short Eats,0,None,0,29.6,0.6,0,173,127
2024-01-12,Friday,0,1,Beverages,0,None,0,28.1,3.4,0,80,72
2024-01-13,Saturday,1,1,Rice & Curry,0,None,0,28.7,6.4,0,100,107
2024-01-13,Saturday,1,1,Fried Rice,0,None,0,28.3,5.5,0,161,174
2024-01-13,Saturday,1,1,Kottu,0,None,0,28.0,4.2,0,115,105
2024-01-13,Saturday,1,1,Short Eats,0,None,0,26.4,0.6,0,156,159
2024-01-13,Saturday,1,1,Beverages,0,None,0,29.7,8.3,0,145,145
2024-01-14,Sunday,1,1,Rice & Curry,0,None,1,30.6,1.1,0,130,110
2024-01-14,Sunday,1,1,Fried Rice,0,None,1,29.6,3.0,0,133,127
2024-01-14,Sunday,1,1,Kottu,0,None,1,28.5,3.1,0,195,211
2024-01-14,Sunday,1,1,Short Eats,0,None,1,31.6,2.1,0,121,131
2024-01-14,Sunday,1,1,Beverages,0,None,1,29.9,5.4,0,194,184
2024-01-15,Monday,0,1,Rice & Curry,0,None,1,30.3,1.9,0,160,135
2024-01-15,Monday,0,1,Fried Rice,0,None,1,31.2,1.9,0,88,71
2024-01-15,Monday,0,1,Kottu,0,None,1,32.0,6.4,0,163,136
2024-01-15,Monday,0,1,Short Eats,0,None,1,30.6,9.3,0,147,121
2024-01-15,Monday,0,1,Beverages,0,None,1,29.1,1.0,0,185,169
2024-01-16,Tuesday,0,1,Rice & Curry,0,None,0,28.9,0.4,0,190,144
2024-01-16,Tuesday,0,1,Fried Rice,0,None,0,28.0,5.9,0,116,107
2024-01-16,Tuesday,0,1,Kottu,0,None,0,31.2,0.1,0,143,103
2024-01-16,Tuesday,0,1,Short Eats,0,None,0,28.4,0.4,0,112,102
2024-01-16,Tuesday,0,1,Beverages,0,None,0,29.3,0.0,0,186,174
2024-01-17,Wednesday,0,1,Rice & Curry,0,None,0,28.4,0.7,0,83,73
2024-01-17,Wednesday,0,1,Fried Rice,0,None,0,27.2,8.8,0,167,156
2024-01-17,Wednesday,0,1,Kottu,0,None,0,27.2,0.5,0,107,92
2024-01-17,Wednesday,0,1,Short Eats,0,None,0,32.0,5.3,0,121,105
2024-01-17,Wednesday,0,1,Beverages,0,None,0,26.5,19.8,0,136,120
2024-01-18,Thursday,0,1,Rice & Curry,0,None,0,26.8,2.9,0,166,120
2024-01-18,Thursday,0,1,Fried Rice,0,None,0,26.0,2.4,0,184,137
2024-01-18,Thursday,0,1,Kottu,0,None,0,32.4,2.5,0,128,109
2024-01-18,Thursday,0,1,Short Eats,0,None,0,30.2,0.3,0,177,159
2024-01-18,Thursday,0,1,Beverages,0,None,0,32.3,14.8,0,115,98
2024-01-19,Friday,0,1,Rice & Curry,0,None,0,27.9,1.4,0,164,150
2024-01-19,Friday,0,1,Fried Rice,0,None,0,30.5,0.7,0,159,143
2024-01-19,Friday,0,1,Kottu,0,None,0,27.1,0.1,0,161,136
2024-01-19,Friday,0,1,Short Eats,0,None,0,27.0,2.2,0,100,83
2024-01-19,Friday,0,1,Beverages,0,None,0,28.2,5.2,0,89,80
2024-01-20,Saturday,1,1,Rice & Curry,0,None,0,32.6,7.9,0,112,113
2024-01-20,Saturday,1,1,Fried Rice,0,None,0,31.8,1.4,0,144,126
2024-01-20,Saturday,1,1,Kottu,0,None,0,30.8,1.2,0,107,121
2024-01-20,Saturday,1,1,Short Eats,0,None,0,28.2,0.4,0,192,167
2024-01-20,Saturday,1,1,Beverages,0,None,0,30.1,4.0,0,175,171
2024-01-21,Sunday,1,1,Rice & Curry,0,None,0,29.0,6.4,0,190,214
2024-01-21,Sunday,1,1,Fried Rice,0,None,0,31.8,3.3,0,129,138
2024-01-21,Sunday,1,1,Kottu,0,None,0,26.4,0.1,0,99,107
2024-01-21,Sunday,1,1,Short Eats,0,None,0,29.6,0.2,0,179,200
2024-01-21,Sunday,1,1,Beverages,0,None,0,32.0,4.9,0,166,179
2024-01-22,Monday,0,1,Rice & Curry,0,None,0,32.5,5.9,0,101,76
2024-01-22,Monday,0,1,Fried Rice,0,None,0,31.7,0.9,0,185,135
2024-01-22,Monday,0,1,Kottu,0,None,0,32.7,1.4,0,129,93
2024-01-22,Monday,0,1,Short Eats,0,None,0,29.6,10.0,0,125,99
2024-01-22,Monday,0,1,Beverages,0,None,0,28.7,0.4,0,90,67
2024-01-23,Tuesday,0,1,Rice & Curry,0,None,0,32.8,9.8,0,136,120
2024-01-23,Tuesday,0,1,Fried Rice,0,None,0,31.2,2.9,0,189,141
2024-01-23,Tuesday,0,1,Kottu,0,None,0,28.9,2.4,0,140,112
2024-01-23,Tuesday,0,1,Short Eats,0,None,0,32.0,2.3,0,182,169
2024-01-23,Tuesday,0,1,Beverages,0,None,0,31.5,0.1,0,142,117
2024-01-24,Wednesday,0,1,Rice & Curry,0,None,0,31.1,19.4,0,154,132
2024-01-24,Wednesday,0,1,Fried Rice,0,None,0,26.5,9.6,0,98,89
2024-01-24,Wednesday,0,1,Kottu,0,None,0,27.6,0.9,0,126,101
2024-01-24,Wednesday,0,1,Short Eats,0,None,0,27.3,3.5,0,107,82
2024-01-24,Wednesday,0,1,Beverages,0,None,0,29.0,5.3,0,111,87
2024-01-25,Thursday,0,1,Rice & Curry,0,None,0,32.0,2.3,0,145,108
2024-01-25,Thursday,0,1,Fried Rice,0,None,0,29.4,4.9,0,116,103
2024-01-25,Thursday,0,1,Kottu,0,None,0,27.4,1.6,0,178,163
2024-01-25,Thursday,0,1,Short Eats,0,None,0,26.0,11.0,0,91,72
2024-01-25,Thursday,0,1,Beverages,0,None,0,27.0,2.9,0,120,111
2024-01-26,Friday,0,1,Rice & Curry,0,None,0,32.5,1.9,0,113,93
2024-01-26,Friday,0,1,Fried Rice,0,None,0,26.8,0.5,0,137,107
2024-01-26,Friday,0,1,Kottu,0,None,0,29.0,1.0,0,98,90
2024-01-26,Friday,0,1,Short Eats,0,None,0,30.4,5.8,0,187,133
2024-01-26,Friday,0,1,Beverages,0,None,0,27.6,6.5,0,194,154
2024-01-27,Saturday,1,1,Rice & Curry,0,None,0,32.3,0.3,0,175,158
2024-01-27,Saturday,1,1,Fried Rice,0,None,0,27.5,1.4,0,154,164
2024-01-27,Saturday,1,1,Kottu,0,None,0,30.7,3.0,0,181,174
2024-01-27,Saturday,1,1,Short Eats,0,None,0,32.5,0.2,0,164,180
2024-01-27,Saturday,1,1,Beverages,0,None,0,32.1,3.2,0,152,145
2024-01-28,Sunday,1,1,Rice & Curry,0,None,0,28.0,5.1,0,105,98
2024-01-28,Sunday,1,1,Fried Rice,0,None,0,26.7,2.2,0,98,84
2024-01-28,Sunday,1,1,Kottu,0,None,0,29.1,0.2,0,107,114
2024-01-28,Sunday,1,1,Short Eats,0,None,0,29.5,1.5,0,137,139
2024-01-28,Sunday,1,1,Beverages,0,None,0,29.8,0.0,0,94,95
2024-01-29,Monday,0,1,Rice & Curry,0,None,0,31.3,0.6,0,92,81
2024-01-29,Monday,0,1,Fried Rice,0,None,0,32.8,6.3,0,160,131
2024-01-29,Monday,0,1,Kottu,0,None,0,29.1,0.0,0,91,84
2024-01-29,Monday,0,1,Short Eats,0,None,0,30.5,2.1,0,128,112
2024-01-29,Monday,0,1,Beverages,0,None,0,32.7,3.0,0,112,106
2024-01-30,Tuesday,0,1,Rice & Curry,0,None,0,32.5,8.2,0,171,125
2024-01-30,Tuesday,0,1,Fried Rice,0,None,0,31.9,1.8,0,141,113
2024-01-30,Tuesday,0,1,Kottu,0,None,0,26.8,0.3,0,143,102
2024-01-30,Tuesday,0,1,Short Eats,0,None,0,28.9,3.2,0,154,114
2024-01-30,Tuesday,0,1,Beverages,0,None,0,28.7,1.7,0,167,119
2024-01-31,Wednesday,0,1,Rice & Curry,0,None,0,27.4,3.1,0,151,119
2024-01-31,Wednesday,0,1,Fried Rice,0,None,0,28.3,2.6,0,84,68
2024-01-31,Wednesday,0,1,Kottu,0,None,0,29.3,0.7,0,127,116
2024-01-31,Wednesday,0,1,Short Eats,0,None,0,31.6,1.7,0,82,59
2024-01-31,Wednesday,0,1,Beverages,0,None,0,32.5,3.5,0,184,150
2024-02-01,Thursday,0,2,Rice & Curry,0,None,0,30.9,6.9,0,144,102
2024-02-01,Thursday,0,2,Fried Rice,0,None,0,27.3,7.1,0,150,131
2024-02-01,Thursday,0,2,Kottu,0,None,0,28.7,1.7,0,190,133
2024-02-01,Thursday,0,2,Short Eats,0,None,0,27.7,0.9,0,82,58
2024-02-01,Thursday,0,2,Beverages,0,None,0,27.2,3.7,0,102,84
2024-02-02,Friday,0,2,Rice & Curry,0,None,0,32.1,1.1,0,107,77
2024-02-02,Friday,0,2,Fried Rice,0,None,0,32.3,1.0,0,179,162
2024-02-02,Friday,0,2,Kottu,0,None,0,32.7,6.3,0,119,95
2024-02-02,Friday,0,2,Short Eats,0,None,0,26.5,5.3,0,147,117
2024-02-02,Friday,0,2,Beverages,0,None,0,27.1,4.4,0,89,68
2024-02-03,Saturday,1,2,Rice & Curry,0,None,0,30.5,2.4,0,154,168
2024-02-03,Saturday,1,2,Fried Rice,0,None,0,27.9,2.4,0,180,198
2024-02-03,Saturday,1,2,Kottu,0,None,0,27.9,3.6,0,90,93
2024-02-03,Saturday,1,2,Short Eats,0,None,0,27.1,10.8,0,168,176
2024-02-03,Saturday,1,2,Beverages,0,None,0,31.5,6.3,0,160,158
2024-02-04,Sunday,1,2,Rice & Curry,0,None,0,32.1,3.0,0,178,174
2024-02-04,Sunday,1,2,Fried Rice,0,None,0,27.9,2.5,0,95,103
2024-02-04,Sunday,1,2,Kottu,0,None,0,27.7,9.2,0,137,134
2024-02-04,Sunday,1,2,Short Eats,0,None,0,26.1,1.3,0,159,171
2024-02-04,Sunday,1,2,Beverages,0,None,0,26.9,3.7,0,162,155
2024-02-05,Monday,0,2,Rice & Curry,0,None,0,27.7,10.3,0,166,131
2024-02-05,Monday,0,2,Fried Rice,0,None,0,29.0,3.9,0,142,107
2024-02-05,Monday,0,2,Kottu,0,None,0,31.6,0.2,0,142,122
2024-02-05,Monday,0,2,Short Eats,0,None,0,29.9,5.4,0,166,127
2024-02-05,Monday,0,2,Beverages,0,None,0,28.8,2.5,0,145,125
2024-02-06,Tuesday,0,2,Rice & Curry,0,None,0,26.1,4.2,0,138,106
2024-02-06,Tuesday,0,2,Fried Rice,0,None,0,26.3,20.9,1,152,120
2024-02-06,Tuesday,0,2,Kottu,0,None,0,30.8,0.5,0,123,96
2024-02-06,Tuesday,0,2,Short Eats,0,None,0,28.2,7.3,0,126,96
2024-02-06,Tuesday,0,2,Beverages,0,None,0,32.2,0.0,0,132,125
2024-02-07,Wednesday,0,2,Rice & Curry,0,None,0,33.0,0.8,0,158,113
2024-02-07,Wednesday,0,2,Fried Rice,0,None,0,26.2,1.1,0,191,180
2024-02-07,Wednesday,0,2,Kottu,0,None,0,31.1,1.0,0,146,117
2024-02-07,Wednesday,0,2,Short Eats,0,None,0,27.3,2.9,0,135,105
2024-02-07,Wednesday,0,2,Beverages,0,None,0,28.3,0.0,0,171,125
2024-02-08,Thursday,0,2,Rice & Curry,0,None,0,31.4,2.7,0,165,152
2024-02-08,Thursday,0,2,Fried Rice,0,None,0,28.9,2.6,0,95,68
2024-02-08,Thursday,0,2,Kottu,0,None,0,29.4,0.8,0,161,124
2024-02-08,Thursday,0,2,Short Eats,0,None,0,29.2,4.5,0,182,162
2024-02-08,Thursday,0,2,Beverages,0,None,0,26.0,10.0,0,188,161
2024-02-09,Friday,0,2,Rice & Curry,0,None,0,30.7,0.5,0,82,71
2024-02-09,Friday,0,2,Fried Rice,0,None,0,29.3,3.4,0,113,105
2024-02-09,Friday,0,2,Kottu,0,None,0,31.0,5.6,0,85,70
2024-02-09,Friday,0,2,Short Eats,0,None,0,26.5,1.5,0,162,118
2024-02-09,Friday,0,2,Beverages,0,None,0,32.7,8.8,0,143,121
2024-02-10,Saturday,1,2,Rice & Curry,0,None,0,29.6,1.5,0,85,79
2024-02-10,Saturday,1,2,Fried Rice,0,None,0,30.1,5.2,0,105,115
2024-02-10,Saturday,1,2,Kottu,0,None,0,29.5,2.3,0,175,150
2024-02-10,Saturday,1,2,Short Eats,0,None,0,32.0,2.5,0,171,158
2024-02-10,Saturday,1,2,Beverages,0,None,0,32.3,6.8,0,130,124
2024-02-11,Sunday,1,2,Rice & Curry,0,None,0,31.2,0.4,0,105,118
2024-02-11,Sunday,1,2,Fried Rice,0,None,0,30.6,2.4,0,179,177
2024-02-11,Sunday,1,2,Kottu,0,None,0,27.6,2.1,0,140,131
2024-02-11,Sunday,1,2,Short Eats,0,None,0,29.4,2.6,0,146,149
2024-02-11,Sunday,1,2,Beverages,0,None,0,28.7,2.8,0,105,117
2024-02-12,Monday,0,2,Rice & Curry,0,None,0,26.8,5.7,0,80,60
2024-02-12,Monday,0,2,Fried Rice,0,None,0,31.7,3.1,0,120,91
2024-02-12,Monday,0,2,Kottu,0,None,0,29.3,1.2,0,162,128
2024-02-12,Monday,0,2,Short Eats,0,None,0,26.9,2.9,0,157,146
2024-02-12,Monday,0,2,Beverages,0,None,0,28.1,2.7,0,174,139
2024-02-13,Tuesday,0,2,Rice & Curry,0,None,0,28.7,6.3,0,167,155
2024-02-13,Tuesday,0,2,Fried Rice,0,None,0,32.1,0.3,0,85,63
2024-02-13,Tuesday,0,2,Kottu,0,None,0,30.3,3.3,0,136,99
2024-02-13,Tuesday,0,2,Short Eats,0,None,0,26.1,3.2,0,158,120
2024-02-13,Tuesday,0,2,Beverages,0,None,0,26.9,1.4,0,165,126
2024-02-14,Wednesday,0,2,Rice & Curry,0,None,1,32.0,3.2,0,192,180
2024-02-14,Wednesday,0,2,Fried Rice,0,None,1,29.0,0.0,0,172,153
2024-02-14,Wednesday,0,2,Kottu,0,None,1,28.0,8.7,0,107,88
2024-02-14,Wednesday,0,2,Short Eats,0,None,1,30.3,8.1,0,137,122
2024-02-14,Wednesday,0,2,Beverages,0,None,1,32.8,6.0,0,191,139
2024-02-15,Thursday,0,2,Rice & Curry,0,None,1,29.7,1.3,0,181,129
2024-02-15,Thursday,0,2,Fried Rice,0,None,1,29.4,3.1,0,144,130
2024-02-15,Thursday,0,2,Kottu,0,None,1,32.0,9.8,0,129,120
2024-02-15,Thursday,0,2,Short Eats,0,None,1,30.4,2.0,0,160,114
2024-02-15,Thursday,0,2,Beverages,0,None,1,26.3,5.1,0,92,82
2024-02-16,Friday,0,2,Rice & Curry,0,None,0,28.3,6.8,0,149,104
2024-02-16,Friday,0,2,Fried Rice,0,None,0,31.6,0.3,0,126,90
2024-02-16,Friday,0,2,Kottu,0,None,0,29.1,2.4,0,148,108
2024-02-16,Friday,0,2,Short Eats,0,None,0,26.9,0.6,0,121,98
2024-02-16,Friday,0,2,Beverages,0,None,0,32.1,1.4,0,139,124
2024-02-17,Saturday,1,2,Rice & Curry,0,None,0,32.9,4.3,0,104,89
2024-02-17,Saturday,1,2,Fried Rice,0,None,0,27.0,3.9,0,120,119
2024-02-17,Saturday,1,2,Kottu,0,None,0,29.8,1.3,0,126,127
2024-02-17,Saturday,1,2,Short Eats,0,None,0,28.4,13.1,0,85,74
2024-02-17,Saturday,1,2,Beverages,0,None,0,29.4,0.7,0,185,205
2024-02-18,Sunday,1,2,Rice & Curry,0,None,0,30.6,1.7,0,129,133
2024-02-18,Sunday,1,2,Fried Rice,0,None,0,26.9,2.3,0,115,109
2024-02-18,Sunday,1,2,Kottu,0,None,0,30.7,0.3,0,129,141
2024-02-18,Sunday,1,2,Short Eats,0,None,0,28.1,6.2,0,129,114
2024-02-18,Sunday,1,2,Beverages,0,None,0,29.1,5.9,0,90,85
2024-02-19,Monday,0,2,Rice & Curry,0,None,0,26.5,18.2,0,197,168
2024-02-19,Monday,0,2,Fried Rice,0,None,0,26.8,1.5,0,152,116
2024-02-19,Monday,0,2,Kottu,0,None,0,29.7,2.6,0,140,105
2024-02-19,Monday,0,2,Short Eats,0,None,0,31.7,5.4,0,140,124
2024-02-19,Monday,0,2,Beverages,0,None,0,27.3,3.4,0,111,93
2024-02-20,Tuesday,0,2,Rice & Curry,0,None,0,27.3,0.2,0,140,110
2024-02-20,Tuesday,0,2,Fried Rice,0,None,0,27.6,0.2,0,170,127
2024-02-20,Tuesday,0,2,Kottu,0,None,0,32.7,0.6,0,163,130
2024-02-20,Tuesday,0,2,Short Eats,0,None,0,30.9,2.7,0,188,138
2024-02-20,Tuesday,0,2,Beverages,0,None,0,26.9,3.9,0,196,172
2024-02-21,Wednesday,0,2,Rice & Curry,0,None,0,32.6,1.6,0,192,135
2024-02-21,Wednesday,0,2,Fried Rice,0,None,0,27.1,16.8,0,179,156
2024-02-21,Wednesday,0,2,Kottu,0,None,0,27.2,5.0,0,198,182
2024-02-21,Wednesday,0,2,Short Eats,0,None,0,30.9,2.4,0,179,143
2024-02-21,Wednesday,0,2,Beverages,0,None,0,27.4,5.3,0,164,135
2024-02-22,Thursday,0,2,Rice & Curry,0,None,0,30.1,0.8,0,95,83
2024-02-22,Thursday,0,2,Fried Rice,0,None,0,29.6,1.4,0,121,94
2024-02-22,Thursday,0,2,Kottu,0,None,0,27.8,0.7,0,109,87
2024-02-22,Thursday,0,2,Short Eats,0,None,0,30.1,0.4,0,188,155
2024-02-22,Thursday,0,2,Beverages,0,None,0,31.4,7.4,0,81,71
2024-02-23,Friday,0,2,Rice & Curry,0,None,0,28.3,0.4,0,159,112
2024-02-23,Friday,0,2,Fried Rice,0,None,0,28.4,5.1,0,110,78
2024-02-23,Friday,0,2,Kottu,0,None,0,31.7,3.1,0,171,151
2024-02-23,Friday,0,2,Short Eats,0,None,0,31.7,0.6,0,169,147
2024-02-23,Friday,0,2,Beverages,0,None,0,27.7,0.3,0,174,128
2024-02-24,Saturday,1,2,Rice & Curry,0,None,0,29.3,2.8,0,186,168
2024-02-24,Saturday,1,2,Fried Rice,0,None,0,30.7,14.1,0,134,115
2024-02-24,Saturday,1,2,Kottu,0,None,0,26.6,2.3,0,124,114
2024-02-24,Saturday,1,2,Short Eats,0,None,0,31.8,2.7,0,161,177
2024-02-24,Saturday,1,2,Beverages,0,None,0,28.1,0.9,0,111,117
2024-02-25,Sunday,1,2,Rice & Curry,0,None,0,27.4,4.7,0,107,103
2024-02-25,Sunday,1,2,Fried Rice,0,None,0,29.3,1.8,0,96,102
2024-02-25,Sunday,1,2,Kottu,0,None,0,26.4,8.8,0,102,94
2024-02-25,Sunday,1,2,Short Eats,0,None,0,29.2,0.9,0,174,189
2024-02-25,Sunday,1,2,Beverages,0,None,0,31.9,2.9,0,162,147
2024-02-26,Monday,0,2,Rice & Curry,0,None,0,28.0,0.5,0,169,121
2024-02-26,Monday,0,2,Fried Rice,0,None,0,26.9,4.1,0,101,90
2024-02-26,Monday,0,2,Kottu,0,None,0,31.9,5.7,0,147,127
2024-02-26,Monday,0,2,Short Eats,0,None,0,26.8,3.1,0,120,98
2024-02-26,Monday,0,2,Beverages,0,None,0,30.7,2.8,0,108,103
2024-02-27,Tuesday,0,2,Rice & Curry,0,None,0,30.3,2.1,0,140,109
2024-02-27,Tuesday,0,2,Fried Rice,0,None,0,33.0,7.5,0,192,178
2024-02-27,Tuesday,0,2,Kottu,0,None,0,28.6,1.9,0,156,143
2024-02-27,Tuesday,0,2,Short Eats,0,None,0,31.8,7.2,0,118,92
2024-02-27,Tuesday,0,2,Beverages,0,None,0,31.7,0.2,0,159,112
2024-02-28,Wednesday,0,2,Rice & Curry,0,None,0,30.1,4.8,0,131,114
2024-02-28,Wednesday,0,2,Fried Rice,0,None,0,26.1,8.2,0,82,59
2024-02-28,Wednesday,0,2,Kottu,0,None,0,26.4,5.2,0,162,134
2024-02-28,Wednesday,0,2,Short Eats,0,None,0,28.8,4.5,0,176,159
2024-02-28,Wednesday,0,2,Beverages,0,None,0,32.7,8.6,0,150,109
2024-02-29,Thursday,0,2,Rice & Curry,0,None,0,28.8,1.6,0,109,84
2024-02-29,Thursday,0,2,Fried Rice,0,None,0,27.5,3.7,0,176,161
2024-02-29,Thursday,0,2,Kottu,0,None,0,27.5,4.4,0,131,108
2024-02-29,Thursday,0,2,Short Eats,0,None,0,32.8,1.3,0,117,98
2024-02-29,Thursday,0,2,Beverages,0,None,0,32.6,2.1,0,133,122
2024-03-01,Friday,0,3,Rice & Curry,0,None,0,29.9,0.8,0,95,90
2024-03-01,Friday,0,3,Fried Rice,0,None,0,26.2,0.5,0,166,136
2024-03-01,Friday,0,3,Kottu,0,None,0,28.4,3.2,0,144,129
2024-03-01,Friday,0,3,Short Eats,0,None,0,26.4,1.8,0,88,76
2024-03-01,Friday,0,3,Beverages,0,None,0,32.7,10.7,0,82,72
2024-03-02,Saturday,1,3,Rice & Curry,0,None,0,27.9,7.5,0,81,74
2024-03-02,Saturday,1,3,Fried Rice,0,None,0,26.6,0.5,0,126,111
2024-03-02,Saturday,1,3,Kottu,0,None,0,29.2,2.7,0,164,177
2024-03-02,Saturday,1,3,Short Eats,0,None,0,28.5,2.1,0,88,82
2024-03-02,Saturday,1,3,Beverages,0,None,0,32.1,5.9,0,99,113
2024-03-03,Sunday,1,3,Rice & Curry,0,None,0,27.2,0.2,0,168,154
2024-03-03,Sunday,1,3,Fried Rice,0,None,0,31.8,4.9,0,130,132
2024-03-03,Sunday,1,3,Kottu,0,None,0,29.5,7.7,0,160,165
2024-03-03,Sunday,1,3,Short Eats,0,None,0,29.1,0.8,0,124,113
2024-03-03,Sunday,1,3,Beverages,0,None,0,30.0,6.9,0,189,196
2024-03-04,Monday,0,3,Rice & Curry,0,None,0,26.8,5.1,0,134,107
2024-03-04,Monday,0,3,Fried Rice,0,None,0,28.4,7.1,0,136,123
2024-03-04,Monday,0,3,Kottu,0,None,0,26.3,1.8,0,163,139
2024-03-04,Monday,0,3,Short Eats,0,None,0,30.9,1.4,0,143,106
2024-03-04,Monday,0,3,Beverages,0,None,0,30.1,5.0,0,159,136
2024-03-05,Tuesday,0,3,Rice & Curry,0,None,0,31.1,1.9,0,101,71
2024-03-05,Tuesday,0,3,Fried Rice,0,None,0,26.8,3.1,0,124,100
2024-03-05,Tuesday,0,3,Kottu,0,None,0,31.1,3.0,0,80,65
2024-03-05,Tuesday,0,3,Short Eats,0,None,0,32.6,0.2,0,159,147
2024-03-05,Tuesday,0,3,Beverages,0,None,0,26.8,18.5,0,140,111
2024-03-06,Wednesday,0,3,Rice & Curry,0,None,0,27.6,5.3,0,134,116
2024-03-06,Wednesday,0,3,Fried Rice,0,None,0,27.2,3.5,0,112,104
2024-03-06,Wednesday,0,3,Kottu,0,None,0,31.9,7.5,0,159,146
2024-03-06,Wednesday,0,3,Short Eats,0,None,0,31.6,3.7,0,132,98
2024-03-06,Wednesday,0,3,Beverages,0,None,0,32.3,2.0,0,95,77
2024-03-07,Thursday,0,3,Rice & Curry,0,None,0,28.2,5.5,0,143,134
2024-03-07,Thursday,0,3,Fried Rice,0,None,0,27.3,4.5,0,91,67
2024-03-07,Thursday,0,3,Kottu,0,None,0,30.8,2.9,0,129,102
2024-03-07,Thursday,0,3,Short Eats,0,None,0,27.0,2.1,0,108,96
2024-03-07,Thursday,0,3,Beverages,0,None,0,29.4,3.7,0,177,163
2024-03-08,Friday,0,3,Rice & Curry,0,None,0,31.9,8.6,0,182,142
2024-03-08,Friday,0,3,Fried Rice,0,None,0,30.4,0.2,0,133,123
2024-03-08,Friday,0,3,Kottu,0,None,0,32.8,0.2,0,134,103
2024-03-08,Friday,0,3,Short Eats,0,None,0,27.2,4.7,0,166,121
2024-03-08,Friday,0,3,Beverages,0,None,0,29.4,4.6,0,175,126
2024-03-09,Saturday,1,3,Rice & Curry,0,None,0,27.0,0.3,0,156,169
2024-03-09,Saturday,1,3,Fried Rice,0,None,0,31.7,0.8,0,196,204
2024-03-09,Saturday,1,3,Kottu,0,None,0,29.3,4.1,0,86,91
2024-03-09,Saturday,1,3,Short Eats,0,None,0,31.9,1.4,0,109,103
2024-03-09,Saturday,1,3,Beverages,0,None,0,27.9,4.1,0,145,158
2024-03-10,Sunday,1,3,Rice & Curry,0,None,0,28.9,5.8,0,111,112
2024-03-10,Sunday,1,3,Fried Rice,0,None,0,32.2,3.0,0,199,198
2024-03-10,Sunday,1,3,Kottu,0,None,0,32.5,3.0,0,84,72
2024-03-10,Sunday,1,3,Short Eats,0,None,0,26.4,11.1,0,150,152
2024-03-10,Sunday,1,3,Beverages,0,None,0,29.9,5.4,0,109,117
2024-03-11,Monday,0,3,Rice & Curry,0,None,0,31.2,1.5,0,181,159
2024-03-11,Monday,0,3,Fried Rice,0,None,0,30.0,5.4,0,174,133
2024-03-11,Monday,0,3,Kottu,0,None,0,30.2,11.0,0,120,98
2024-03-11,Monday,0,3,Short Eats,0,None,0,31.9,9.1,0,176,135
2024-03-11,Monday,0,3,Beverages,0,None,0,33.0,5.6,0,170,143
2024-03-12,Tuesday,0,3,Rice & Curry,0,None,0,30.9,6.4,0,162,136
2024-03-12,Tuesday,0,3,Fried Rice,0,None,0,31.3,3.1,0,174,126
2024-03-12,Tuesday,0,3,Kottu,0,None,0,28.3,2.3,0,125,101
2024-03-12,Tuesday,0,3,Short Eats,0,None,0,26.5,12.3,0,106,93
2024-03-12,Tuesday,0,3,Beverages,0,None,0,27.0,4.1,0,130,109
2024-03-13,Wednesday,0,3,Rice & Curry,0,None,0,32.5,0.0,0,101,85
2024-03-13,Wednesday,0,3,Fried Rice,0,None,0,32.5,0.2,0,134,108
2024-03-13,Wednesday,0,3,Kottu,0,None,0,32.5,3.1,0,87,65
2024-03-13,Wednesday,0,3,Short Eats,0,None,0,32.7,1.9,0,81,58
2024-03-13,Wednesday,0,3,Beverages,0,None,0,30.4,9.8,0,138,122
2024-03-14,Thursday,0,3,Rice & Curry,0,None,1,30.1,0.7,0,123,91
2024-03-14,Thursday,0,3,Fried Rice,0,None,1,31.2,1.4,0,111,88
2024-03-14,Thursday,0,3,Kottu,0,None,1,29.1,0.2,0,140,109
2024-03-14,Thursday,0,3,Short Eats,0,None,1,30.6,0.7,0,88,80
2024-03-14,Thursday,0,3,Beverages,0,None,1,32.2,2.9,0,121,107
2024-03-15,Friday,0,3,Rice & Curry,0,None,1,27.8,8.5,0,149,125
2024-03-15,Friday,0,3,Fried Rice,0,None,1,26.1,0.3,0,92,73
2024-03-15,Friday,0,3,Kottu,0,None,1,31.0,4.3,0,96,80
2024-03-15,Friday,0,3,Short Eats,0,None,1,31.5,7.3,0,92,81
2024-03-15,Friday,0,3,Beverages,0,None,1,29.5,4.9,0,144,112
2024-03-16,Saturday,1,3,Rice & Curry,0,None,0,32.5,1.0,0,153,144
2024-03-16,Saturday,1,3,Fried Rice,0,None,0,31.6,9.1,0,92,103
2024-03-16,Saturday,1,3,Kottu,0,None,0,30.4,1.4,0,123,104
2024-03-16,Saturday,1,3,Short Eats,0,None,0,32.6,2.7,0,162,178
2024-03-16,Saturday,1,3,Beverages,0,None,0,29.5,4.5,0,98,90
2024-03-17,Sunday,1,3,Rice & Curry,0,None,0,32.7,3.7,0,170,180
2024-03-17,Sunday,1,3,Fried Rice,0,None,0,26.0,11.0,0,134,140
2024-03-17,Sunday,1,3,Kottu,0,None,0,27.3,1.3,0,103,101
2024-03-17,Sunday,1,3,Short Eats,0,None,0,30.7,1.5,0,148,129
2024-03-17,Sunday,1,3,Beverages,0,None,0,31.0,7.7,0,123,134
2024-03-18,Monday,0,3,Rice & Curry,0,None,0,27.7,2.1,0,194,141
2024-03-18,Monday,0,3,Fried Rice,0,None,0,29.0,1.0,0,180,152
2024-03-18,Monday,0,3,Kottu,0,None,0,30.4,4.2,0,186,157
2024-03-18,Monday,0,3,Short Eats,0,None,0,28.5,1.9,0,118,104
2024-03-18,Monday,0,3,Beverages,0,None,0,29.9,7.7,0,155,145
2024-03-19,Tuesday,0,3,Rice & Curry,0,None,0,28.4,3.3,0,104,83
2024-03-19,Tuesday,0,3,Fried Rice,0,None,0,26.9,6.7,0,197,181
2024-03-19,Tuesday,0,3,Kottu,0,None,0,27.1,2.4,0,180,167
2024-03-19,Tuesday,0,3,Short Eats,0,None,0,31.9,2.5,0,184,155
2024-03-19,Tuesday,0,3,Beverages,0,None,0,29.1,0.3,0,81,70
2024-03-20,Wednesday,0,3,Rice & Curry,0,None,0,31.9,1.0,0,133,110
2024-03-20,Wednesday,0,3,Fried Rice,0,None,0,26.8,0.1,0,173,149
2024-03-20,Wednesday,0,3,Kottu,0,None,0,27.8,7.2,0,162,133
2024-03-20,Wednesday,0,3,Short Eats,0,None,0,28.9,2.1,0,156,135
2024-03-20,Wednesday,0,3,Beverages,0,None,0,32.2,2.1,0,174,130
2024-03-21,Thursday,0,3,Rice & Curry,0,None,0,26.1,3.9,0,85,67
2024-03-21,Thursday,0,3,Fried Rice,0,None,0,27.3,2.2,0,147,116
2024-03-21,Thursday,0,3,Kottu,0,None,0,26.1,7.3,0,186,165
2024-03-21,Thursday,0,3,Short Eats,0,None,0,28.3,3.8,0,158,132
2024-03-21,Thursday,0,3,Beverages,0,None,0,30.6,2.0,0,83,66
2024-03-22,Friday,0,3,Rice & Curry,0,None,0,28.9,5.5,0,169,142
2024-03-22,Friday,0,3,Fried Rice,0,None,0,32.2,0.4,0,197,174
2024-03-22,Friday,0,3,Kottu,0,None,0,28.7,11.6,0,180,144
2024-03-22,Friday,0,3,Short Eats,0,None,0,27.1,2.8,0,198,142
2024-03-22,Friday,0,3,Beverages,0,None,0,31.0,2.6,0,182,160
2024-03-23,Saturday,1,3,Rice & Curry,0,None,0,29.4,1.2,0,131,126
2024-03-23,Saturday,1,3,Fried Rice,0,None,0,28.3,6.1,0,166,179
2024-03-23,Saturday,1,3,Kottu,0,None,0,26.3,19.4,0,167,155
2024-03-23,Saturday,1,3,Short Eats,0,None,0,31.7,0.4,0,159,176
2024-03-23,Saturday,1,3,Beverages,0,None,0,28.9,3.1,0,80,84
2024-03-24,Sunday,1,3,Rice & Curry,0,None,0,30.3,5.9,0,105,92
2024-03-24,Sunday,1,3,Fried Rice,0,None,0,26.8,2.1,0,176,171
2024-03-24,Sunday,1,3,Kottu,0,None,0,32.8,0.2,0,198,222
2024-03-24,Sunday,1,3,Short Eats,0,None,0,27.8,7.7,0,106,109
2024-03-24,Sunday,1,3,Beverages,0,None,0,26.7,0.4,0,179,192
2024-03-25,Monday,0,3,Rice & Curry,0,None,0,30.2,1.6,0,85,69
2024-03-25,Monday,0,3,Fried Rice,0,None,0,26.8,1.7,0,140,111
2024-03-25,Monday,0,3,Kottu,0,None,0,29.3,1.8,0,89,77
2024-03-25,Monday,0,3,Short Eats,0,None,0,27.5,0.6,0,135,99
2024-03-25,Monday,0,3,Beverages,0,None,0,30.4,5.2,0,134,116
2024-03-26,Tuesday,0,3,Rice & Curry,0,None,0,28.4,0.8,0,105,89
2024-03-26,Tuesday,0,3,Fried Rice,0,None,0,26.4,9.0,0,159,138
2024-03-26,Tuesday,0,3,Kottu,0,None,0,31.8,0.7,0,141,130
2024-03-26,Tuesday,0,3,Short Eats,0,None,0,28.2,0.6,0,147,136
2024-03-26,Tuesday,0,3,Beverages,0,None,0,26.9,0.1,0,109,93
2024-03-27,Wednesday,0,3,Rice & Curry,0,None,0,32.6,1.1,0,173,149
2024-03-27,Wednesday,0,3,Fried Rice,0,None,0,27.1,9.5,0,122,113
2024-03-27,Wednesday,0,3,Kottu,0,None,0,28.5,2.1,0,120,106
2024-03-27,Wednesday,0,3,Short Eats,0,None,0,31.0,0.9,0,172,153
2024-03-27,Wednesday,0,3,Beverages,0,None,0,29.1,1.5,0,143,128
2024-03-28,Thursday,0,3,Rice & Curry,0,None,0,31.5,2.4,0,133,115
2024-03-28,Thursday,0,3,Fried Rice,0,None,0,27.0,4.6,0,100,77
2024-03-28,Thursday,0,3,Kottu,0,None,0,28.2,0.5,0,177,152
2024-03-28,Thursday,0,3,Short Eats,0,None,0,27.8,1.4,0,193,140
2024-03-28,Thursday,0,3,Beverages,0,None,0,31.0,4.6,0,172,163
2024-03-29,Friday,0,3,Rice & Curry,0,None,0,26.7,2.1,0,131,116
2024-03-29,Friday,0,3,Fried Rice,0,None,0,27.8,4.7,0,106,76
2024-03-29,Friday,0,3,Kottu,0,None,0,30.7,7.4,0,179,135
2024-03-29,Friday,0,3,Short Eats,0,None,0,30.7,5.9,0,145,131
2024-03-29,Friday,0,3,Beverages,0,None,0,27.9,5.1,0,185,153
2024-03-30,Saturday,1,3,Rice & Curry,0,None,0,31.9,6.5,0,108,105
2024-03-30,Saturday,1,3,Fried Rice,0,None,0,31.2,1.0,0,163,148
2024-03-30,Saturday,1,3,Kottu,0,None,0,29.7,6.6,0,187,193
2024-03-30,Saturday,1,3,Short Eats,0,None,0,27.7,0.5,0,142,156
2024-03-30,Saturday,1,3,Beverages,0,None,0,31.4,1.3,0,181,171
2024-03-31,Sunday,1,3,Rice & Curry,0,None,0,32.8,15.6,0,143,161
2024-03-31,Sunday,1,3,Fried Rice,0,None,0,32.2,0.4,0,112,97
2024-03-31,Sunday,1,3,Kottu,0,None,0,31.0,0.1,0,151,159
2024-03-31,Sunday,1,3,Short Eats,0,None,0,29.1,0.5,0,136,153
2024-03-31,Sunday,1,3,Beverages,0,None,0,30.9,6.5,0,80,76
2024-04-01,Monday,0,4,Rice & Curry,0,None,0,27.3,4.1,0,165,138
2024-04-01,Monday,0,4,Fried Rice,0,None,0,30.4,1.2,0,126,94
2024-04-01,Monday,0,4,Kottu,0,None,0,32.8,0.1,0,138,105
2024-04-01,Monday,0,4,Short Eats,0,None,0,31.7,0.9,0,166,134
2024-04-01,Monday,0,4,Beverages,0,None,0,28.9,5.3,0,142,129
2024-04-02,Tuesday,0,4,Rice & Curry,0,None,0,27.7,3.8,0,158,132
2024-04-02,Tuesday,0,4,Fried Rice,0,None,0,32.5,12.1,0,96,86
2024-04-02,Tuesday,0,4,Kottu,0,None,0,31.2,8.9,0,115,99
2024-04-02,Tuesday,0,4,Short Eats,0,None,0,32.7,5.2,0,153,116
2024-04-02,Tuesday,0,4,Beverages,0,None,0,27.7,1.9,0,195,165
2024-04-03,Wednesday,0,4,Rice & Curry,0,None,0,32.8,3.0,0,172,160
2024-04-03,Wednesday,0,4,Fried Rice,0,None,0,28.9,5.5,0,142,120
2024-04-03,Wednesday,0,4,Kottu,0,None,0,31.7,17.8,0,93,74
2024-04-03,Wednesday,0,4,Short Eats,0,None,0,32.7,9.7,0,89,67
2024-04-03,Wednesday,0,4,Beverages,0,None,0,29.5,5.4,0,196,171
2024-04-04,Thursday,0,4,Rice & Curry,0,None,0,26.9,6.2,0,121,105
2024-04-04,Thursday,0,4,Fried Rice,0,None,0,28.9,1.3,0,118,92
2024-04-04,Thursday,0,4,Kottu,0,None,0,31.8,3.6,0,191,148
2024-04-04,Thursday,0,4,Short Eats,0,None,0,30.4,0.5,0,184,130
2024-04-04,Thursday,0,4,Beverages,0,None,0,28.4,0.5,0,169,154
2024-04-05,Friday,0,4,Rice & Curry,0,None,0,26.2,2.9,0,155,132
2024-04-05,Friday,0,4,Fried Rice,0,None,0,32.8,1.9,0,165,118
2024-04-05,Friday,0,4,Kottu,0,None,0,28.8,13.3,0,101,81
2024-04-05,Friday,0,4,Short Eats,0,None,0,32.1,2.1,0,140,121
2024-04-05,Friday,0,4,Beverages,0,None,0,28.6,12.1,0,149,116
2024-04-06,Saturday,1,4,Rice & Curry,0,None,0,32.4,1.5,0,168,153
2024-04-06,Saturday,1,4,Fried Rice,0,None,0,30.7,0.9,0,127,111
2024-04-06,Saturday,1,4,Kottu,0,None,0,30.9,2.8,0,113,108
2024-04-06,Saturday,1,4,Short Eats,0,None,0,28.8,6.1,0,132,130
2024-04-06,Saturday,1,4,Beverages,0,None,0,29.4,5.1,0,160,152
2024-04-07,Sunday,1,4,Rice & Curry,0,None,0,28.5,0.2,0,98,86
2024-04-07,Sunday,1,4,Fried Rice,0,None,0,32.9,3.9,0,107,116
2024-04-07,Sunday,1,4,Kottu,0,None,0,29.4,1.4,0,136,126
2024-04-07,Sunday,1,4,Short Eats,0,None,0,27.7,5.2,0,164,141
2024-04-07,Sunday,1,4,Beverages,0,None,0,32.1,1.4,0,186,160
2024-04-08,Monday,0,4,Rice & Curry,0,None,0,33.0,1.4,0,112,93
2024-04-08,Monday,0,4,Fried Rice,0,None,0,27.4,1.6,0,89,63
2024-04-08,Monday,0,4,Kottu,0,None,0,26.9,4.8,0,161,121
2024-04-08,Monday,0,4,Short Eats,0,None,0,28.6,1.5,0,167,141
2024-04-08,Monday,0,4,Beverages,0,None,0,30.8,3.3,0,175,131
2024-04-09,Tuesday,0,4,Rice & Curry,0,None,0,28.9,11.1,0,92,74
2024-04-09,Tuesday,0,4,Fried Rice,0,None,0,31.4,2.3,0,80,57
2024-04-09,Tuesday,0,4,Kottu,0,None,0,28.1,0.7,0,163,154
2024-04-09,Tuesday,0,4,Short Eats,0,None,0,32.5,9.1,0,91,72
2024-04-09,Tuesday,0,4,Beverages,0,None,0,29.5,3.3,0,190,147
2024-04-10,Wednesday,0,4,Rice & Curry,0,None,0,31.1,8.2,0,133,99
2024-04-10,Wednesday,0,4,Fried Rice,0,None,0,27.7,1.7,0,169,142
2024-04-10,Wednesday,0,4,Kottu,0,None,0,28.5,0.5,0,165,133
2024-04-10,Wednesday,0,4,Short Eats,0,None,0,26.0,1.5,0,150,135
2024-04-10,Wednesday,0,4,Beverages,0,None,0,30.1,0.4,0,111,85
2024-04-11,Thursday,0,4,Rice & Curry,0,None,0,32.4,0.4,0,165,122
2024-04-11,Thursday,0,4,Fried Rice,0,None,0,31.0,4.5,0,103,91
2024-04-11,Thursday,0,4,Kottu,0,None,0,29.2,4.6,0,82,62
2024-04-11,Thursday,0,4,Short Eats,0,None,0,30.1,9.8,0,131,118
2024-04-11,Thursday,0,4,Beverages,0,None,0,31.6,5.0,0,195,149
2024-04-12,Friday,0,4,Rice & Curry,0,None,0,33.0,0.4,0,96,91
2024-04-12,Friday,0,4,Fried Rice,0,None,0,30.3,6.3,0,135,111
2024-04-12,Friday,0,4,Kottu,0,None,0,29.3,9.3,0,110,99
2024-04-12,Friday,0,4,Short Eats,0,None,0,26.1,4.3,0,99,81
2024-04-12,Friday,0,4,Beverages,0,None,0,31.7,0.3,0,157,129
2024-04-13,Saturday,1,4,Rice & Curry,1,Sinhala_Tamil_New_Year,0,26.9,8.7,0,179,285
2024-04-13,Saturday,1,4,Fried Rice,1,Sinhala_Tamil_New_Year,0,29.6,2.2,0,88,135
2024-04-13,Saturday,1,4,Kottu,1,Sinhala_Tamil_New_Year,0,27.3,1.0,0,86,142
2024-04-13,Saturday,1,4,Short Eats,1,Sinhala_Tamil_New_Year,0,28.3,3.5,0,90,119
2024-04-13,Saturday,1,4,Beverages,1,Sinhala_Tamil_New_Year,0,32.3,4.5,0,91,136
2024-04-14,Sunday,1,4,Rice & Curry,1,Sinhala_Tamil_New_Year,1,32.8,4.7,0,171,223
2024-04-14,Sunday,1,4,Fried Rice,1,Sinhala_Tamil_New_Year,1,29.6,7.2,0,178,301
2024-04-14,Sunday,1,4,Kottu,1,Sinhala_Tamil_New_Year,1,30.9,0.9,0,124,200
2024-04-14,Sunday,1,4,Short Eats,1,Sinhala_Tamil_New_Year,1,27.8,4.9,0,126,166
2024-04-14,Sunday,1,4,Beverages,1,Sinhala_Tamil_New_Year,1,30.1,5.8,0,194,274
2024-04-15,Monday,0,4,Rice & Curry,0,None,1,28.9,2.8,0,121,115
2024-04-15,Monday,0,4,Fried Rice,0,None,1,30.5,7.9,0,146,117
2024-04-15,Monday,0,4,Kottu,0,None,1,28.1,8.1,0,170,126
2024-04-15,Monday,0,4,Short Eats,0,None,1,26.4,0.4,0,168,147
2024-04-15,Monday,0,4,Beverages,0,None,1,27.4,2.3,0,173,130
2024-04-16,Tuesday,0,4,Rice & Curry,0,None,0,30.7,4.9,0,100,92
2024-04-16,Tuesday,0,4,Fried Rice,0,None,0,29.3,5.5,0,149,120
2024-04-16,Tuesday,0,4,Kottu,0,None,0,26.9,3.3,0,140,114
2024-04-16,Tuesday,0,4,Short Eats,0,None,0,32.6,2.7,0,193,164
2024-04-16,Tuesday,0,4,Beverages,0,None,0,30.0,0.7,0,124,92
2024-04-17,Wednesday,0,4,Rice & Curry,0,None,0,29.3,13.8,0,110,78
2024-04-17,Wednesday,0,4,Fried Rice,0,None,0,31.1,8.2,0,113,97
2024-04-17,Wednesday,0,4,Kottu,0,None,0,31.8,0.2,0,152,125
2024-04-17,Wednesday,0,4,Short Eats,0,None,0,31.3,7.2,0,98,76
2024-04-17,Wednesday,0,4,Beverages,0,None,0,29.7,0.2,0,168,160
2024-04-18,Thursday,0,4,Rice & Curry,0,None,0,31.9,1.8,0,159,129
2024-04-18,Thursday,0,4,Fried Rice,0,None,0,29.6,5.8,0,117,110
2024-04-18,Thursday,0,4,Kottu,0,None,0,32.0,2.4,0,130,96
2024-04-18,Thursday,0,4,Short Eats,0,None,0,29.1,2.0,0,158,132
2024-04-18,Thursday,0,4,Beverages,0,None,0,29.3,1.4,0,90,68
2024-04-19,Friday,0,4,Rice & Curry,0,None,0,30.0,2.2,0,97,76
2024-04-19,Friday,0,4,Fried Rice,0,None,0,30.1,0.3,0,128,98
2024-04-19,Friday,0,4,Kottu,0,None,0,29.4,14.8,0,143,111
2024-04-19,Friday,0,4,Short Eats,0,None,0,29.3,12.5,0,188,136
2024-04-19,Friday,0,4,Beverages,0,None,0,32.7,5.0,0,88,63
2024-04-20,Saturday,1,4,Rice & Curry,0,None,0,30.0,1.8,0,172,189
2024-04-20,Saturday,1,4,Fried Rice,0,None,0,32.7,2.8,0,121,132
2024-04-20,Saturday,1,4,Kottu,0,None,0,31.9,1.8,0,108,98
2024-04-20,Saturday,1,4,Short Eats,0,None,0,26.0,1.1,0,166,140
2024-04-20,Saturday,1,4,Beverages,0,None,0,29.7,1.7,0,123,116
2024-04-21,Sunday,1,4,Rice & Curry,0,None,0,29.2,0.6,0,131,145
2024-04-21,Sunday,1,4,Fried Rice,0,None,0,28.2,0.7,0,120,106
2024-04-21,Sunday,1,4,Kottu,0,None,0,30.0,1.2,0,175,195
2024-04-21,Sunday,1,4,Short Eats,0,None,0,28.9,6.1,0,119,104
2024-04-21,Sunday,1,4,Beverages,0,None,0,32.9,1.5,0,80,68
2024-04-22,Monday,0,4,Rice & Curry,0,None,0,31.0,0.2,0,104,95
2024-04-22,Monday,0,4,Fried Rice,0,None,0,32.7,1.1,0,82,64
2024-04-22,Monday,0,4,Kottu,0,None,0,31.1,4.4,0,158,121
2024-04-22,Monday,0,4,Short Eats,0,None,0,27.4,4.2,0,104,80
2024-04-22,Monday,0,4,Beverages,0,None,0,30.1,1.2,0,93,85
2024-04-23,Tuesday,0,4,Rice & Curry,0,None,0,26.8,6.2,0,86,79
2024-04-23,Tuesday,0,4,Fried Rice,0,None,0,30.5,5.2,0,92,86
2024-04-23,Tuesday,0,4,Kottu,0,None,0,27.0,4.1,0,114,104
2024-04-23,Tuesday,0,4,Short Eats,0,None,0,27.4,5.4,0,124,115
2024-04-23,Tuesday,0,4,Beverages,0,None,0,27.9,6.5,0,138,129
2024-04-24,Wednesday,0,4,Rice & Curry,0,None,0,26.7,1.5,0,126,97
2024-04-24,Wednesday,0,4,Fried Rice,0,None,0,26.1,1.0,0,97,69
2024-04-24,Wednesday,0,4,Kottu,0,None,0,26.4,9.5,0,138,121
2024-04-24,Wednesday,0,4,Short Eats,0,None,0,26.6,4.2,0,196,145
2024-04-24,Wednesday,0,4,Beverages,0,None,0,28.7,2.7,0,88,71
2024-04-25,Thursday,0,4,Rice & Curry,0,None,0,28.2,0.1,0,180,130
2024-04-25,Thursday,0,4,Fried Rice,0,None,0,29.6,1.1,0,155,112
2024-04-25,Thursday,0,4,Kottu,0,None,0,31.6,9.2,0,196,183
2024-04-25,Thursday,0,4,Short Eats,0,None,0,27.3,15.3,0,147,119
2024-04-25,Thursday,0,4,Beverages,0,None,0,27.0,0.1,0,82,66
2024-04-26,Friday,0,4,Rice & Curry,0,None,0,28.2,1.3,0,153,133
2024-04-26,Friday,0,4,Fried Rice,0,None,0,30.8,6.2,0,96,82
2024-04-26,Friday,0,4,Kottu,0,None,0,32.4,1.4,0,164,151
2024-04-26,Friday,0,4,Short Eats,0,None,0,29.2,7.8,0,118,92
2024-04-26,Friday,0,4,Beverages,0,None,0,27.8,12.5,0,161,123
2024-04-27,Saturday,1,4,Rice & Curry,0,None,0,28.5,0.7,0,155,150
2024-04-27,Saturday,1,4,Fried Rice,0,None,0,27.1,2.2,0,105,104
2024-04-27,Saturday,1,4,Kottu,0,None,0,30.9,3.0,0,100,104
2024-04-27,Saturday,1,4,Short Eats,0,None,0,30.4,9.6,0,196,188
2024-04-27,Saturday,1,4,Beverages,0,None,0,28.8,3.4,0,121,113
2024-04-28,Sunday,1,4,Rice & Curry,0,None,0,27.0,8.7,0,163,173
2024-04-28,Sunday,1,4,Fried Rice,0,None,0,30.6,6.8,0,181,196
2024-04-28,Sunday,1,4,Kottu,0,None,0,30.6,2.0,0,117,127
2024-04-28,Sunday,1,4,Short Eats,0,None,0,31.6,7.5,0,172,149
2024-04-28,Sunday,1,4,Beverages,0,None,0,32.4,0.4,0,128,123
2024-04-29,Monday,0,4,Rice & Curry,0,None,0,28.8,4.6,0,94,74
2024-04-29,Monday,0,4,Fried Rice,0,None,0,28.0,1.2,0,184,137
2024-04-29,Monday,0,4,Kottu,0,None,0,32.3,4.3,0,199,179
2024-04-29,Monday,0,4,Short Eats,0,None,0,28.0,0.3,0,83,77
2024-04-29,Monday,0,4,Beverages,0,None,0,29.1,1.3,0,159,129
2024-04-30,Tuesday,0,4,Rice & Curry,0,None,0,27.2,0.9,0,189,173
2024-04-30,Tuesday,0,4,Fried Rice,0,None,0,26.5,4.5,0,161,139
2024-04-30,Tuesday,0,4,Kottu,0,None,0,28.1,1.0,0,161,144
2024-04-30,Tuesday,0,4,Short Eats,0,None,0,32.2,1.0,0,128,115
2024-04-30,Tuesday,0,4,Beverages,0,None,0,27.0,6.0,0,184,152
2024-05-01,Wednesday,0,5,Rice & Curry,0,None,0,30.7,7.5,0,82,73
2024-05-01,Wednesday,0,5,Fried Rice,0,None,0,30.2,4.3,0,124,104
2024-05-01,Wednesday,0,5,Kottu,0,None,0,29.7,1.7,0,197,158
2024-05-01,Wednesday,0,5,Short Eats,0,None,0,26.0,2.7,0,105,96
2024-05-01,Wednesday,0,5,Beverages,0,None,0,27.1,2.4,0,143,123
2024-05-02,Thursday,0,5,Rice & Curry,0,None,0,26.6,2.7,0,153,141
2024-05-02,Thursday,0,5,Fried Rice,0,None,0,28.9,9.7,0,80,67
2024-05-02,Thursday,0,5,Kottu,0,None,0,32.3,2.0,0,181,170
2024-05-02,Thursday,0,5,Short Eats,0,None,0,26.7,0.1,0,196,142
2024-05-02,Thursday,0,5,Beverages,0,None,0,31.9,3.5,0,82,75
2024-05-03,Friday,0,5,Rice & Curry,0,None,0,26.1,3.7,0,172,135
2024-05-03,Friday,0,5,Fried Rice,0,None,0,27.8,2.3,0,197,171
2024-05-03,Friday,0,5,Kottu,0,None,0,27.6,0.1,0,188,145
2024-05-03,Friday,0,5,Short Eats,0,None,0,31.7,6.4,0,89,74
2024-05-03,Friday,0,5,Beverages,0,None,0,32.2,1.8,0,103,83
2024-05-04,Saturday,1,5,Rice & Curry,0,None,0,27.9,1.2,0,136,134
2024-05-04,Saturday,1,5,Fried Rice,0,None,0,28.1,10.5,0,80,84
2024-05-04,Saturday,1,5,Kottu,0,None,0,27.5,0.9,0,194,219
2024-05-04,Saturday,1,5,Short Eats,0,None,0,29.5,0.5,0,104,101
2024-05-04,Saturday,1,5,Beverages,0,None,0,29.8,0.9,0,95,107
2024-05-05,Sunday,1,5,Rice & Curry,0,None,0,29.4,14.6,0,98,83
2024-05-05,Sunday,1,5,Fried Rice,0,None,0,29.5,3.2,0,89,75
2024-05-05,Sunday,1,5,Kottu,0,None,0,27.2,4.2,0,161,174
2024-05-05,Sunday,1,5,Short Eats,0,None,0,32.6,0.6,0,83,83
2024-05-05,Sunday,1,5,Beverages,0,None,0,26.2,0.7,0,110,97
2024-05-06,Monday,0,5,Rice & Curry,0,None,0,31.0,3.1,0,180,167
2024-05-06,Monday,0,5,Fried Rice,0,None,0,33.0,17.4,0,127,108
2024-05-06,Monday,0,5,Kottu,0,None,0,28.4,3.5,0,83,72
2024-05-06,Monday,0,5,Short Eats,0,None,0,28.2,3.7,0,176,142
2024-05-06,Monday,0,5,Beverages,0,None,0,30.6,1.2,0,107,89
2024-05-07,Tuesday,0,5,Rice & Curry,0,None,0,30.2,13.2,0,187,174
2024-05-07,Tuesday,0,5,Fried Rice,0,None,0,28.9,2.5,0,184,167
2024-05-07,Tuesday,0,5,Kottu,0,None,0,28.3,1.1,0,165,146
2024-05-07,Tuesday,0,5,Short Eats,0,None,0,32.3,8.0,0,165,118
2024-05-07,Tuesday,0,5,Beverages,0,None,0,31.1,6.6,0,139,122
2024-05-08,Wednesday,0,5,Rice & Curry,0,None,0,31.8,5.4,0,98,89
2024-05-08,Wednesday,0,5,Fried Rice,0,None,0,29.7,4.7,0,116,107
2024-05-08,Wednesday,0,5,Kottu,0,None,0,31.8,4.6,0,81,61
2024-05-08,Wednesday,0,5,Short Eats,0,None,0,28.7,8.0,0,91,78
2024-05-08,Wednesday,0,5,Beverages,0,None,0,30.7,1.0,0,139,112
2024-05-09,Thursday,0,5,Rice & Curry,0,None,0,27.1,6.6,0,151,123
2024-05-09,Thursday,0,5,Fried Rice,0,None,0,28.7,16.1,0,107,87
2024-05-09,Thursday,0,5,Kottu,0,None,0,26.8,2.2,0,190,161
2024-05-09,Thursday,0,5,Short Eats,0,None,0,28.9,2.3,0,81,72
2024-05-09,Thursday,0,5,Beverages,0,None,0,26.2,3.8,0,115,83
2024-05-10,Friday,0,5,Rice & Curry,0,None,0,26.9,0.4,0,81,72
2024-05-10,Friday,0,5,Fried Rice,0,None,0,27.4,6.0,0,107,101
2024-05-10,Friday,0,5,Kottu,0,None,0,32.0,1.0,0,199,176
2024-05-10,Friday,0,5,Short Eats,0,None,0,28.9,5.3,0,173,150
2024-05-10,Friday,0,5,Beverages,0,None,0,29.7,9.2,0,105,89
2024-05-11,Saturday,1,5,Rice & Curry,0,None,0,26.5,0.1,0,164,157
2024-05-11,Saturday,1,5,Fried Rice,0,None,0,27.2,1.2,0,182,180
2024-05-11,Saturday,1,5,Kottu,0,None,0,26.3,3.1,0,85,75
2024-05-11,Saturday,1,5,Short Eats,0,None,0,32.8,1.0,0,183,196
2024-05-11,Saturday,1,5,Beverages,0,None,0,28.5,6.7,0,195,182
2024-05-12,Sunday,1,5,Rice & Curry,0,None,0,30.6,3.3,0,87,74
2024-05-12,Sunday,1,5,Fried Rice,0,None,0,26.8,0.8,0,178,185
2024-05-12,Sunday,1,5,Kottu,0,None,0,32.3,0.2,0,181,186
2024-05-12,Sunday,1,5,Short Eats,0,None,0,28.5,1.6,0,199,175
2024-05-12,Sunday,1,5,Beverages,0,None,0,29.5,0.5,0,172,184
2024-05-13,Monday,0,5,Rice & Curry,0,None,0,29.4,1.7,0,182,173
2024-05-13,Monday,0,5,Fried Rice,0,None,0,30.8,7.4,0,197,149
2024-05-13,Monday,0,5,Kottu,0,None,0,29.7,0.7,0,159,119
2024-05-13,Monday,0,5,Short Eats,0,None,0,28.8,7.5,0,157,134
2024-05-13,Monday,0,5,Beverages,0,None,0,28.1,0.4,0,190,150
2024-05-14,Tuesday,0,5,Rice & Curry,0,None,1,30.0,1.7,0,172,147
2024-05-14,Tuesday,0,5,Fried Rice,0,None,1,28.1,13.8,0,166,153
2024-05-14,Tuesday,0,5,Kottu,0,None,1,28.1,4.2,0,124,103
2024-05-14,Tuesday,0,5,Short Eats,0,None,1,31.9,3.5,0,130,104
2024-05-14,Tuesday,0,5,Beverages,0,None,1,31.0,2.9,0,188,134
2024-05-15,Wednesday,0,5,Rice & Curry,0,None,1,29.5,3.5,0,109,98
2024-05-15,Wednesday,0,5,Fried Rice,0,None,1,28.5,1.4,0,179,136
2024-05-15,Wednesday,0,5,Kottu,0,None,1,32.1,0.1,0,97,72
2024-05-15,Wednesday,0,5,Short Eats,0,None,1,29.6,19.4,0,111,79
2024-05-15,Wednesday,0,5,Beverages,0,None,1,32.4,2.5,0,134,99
2024-05-16,Thursday,0,5,Rice & Curry,0,None,0,32.4,2.3,0,87,66
2024-05-16,Thursday,0,5,Fried Rice,0,None,0,26.5,3.4,0,184,150
2024-05-16,Thursday,0,5,Kottu,0,None,0,27.7,7.2,0,125,107
2024-05-16,Thursday,0,5,Short Eats,0,None,0,26.1,4.8,0,142,107
2024-05-16,Thursday,0,5,Beverages,0,None,0,29.2,4.7,0,97,90
2024-05-17,Friday,0,5,Rice & Curry,0,None,0,26.9,4.5,0,84,78
2024-05-17,Friday,0,5,Fried Rice,0,None,0,29.9,0.7,0,190,149
2024-05-17,Friday,0,5,Kottu,0,None,0,28.6,1.0,0,192,179
2024-05-17,Friday,0,5,Short Eats,0,None,0,32.6,9.8,0,158,143
2024-05-17,Friday,0,5,Beverages,0,None,0,30.8,5.2,0,187,151
2024-05-18,Saturday,1,5,Rice & Curry,0,None,0,28.8,0.8,0,173,188
2024-05-18,Saturday,1,5,Fried Rice,0,None,0,32.9,2.7,0,182,186
2024-05-18,Saturday,1,5,Kottu,0,None,0,29.5,0.2,0,112,97
2024-05-18,Saturday,1,5,Short Eats,0,None,0,32.6,1.8,0,92,87
2024-05-18,Saturday,1,5,Beverages,0,None,0,26.1,1.8,0,127,131
2024-05-19,Sunday,1,5,Rice & Curry,0,None,0,30.5,4.0,0,120,106
2024-05-19,Sunday,1,5,Fried Rice,0,None,0,29.0,0.9,0,135,149
2024-05-19,Sunday,1,5,Kottu,0,None,0,27.5,0.4,0,174,154
2024-05-19,Sunday,1,5,Short Eats,0,None,0,32.8,3.7,0,92,93
2024-05-19,Sunday,1,5,Beverages,0,None,0,29.7,0.2,0,116,120
2024-05-20,Monday,0,5,Rice & Curry,0,None,0,29.5,5.1,0,166,141
2024-05-20,Monday,0,5,Fried Rice,0,None,0,31.9,1.8,0,186,149
2024-05-20,Monday,0,5,Kottu,0,None,0,27.6,0.8,0,142,107
2024-05-20,Monday,0,5,Short Eats,0,None,0,27.0,6.4,0,87,80
2024-05-20,Monday,0,5,Beverages,0,None,0,28.7,1.5,0,158,149
2024-05-21,Tuesday,0,5,Rice & Curry,0,None,0,26.8,1.5,0,166,129
2024-05-21,Tuesday,0,5,Fried Rice,0,None,0,32.0,6.1,0,174,165
2024-05-21,Tuesday,0,5,Kottu,0,None,0,29.9,1.3,0,141,128
2024-05-21,Tuesday,0,5,Short Eats,0,None,0,26.0,3.3,0,116,107
2024-05-21,Tuesday,0,5,Beverages,0,None,0,26.2,3.3,0,143,122
2024-05-22,Wednesday,0,5,Rice & Curry,0,None,0,32.0,1.2,0,174,150
2024-05-22,Wednesday,0,5,Fried Rice,0,None,0,30.6,12.3,0,168,145
2024-05-22,Wednesday,0,5,Kottu,0,None,0,30.1,5.3,0,117,94
2024-05-22,Wednesday,0,5,Short Eats,0,None,0,29.8,4.5,0,94,72
2024-05-22,Wednesday,0,5,Beverages,0,None,0,26.6,2.2,0,184,161
2024-05-23,Thursday,0,5,Rice & Curry,1,Vesak,0,30.5,4.7,0,87,102
2024-05-23,Thursday,0,5,Fried Rice,1,Vesak,0,31.3,4.2,0,159,194
2024-05-23,Thursday,0,5,Kottu,1,Vesak,0,30.3,1.9,0,174,207
2024-05-23,Thursday,0,5,Short Eats,1,Vesak,0,32.6,6.8,0,96,117
2024-05-23,Thursday,0,5,Beverages,1,Vesak,0,30.5,4.6,0,83,102
2024-05-24,Friday,0,5,Rice & Curry,0,None,0,28.1,2.9,0,164,147
2024-05-24,Friday,0,5,Fried Rice,0,None,0,28.6,3.3,0,175,162
2024-05-24,Friday,0,5,Kottu,0,None,0,29.7,5.2,0,158,135
2024-05-24,Friday,0,5,Short Eats,0,None,0,28.4,1.4,0,99,73
2024-05-24,Friday,0,5,Beverages,0,None,0,26.8,5.7,0,199,158
2024-05-25,Saturday,1,5,Rice & Curry,0,None,0,26.6,0.2,0,92,80
2024-05-25,Saturday,1,5,Fried Rice,0,None,0,31.4,3.8,0,173,147
2024-05-25,Saturday,1,5,Kottu,0,None,0,30.6,1.3,0,130,114
2024-05-25,Saturday,1,5,Short Eats,0,None,0,29.7,0.4,0,170,162
2024-05-25,Saturday,1,5,Beverages,0,None,0,30.0,0.5,0,86,75
2024-05-26,Sunday,1,5,Rice & Curry,0,None,0,26.3,1.3,0,105,100
2024-05-26,Sunday,1,5,Fried Rice,0,None,0,31.8,2.4,0,188,180
2024-05-26,Sunday,1,5,Kottu,0,None,0,30.0,4.8,0,91,82
2024-05-26,Sunday,1,5,Short Eats,0,None,0,27.0,1.5,0,101,98
2024-05-26,Sunday,1,5,Beverages,0,None,0,28.9,4.4,0,133,128
2024-05-27,Monday,0,5,Rice & Curry,0,None,0,30.0,12.2,0,113,105
2024-05-27,Monday,0,5,Fried Rice,0,None,0,28.2,0.5,0,133,104
2024-05-27,Monday,0,5,Kottu,0,None,0,30.0,12.0,0,97,91
2024-05-27,Monday,0,5,Short Eats,0,None,0,31.0,1.4,0,178,166
2024-05-27,Monday,0,5,Beverages,0,None,0,32.0,6.0,0,171,151
2024-05-28,Tuesday,0,5,Rice & Curry,0,None,0,27.2,7.0,0,197,163
2024-05-28,Tuesday,0,5,Fried Rice,0,None,0,26.2,0.6,0,113,87
2024-05-28,Tuesday,0,5,Kottu,0,None,0,29.6,0.5,0,194,154
2024-05-28,Tuesday,0,5,Short Eats,0,None,0,31.2,6.1,0,102,73
2024-05-28,Tuesday,0,5,Beverages,0,None,0,32.5,4.9,0,181,148
2024-05-29,Wednesday,0,5,Rice & Curry,0,None,0,28.3,5.6,0,137,121
2024-05-29,Wednesday,0,5,Fried Rice,0,None,0,30.4,7.7,0,139,105
2024-05-29,Wednesday,0,5,Kottu,0,None,0,30.3,2.3,0,97,70
2024-05-29,Wednesday,0,5,Short Eats,0,None,0,30.2,8.3,0,164,151
2024-05-29,Wednesday,0,5,Beverages,0,None,0,28.0,0.4,0,102,85
2024-05-30,Thursday,0,5,Rice & Curry,0,None,0,31.4,3.0,0,174,136
2024-05-30,Thursday,0,5,Fried Rice,0,None,0,31.0,0.6,0,81,76
2024-05-30,Thursday,0,5,Kottu,0,None,0,31.6,2.3,0,188,144
2024-05-30,Thursday,0,5,Short Eats,0,None,0,30.9,6.5,0,126,103
2024-05-30,Thursday,0,5,Beverages,0,None,0,28.3,2.6,0,141,113
2024-05-31,Friday,0,5,Rice & Curry,0,None,0,30.5,3.2,0,126,116
2024-05-31,Friday,0,5,Fried Rice,0,None,0,29.3,4.3,0,124,117
2024-05-31,Friday,0,5,Kottu,0,None,0,32.3,5.1,0,191,162
2024-05-31,Friday,0,5,Short Eats,0,None,0,31.0,12.0,0,96,80
2024-05-31,Friday,0,5,Beverages,0,None,0,30.8,4.5,0,89,80
2024-06-01,Saturday,1,6,Rice & Curry,0,None,0,29.9,4.3,0,193,208
2024-06-01,Saturday,1,6,Fried Rice,0,None,0,28.5,11.2,0,153,138
2024-06-01,Saturday,1,6,Kottu,0,None,0,32.7,2.9,0,103,106
2024-06-01,Saturday,1,6,Short Eats,0,None,0,28.9,2.8,0,180,173
2024-06-01,Saturday,1,6,Beverages,0,None,0,29.8,3.1,0,187,193
2024-06-02,Sunday,1,6,Rice & Curry,0,None,0,31.7,4.1,0,187,164
2024-06-02,Sunday,1,6,Fried Rice,0,None,0,32.5,3.7,0,128,117
2024-06-02,Sunday,1,6,Kottu,0,None,0,29.9,0.5,0,157,168
2024-06-02,Sunday,1,6,Short Eats,0,None,0,28.6,12.9,0,172,159
2024-06-02,Sunday,1,6,Beverages,0,None,0,29.7,1.7,0,188,174
2024-06-03,Monday,0,6,Rice & Curry,0,None,0,27.9,7.7,0,107,96
2024-06-03,Monday,0,6,Fried Rice,0,None,0,30.4,3.7,0,116,88
2024-06-03,Monday,0,6,Kottu,0,None,0,31.6,3.3,0,127,90
2024-06-03,Monday,0,6,Short Eats,0,None,0,27.3,0.7,0,105,91
2024-06-03,Monday,0,6,Beverages,0,None,0,30.9,5.1,0,194,147
2024-06-04,Tuesday,0,6,Rice & Curry,0,None,0,28.2,16.6,0,126,103
2024-06-04,Tuesday,0,6,Fried Rice,0,None,0,29.9,7.4,0,85,61
2024-06-04,Tuesday,0,6,Kottu,0,None,0,31.2,12.9,0,146,121
2024-06-04,Tuesday,0,6,Short Eats,0,None,0,28.9,8.4,0,115,98
2024-06-04,Tuesday,0,6,Beverages,0,None,0,29.3,10.8,0,196,145
2024-06-05,Wednesday,0,6,Rice & Curry,0,None,0,30.9,10.5,0,178,151
2024-06-05,Wednesday,0,6,Fried Rice,0,None,0,32.4,11.4,0,92,64
2024-06-05,Wednesday,0,6,Kottu,0,None,0,30.4,3.6,0,181,151
2024-06-05,Wednesday,0,6,Short Eats,0,None,0,32.4,7.5,0,188,161
2024-06-05,Wednesday,0,6,Beverages,0,None,0,29.7,2.0,0,156,120
2024-06-06,Thursday,0,6,Rice & Curry,0,None,0,32.3,10.5,0,91,76
2024-06-06,Thursday,0,6,Fried Rice,0,None,0,29.1,1.2,0,104,85
2024-06-06,Thursday,0,6,Kottu,0,None,0,26.9,10.5,0,127,91
2024-06-06,Thursday,0,6,Short Eats,0,None,0,31.6,0.7,0,99,72
2024-06-06,Thursday,0,6,Beverages,0,None,0,29.5,4.7,0,191,134
2024-06-07,Friday,0,6,Rice & Curry,0,None,0,31.9,2.9,0,107,88
2024-06-07,Friday,0,6,Fried Rice,0,None,0,32.4,2.7,0,189,145
2024-06-07,Friday,0,6,Kottu,0,None,0,29.7,7.1,0,139,119
2024-06-07,Friday,0,6,Short Eats,0,None,0,27.7,1.5,0,126,114
2024-06-07,Friday,0,6,Beverages,0,None,0,31.3,1.8,0,106,95
2024-06-08,Saturday,1,6,Rice & Curry,0,None,0,26.9,2.4,0,94,91
2024-06-08,Saturday,1,6,Fried Rice,0,None,0,28.3,0.8,0,96,82
2024-06-08,Saturday,1,6,Kottu,0,None,0,28.1,1.3,0,143,134
2024-06-08,Saturday,1,6,Short Eats,0,None,0,27.5,4.5,0,86,89
2024-06-08,Saturday,1,6,Beverages,0,None,0,28.7,5.1,0,184,208
2024-06-09,Sunday,1,6,Rice & Curry,0,None,0,30.5,1.3,0,115,99
2024-06-09,Sunday,1,6,Fried Rice,0,None,0,28.9,11.5,0,191,207
2024-06-09,Sunday,1,6,Kottu,0,None,0,32.5,7.4,0,108,111
2024-06-09,Sunday,1,6,Short Eats,0,None,0,31.7,2.1,0,179,193
2024-06-09,Sunday,1,6,Beverages,0,None,0,32.8,2.5,0,112,113
2024-06-10,Monday,0,6,Rice & Curry,0,None,0,32.6,9.3,0,149,134
2024-06-10,Monday,0,6,Fried Rice,0,None,0,32.6,0.4,0,115,103
2024-06-10,Monday,0,6,Kottu,0,None,0,27.8,1.7,0,199,177
2024-06-10,Monday,0,6,Short Eats,0,None,0,27.0,1.2,0,91,84
2024-06-10,Monday,0,6,Beverages,0,None,0,28.8,1.3,0,116,91
2024-06-11,Tuesday,0,6,Rice & Curry,0,None,0,31.0,1.8,0,131,111
2024-06-11,Tuesday,0,6,Fried Rice,0,None,0,29.5,6.2,0,87,75
2024-06-11,Tuesday,0,6,Kottu,0,None,0,31.1,0.9,0,165,136
2024-06-11,Tuesday,0,6,Short Eats,0,None,0,32.9,2.5,0,197,184
2024-06-11,Tuesday,0,6,Beverages,0,None,0,31.3,0.9,0,93,86
2024-06-12,Wednesday,0,6,Rice & Curry,0,None,0,28.4,1.9,0,112,91
2024-06-12,Wednesday,0,6,Fried Rice,0,None,0,31.0,2.0,0,84,74
2024-06-12,Wednesday,0,6,Kottu,0,None,0,27.2,3.6,0,149,121
2024-06-12,Wednesday,0,6,Short Eats,0,None,0,30.7,3.1,0,168,137
2024-06-12,Wednesday,0,6,Beverages,0,None,0,28.7,1.2,0,170,151
2024-06-13,Thursday,0,6,Rice & Curry,0,None,0,32.0,4.2,0,95,76
2024-06-13,Thursday,0,6,Fried Rice,0,None,0,29.9,1.0,0,134,101
2024-06-13,Thursday,0,6,Kottu,0,None,0,26.5,6.2,0,139,118
2024-06-13,Thursday,0,6,Short Eats,0,None,0,27.3,5.3,0,121,100
2024-06-13,Thursday,0,6,Beverages,0,None,0,31.8,2.2,0,103,73
2024-06-14,Friday,0,6,Rice & Curry,0,None,1,26.5,6.5,0,145,131
2024-06-14,Friday,0,6,Fried Rice,0,None,1,31.5,3.5,0,127,109
2024-06-14,Friday,0,6,Kottu,0,None,1,32.0,0.3,0,155,111
2024-06-14,Friday,0,6,Short Eats,0,None,1,27.7,4.8,0,189,176
2024-06-14,Friday,0,6,Beverages,0,None,1,26.4,0.1,0,194,150
2024-06-15,Saturday,1,6,Rice & Curry,0,None,1,30.0,1.9,0,169,144
2024-06-15,Saturday,1,6,Fried Rice,0,None,1,32.2,6.7,0,188,184
2024-06-15,Saturday,1,6,Kottu,0,None,1,29.8,11.9,0,180,190
2024-06-15,Saturday,1,6,Short Eats,0,None,1,26.7,4.0,0,182,153
2024-06-15,Saturday,1,6,Beverages,0,None,1,26.1,2.5,0,167,167
2024-06-16,Sunday,1,6,Rice & Curry,0,None,0,28.8,0.8,0,82,83
2024-06-16,Sunday,1,6,Fried Rice,0,None,0,28.1,0.7,0,165,143
2024-06-16,Sunday,1,6,Kottu,0,None,0,28.1,0.2,0,166,165
2024-06-16,Sunday,1,6,Short Eats,0,None,0,27.1,4.4,0,192,165
2024-06-16,Sunday,1,6,Beverages,0,None,0,28.1,9.1,0,92,94
2024-06-17,Monday,0,6,Rice & Curry,0,None,0,27.9,3.0,0,124,87
2024-06-17,Monday,0,6,Fried Rice,0,None,0,27.5,3.8,0,111,89
2024-06-17,Monday,0,6,Kottu,0,None,0,32.6,6.0,0,138,118
2024-06-17,Monday,0,6,Short Eats,0,None,0,29.9,0.2,0,84,76
2024-06-17,Monday,0,6,Beverages,0,None,0,27.3,4.8,0,154,146
2024-06-18,Tuesday,0,6,Rice & Curry,0,None,0,27.8,3.4,0,163,123
2024-06-18,Tuesday,0,6,Fried Rice,0,None,0,26.0,5.0,0,189,151
2024-06-18,Tuesday,0,6,Kottu,0,None,0,31.0,0.3,0,163,115
2024-06-18,Tuesday,0,6,Short Eats,0,None,0,30.2,3.3,0,193,151
2024-06-18,Tuesday,0,6,Beverages,0,None,0,28.2,2.4,0,119,92
2024-06-19,Wednesday,0,6,Rice & Curry,0,None,0,29.1,1.8,0,139,121
2024-06-19,Wednesday,0,6,Fried Rice,0,None,0,31.8,1.5,0,112,88
2024-06-19,Wednesday,0,6,Kottu,0,None,0,30.8,0.1,0,144,117
2024-06-19,Wednesday,0,6,Short Eats,0,None,0,29.2,1.2,0,109,102
2024-06-19,Wednesday,0,6,Beverages,0,None,0,32.4,2.9,0,102,79
2024-06-20,Thursday,0,6,Rice & Curry,0,None,0,31.1,0.5,0,176,132
2024-06-20,Thursday,0,6,Fried Rice,0,None,0,32.4,6.8,0,159,127
2024-06-20,Thursday,0,6,Kottu,0,None,0,26.5,1.9,0,126,109
2024-06-20,Thursday,0,6,Short Eats,0,None,0,27.1,0.0,0,127,117
2024-06-20,Thursday,0,6,Beverages,0,None,0,30.4,0.0,0,150,121
2024-06-21,Friday,0,6,Rice & Curry,0,None,0,29.5,4.1,0,99,70
2024-06-21,Friday,0,6,Fried Rice,0,None,0,28.4,0.8,0,148,125
2024-06-21,Friday,0,6,Kottu,0,None,0,27.5,0.3,0,197,148
2024-06-21,Friday,0,6,Short Eats,0,None,0,29.6,5.3,0,191,181
2024-06-21,Friday,0,6,Beverages,0,None,0,29.8,12.0,0,94,68
2024-06-22,Saturday,1,6,Rice & Curry,0,None,0,30.3,1.4,0,180,155
2024-06-22,Saturday,1,6,Fried Rice,0,None,0,32.7,0.6,0,161,169
2024-06-22,Saturday,1,6,Kottu,0,None,0,30.4,0.8,0,89,92
2024-06-22,Saturday,1,6,Short Eats,0,None,0,27.9,1.0,0,195,183
2024-06-22,Saturday,1,6,Beverages,0,None,0,30.3,11.2,0,170,157
2024-06-23,Sunday,1,6,Rice & Curry,0,None,0,28.5,2.5,0,123,107
2024-06-23,Sunday,1,6,Fried Rice,0,None,0,32.9,11.9,0,166,187
2024-06-23,Sunday,1,6,Kottu,0,None,0,27.1,1.0,0,154,149
2024-06-23,Sunday,1,6,Short Eats,0,None,0,29.1,4.0,0,88,75
2024-06-23,Sunday,1,6,Beverages,0,None,0,30.2,0.8,0,175,162
2024-06-24,Monday,0,6,Rice & Curry,0,None,0,31.5,0.7,0,139,101
2024-06-24,Monday,0,6,Fried Rice,0,None,0,27.0,0.1,0,185,168
2024-06-24,Monday,0,6,Kottu,0,None,0,26.7,4.9,0,170,150
2024-06-24,Monday,0,6,Short Eats,0,None,0,30.5,4.1,0,172,148
2024-06-24,Monday,0,6,Beverages,0,None,0,27.9,2.8,0,129,109
2024-06-25,Tuesday,0,6,Rice & Curry,0,None,0,31.8,0.3,0,110,84
2024-06-25,Tuesday,0,6,Fried Rice,0,None,0,30.6,5.0,0,169,145
2024-06-25,Tuesday,0,6,Kottu,0,None,0,32.2,2.7,0,138,107
2024-06-25,Tuesday,0,6,Short Eats,0,None,0,32.1,0.7,0,144,103
2024-06-25,Tuesday,0,6,Beverages,0,None,0,28.7,1.6,0,97,72
2024-06-26,Wednesday,0,6,Rice & Curry,0,None,0,27.8,0.7,0,141,108
2024-06-26,Wednesday,0,6,Fried Rice,0,None,0,29.8,0.6,0,164,121
2024-06-26,Wednesday,0,6,Kottu,0,None,0,28.9,0.3,0,106,85
2024-06-26,Wednesday,0,6,Short Eats,0,None,0,28.5,6.3,0,153,124
2024-06-26,Wednesday,0,6,Beverages,0,None,0,27.6,5.2,0,181,139
2024-06-27,Thursday,0,6,Rice & Curry,0,None,0,28.6,2.8,0,141,101
2024-06-27,Thursday,0,6,Fried Rice,0,None,0,27.3,9.6,0,147,131
2024-06-27,Thursday,0,6,Kottu,0,None,0,27.2,0.2,0,140,111
2024-06-27,Thursday,0,6,Short Eats,0,None,0,31.8,0.1,0,131,98
2024-06-27,Thursday,0,6,Beverages,0,None,0,31.2,4.8,0,167,134
2024-06-28,Friday,0,6,Rice & Curry,0,None,0,29.1,14.3,0,113,103
2024-06-28,Friday,0,6,Fried Rice,0,None,0,30.8,11.2,0,103,77
2024-06-28,Friday,0,6,Kottu,0,None,0,29.1,0.3,0,127,118
2024-06-28,Friday,0,6,Short Eats,0,None,0,28.7,3.3,0,98,83
2024-06-28,Friday,0,6,Beverages,0,None,0,32.1,0.2,0,124,116
2024-06-29,Saturday,1,6,Rice & Curry,0,None,0,31.9,4.7,0,145,151
2024-06-29,Saturday,1,6,Fried Rice,0,None,0,28.0,0.9,0,82,91
2024-06-29,Saturday,1,6,Kottu,0,None,0,30.2,6.5,0,114,112
2024-06-29,Saturday,1,6,Short Eats,0,None,0,29.5,1.6,0,123,122
2024-06-29,Saturday,1,6,Beverages,0,None,0,27.1,2.2,0,114,114
2024-06-30,Sunday,1,6,Rice & Curry,0,None,0,30.1,0.9,0,102,101
2024-06-30,Sunday,1,6,Fried Rice,0,None,0,32.7,2.6,0,158,157
2024-06-30,Sunday,1,6,Kottu,0,None,0,29.9,11.6,0,118,122
2024-06-30,Sunday,1,6,Short Eats,0,None,0,31.7,3.3,0,153,168
2024-06-30,Sunday,1,6,Beverages,0,None,0,28.5,3.7,0,192,204
2024-07-01,Monday,0,7,Rice & Curry,0,None,0,26.3,1.0,0,139,111
2024-07-01,Monday,0,7,Fried Rice,0,None,0,30.0,2.9,0,162,129
2024-07-01,Monday,0,7,Kottu,0,None,0,27.1,2.0,0,199,146
2024-07-01,Monday,0,7,Short Eats,0,None,0,29.6,3.5,0,99,77
2024-07-01,Monday,0,7,Beverages,0,None,0,29.6,0.1,0,93,84
2024-07-02,Tuesday,0,7,Rice & Curry,0,None,0,29.9,2.4,0,161,129
2024-07-02,Tuesday,0,7,Fried Rice,0,None,0,27.8,0.0,0,103,97
2024-07-02,Tuesday,0,7,Kottu,0,None,0,29.1,2.0,0,129,115
2024-07-02,Tuesday,0,7,Short Eats,0,None,0,27.4,9.2,0,147,130
2024-07-02,Tuesday,0,7,Beverages,0,None,0,29.7,6.6,0,112,84
2024-07-03,Wednesday,0,7,Rice & Curry,0,None,0,29.5,4.5,0,106,83
2024-07-03,Wednesday,0,7,Fried Rice,0,None,0,27.2,0.0,0,192,176
2024-07-03,Wednesday,0,7,Kottu,0,None,0,29.5,0.6,0,165,151
2024-07-03,Wednesday,0,7,Short Eats,0,None,0,27.8,1.0,0,92,75
2024-07-03,Wednesday,0,7,Beverages,0,None,0,26.1,5.3,0,150,111
2024-07-04,Thursday,0,7,Rice & Curry,0,None,0,31.0,5.9,0,108,90
2024-07-04,Thursday,0,7,Fried Rice,0,None,0,31.5,1.2,0,148,139
2024-07-04,Thursday,0,7,Kottu,0,None,0,31.7,0.9,0,85,62
2024-07-04,Thursday,0,7,Short Eats,0,None,0,29.2,1.2,0,142,116
2024-07-04,Thursday,0,7,Beverages,0,None,0,31.5,5.5,0,97,86
2024-07-05,Friday,0,7,Rice & Curry,0,None,0,29.6,3.9,0,82,70
2024-07-05,Friday,0,7,Fried Rice,0,None,0,26.1,0.1,0,123,102
2024-07-05,Friday,0,7,Kottu,0,None,0,31.8,4.3,0,143,128
2024-07-05,Friday,0,7,Short Eats,0,None,0,28.1,0.1,0,150,137
2024-07-05,Friday,0,7,Beverages,0,None,0,30.5,1.7,0,123,104
2024-07-06,Saturday,1,7,Rice & Curry,0,None,0,32.9,1.1,0,141,160
2024-07-06,Saturday,1,7,Fried Rice,0,None,0,27.4,3.4,0,152,128
2024-07-06,Saturday,1,7,Kottu,0,None,0,31.1,4.3,0,94,104
2024-07-06,Saturday,1,7,Short Eats,0,None,0,27.5,4.0,0,85,91
2024-07-06,Saturday,1,7,Beverages,0,None,0,27.9,2.6,0,192,181
2024-07-07,Sunday,1,7,Rice & Curry,0,None,0,27.2,2.2,0,98,98
2024-07-07,Sunday,1,7,Fried Rice,0,None,0,29.6,1.2,0,196,189
2024-07-07,Sunday,1,7,Kottu,0,None,0,26.7,9.5,0,88,92
2024-07-07,Sunday,1,7,Short Eats,0,None,0,32.6,3.1,0,99,103
2024-07-07,Sunday,1,7,Beverages,0,None,0,30.5,0.1,0,80,68
2024-07-08,Monday,0,7,Rice & Curry,0,None,0,27.8,2.9,0,145,103
2024-07-08,Monday,0,7,Fried Rice,0,None,0,29.4,5.0,0,139,129
2024-07-08,Monday,0,7,Kottu,0,None,0,30.5,2.1,0,115,87
2024-07-08,Monday,0,7,Short Eats,0,None,0,31.4,14.2,0,193,168
2024-07-08,Monday,0,7,Beverages,0,None,0,29.9,6.2,0,198,151
2024-07-09,Tuesday,0,7,Rice & Curry,0,None,0,30.2,0.1,0,136,99
2024-07-09,Tuesday,0,7,Fried Rice,0,None,0,31.8,1.2,0,106,82
2024-07-09,Tuesday,0,7,Kottu,0,None,0,32.1,5.8,0,104,85
2024-07-09,Tuesday,0,7,Short Eats,0,None,0,28.6,1.7,0,175,154
2024-07-09,Tuesday,0,7,Beverages,0,None,0,32.0,2.6,0,190,156
2024-07-10,Wednesday,0,7,Rice & Curry,0,None,0,31.5,2.6,0,123,98
2024-07-10,Wednesday,0,7,Fried Rice,0,None,0,28.6,0.0,0,158,146
2024-07-10,Wednesday,0,7,Kottu,0,None,0,27.1,21.6,1,196,119
2024-07-10,Wednesday,0,7,Short Eats,0,None,0,27.1,6.2,0,184,162
2024-07-10,Wednesday,0,7,Beverages,0,None,0,31.7,7.8,0,137,110
2024-07-11,Thursday,0,7,Rice & Curry,0,None,0,31.8,4.6,0,139,111
2024-07-11,Thursday,0,7,Fried Rice,0,None,0,31.9,1.8,0,194,136
2024-07-11,Thursday,0,7,Kottu,0,None,0,26.3,9.4,0,105,75
2024-07-11,Thursday,0,7,Short Eats,0,None,0,30.0,8.0,0,117,107
2024-07-11,Thursday,0,7,Beverages,0,None,0,29.4,1.6,0,198,146
2024-07-12,Friday,0,7,Rice & Curry,0,None,0,31.9,2.9,0,184,159
2024-07-12,Friday,0,7,Fried Rice,0,None,0,32.8,5.2,0,116,94
2024-07-12,Friday,0,7,Kottu,0,None,0,27.4,9.7,0,119,106
2024-07-12,Friday,0,7,Short Eats,0,None,0,27.4,5.0,0,117,88
2024-07-12,Friday,0,7,Beverages,0,None,0,30.2,0.4,0,104,84
2024-07-13,Saturday,1,7,Rice & Curry,0,None,0,31.4,5.3,0,109,105
2024-07-13,Saturday,1,7,Fried Rice,0,None,0,30.0,1.8,0,148,134
2024-07-13,Saturday,1,7,Kottu,0,None,0,31.0,1.8,0,110,119
2024-07-13,Saturday,1,7,Short Eats,0,None,0,27.3,1.4,0,140,126
2024-07-13,Saturday,1,7,Beverages,0,None,0,32.9,6.5,0,161,170
2024-07-14,Sunday,1,7,Rice & Curry,0,None,1,26.7,5.1,0,88,80
2024-07-14,Sunday,1,7,Fried Rice,0,None,1,32.0,5.4,0,88,84
2024-07-14,Sunday,1,7,Kottu,0,None,1,27.0,3.3,0,136,128
2024-07-14,Sunday,1,7,Short Eats,0,None,1,32.7,9.6,0,195,174
2024-07-14,Sunday,1,7,Beverages,0,None,1,26.2,1.6,0,96,84
2024-07-15,Monday,0,7,Rice & Curry,0,None,1,31.3,2.6,0,137,128
2024-07-15,Monday,0,7,Fried Rice,0,None,1,26.9,1.0,0,94,76
2024-07-15,Monday,0,7,Kottu,0,None,1,27.9,8.2,0,119,99
2024-07-15,Monday,0,7,Short Eats,0,None,1,30.5,1.1,0,95,77
2024-07-15,Monday,0,7,Beverages,0,None,1,33.0,7.2,0,110,86
2024-07-16,Tuesday,0,7,Rice & Curry,0,None,0,30.0,16.0,0,161,113
2024-07-16,Tuesday,0,7,Fried Rice,0,None,0,28.1,0.5,0,109,93
2024-07-16,Tuesday,0,7,Kottu,0,None,0,26.6,6.9,0,157,147
2024-07-16,Tuesday,0,7,Short Eats,0,None,0,26.4,0.0,0,195,140
2024-07-16,Tuesday,0,7,Beverages,0,None,0,26.6,2.2,0,147,113
2024-07-17,Wednesday,0,7,Rice & Curry,0,None,0,29.6,2.3,0,190,177
2024-07-17,Wednesday,0,7,Fried Rice,0,None,0,29.7,1.7,0,185,137
2024-07-17,Wednesday,0,7,Kottu,0,None,0,28.4,5.4,0,140,126
2024-07-17,Wednesday,0,7,Short Eats,0,None,0,31.5,15.2,0,161,136
2024-07-17,Wednesday,0,7,Beverages,0,None,0,29.4,3.2,0,117,93
2024-07-18,Thursday,0,7,Rice & Curry,0,None,0,31.2,3.7,0,145,129
2024-07-18,Thursday,0,7,Fried Rice,0,None,0,27.0,0.3,0,122,111
2024-07-18,Thursday,0,7,Kottu,0,None,0,32.5,5.5,0,150,112
2024-07-18,Thursday,0,7,Short Eats,0,None,0,29.4,7.1,0,110,94
2024-07-18,Thursday,0,7,Beverages,0,None,0,26.9,3.5,0,118,92
2024-07-19,Friday,0,7,Rice & Curry,0,None,0,32.4,8.2,0,127,96
2024-07-19,Friday,0,7,Fried Rice,0,None,0,29.4,4.5,0,143,129
2024-07-19,Friday,0,7,Kottu,0,None,0,29.2,1.6,0,121,99
2024-07-19,Friday,0,7,Short Eats,0,None,0,32.3,7.2,0,93,86
2024-07-19,Friday,0,7,Beverages,0,None,0,32.6,2.0,0,183,160
2024-07-20,Saturday,1,7,Rice & Curry,0,None,0,31.2,0.8,0,191,195
2024-07-20,Saturday,1,7,Fried Rice,0,None,0,29.3,8.0,0,152,171
2024-07-20,Saturday,1,7,Kottu,0,None,0,28.6,0.2,0,136,150
2024-07-20,Saturday,1,7,Short Eats,0,None,0,31.1,10.5,0,138,117
2024-07-20,Saturday,1,7,Beverages,0,None,0,30.4,2.2,0,135,123
2024-07-21,Sunday,1,7,Rice & Curry,0,None,0,26.7,1.2,0,105,112
2024-07-21,Sunday,1,7,Fried Rice,0,None,0,32.6,3.6,0,198,210
2024-07-21,Sunday,1,7,Kottu,0,None,0,27.1,9.7,0,166,168
2024-07-21,Sunday,1,7,Short Eats,0,None,0,27.4,1.3,0,192,217
2024-07-21,Sunday,1,7,Beverages,0,None,0,30.3,11.0,0,105,99
2024-07-22,Monday,0,7,Rice & Curry,0,None,0,32.3,1.4,0,109,100
2024-07-22,Monday,0,7,Fried Rice,0,None,0,29.6,20.0,0,144,109
2024-07-22,Monday,0,7,Kottu,0,None,0,29.9,5.8,0,138,101
2024-07-22,Monday,0,7,Short Eats,0,None,0,28.6,0.1,0,130,123
2024-07-22,Monday,0,7,Beverages,0,None,0,31.7,2.5,0,84,69
2024-07-23,Tuesday,0,7,Rice & Curry,0,None,0,29.6,0.6,0,188,140
2024-07-23,Tuesday,0,7,Fried Rice,0,None,0,31.7,9.8,0,84,64
2024-07-23,Tuesday,0,7,Kottu,0,None,0,26.3,3.5,0,151,132
2024-07-23,Tuesday,0,7,Short Eats,0,None,0,29.2,1.1,0,163,145
2024-07-23,Tuesday,0,7,Beverages,0,None,0,29.5,9.0,0,98,93
2024-07-24,Wednesday,0,7,Rice & Curry,0,None,0,27.3,0.4,0,83,78
2024-07-24,Wednesday,0,7,Fried Rice,0,None,0,27.9,0.9,0,106,90
2024-07-24,Wednesday,0,7,Kottu,0,None,0,27.8,9.6,0,159,133
2024-07-24,Wednesday,0,7,Short Eats,0,None,0,30.6,2.7,0,93,75
2024-07-24,Wednesday,0,7,Beverages,0,None,0,26.1,3.8,0,99,88
2024-07-25,Thursday,0,7,Rice & Curry,0,None,0,27.6,1.0,0,131,103
2024-07-25,Thursday,0,7,Fried Rice,0,None,0,29.4,15.4,0,131,104
2024-07-25,Thursday,0,7,Kottu,0,None,0,30.1,5.1,0,128,98
2024-07-25,Thursday,0,7,Short Eats,0,None,0,29.7,3.7,0,151,143
2024-07-25,Thursday,0,7,Beverages,0,None,0,28.4,4.9,0,165,130
2024-07-26,Friday,0,7,Rice & Curry,0,None,0,29.8,4.5,0,113,84
2024-07-26,Friday,0,7,Fried Rice,0,None,0,27.8,0.1,0,166,117
2024-07-26,Friday,0,7,Kottu,0,None,0,30.4,1.2,0,192,139
2024-07-26,Friday,0,7,Short Eats,0,None,0,30.3,0.4,0,119,84
2024-07-26,Friday,0,7,Beverages,0,None,0,32.9,4.6,0,165,145
2024-07-27,Saturday,1,7,Rice & Curry,0,None,0,26.5,6.9,0,135,147
2024-07-27,Saturday,1,7,Fried Rice,0,None,0,26.1,4.2,0,143,163
2024-07-27,Saturday,1,7,Kottu,0,None,0,27.6,3.9,0,179,157
2024-07-27,Saturday,1,7,Short Eats,0,None,0,29.4,3.9,0,167,173
2024-07-27,Saturday,1,7,Beverages,0,None,0,30.0,3.2,0,169,157
2024-07-28,Sunday,1,7,Rice & Curry,0,None,0,32.4,8.1,0,92,95
2024-07-28,Sunday,1,7,Fried Rice,0,None,0,31.5,6.1,0,106,116
2024-07-28,Sunday,1,7,Kottu,0,None,0,31.9,2.6,0,118,108
2024-07-28,Sunday,1,7,Short Eats,0,None,0,28.0,0.2,0,151,151
2024-07-28,Sunday,1,7,Beverages,0,None,0,27.8,1.8,0,114,127
2024-07-29,Monday,0,7,Rice & Curry,0,None,0,31.8,3.2,0,182,165
2024-07-29,Monday,0,7,Fried Rice,0,None,0,28.9,2.9,0,199,146
2024-07-29,Monday,0,7,Kottu,0,None,0,28.9,1.7,0,143,131
2024-07-29,Monday,0,7,Short Eats,0,None,0,29.2,0.1,0,152,126
2024-07-29,Monday,0,7,Beverages,0,None,0,27.7,0.8,0,132,110
2024-07-30,Tuesday,0,7,Rice & Curry,0,None,0,30.8,2.5,0,117,103
2024-07-30,Tuesday,0,7,Fried Rice,0,None,0,30.8,2.5,0,187,143
2024-07-30,Tuesday,0,7,Kottu,0,None,0,32.2,1.6,0,114,104
2024-07-30,Tuesday,0,7,Short Eats,0,None,0,32.1,0.7,0,184,137
2024-07-30,Tuesday,0,7,Beverages,0,None,0,26.2,2.9,0,193,178
2024-07-31,Wednesday,0,7,Rice & Curry,0,None,0,27.6,10.6,0,132,125
2024-07-31,Wednesday,0,7,Fried Rice,0,None,0,30.7,1.1,0,129,107
2024-07-31,Wednesday,0,7,Kottu,0,None,0,27.2,1.5,0,185,149
2024-07-31,Wednesday,0,7,Short Eats,0,None,0,32.7,5.1,0,159,118
2024-07-31,Wednesday,0,7,Beverages,0,None,0,26.2,4.0,0,102,93
2024-08-01,Thursday,0,8,Rice & Curry,0,None,0,30.8,9.1,0,173,160
2024-08-01,Thursday,0,8,Fried Rice,0,None,0,31.5,3.9,0,180,133
2024-08-01,Thursday,0,8,Kottu,0,None,0,30.9,1.4,0,185,163
2024-08-01,Thursday,0,8,Short Eats,0,None,0,32.8,1.2,0,165,142
2024-08-01,Thursday,0,8,Beverages,0,None,0,29.3,4.5,0,129,97
2024-08-02,Friday,0,8,Rice & Curry,0,None,0,27.8,2.9,0,116,98
2024-08-02,Friday,0,8,Fried Rice,0,None,0,30.5,2.4,0,139,117
2024-08-02,Friday,0,8,Kottu,0,None,0,31.4,1.6,0,144,101
2024-08-02,Friday,0,8,Short Eats,0,None,0,28.6,1.3,0,174,142
2024-08-02,Friday,0,8,Beverages,0,None,0,28.2,1.2,0,110,81
2024-08-03,Saturday,1,8,Rice & Curry,0,None,0,31.3,0.4,0,120,102
2024-08-03,Saturday,1,8,Fried Rice,0,None,0,30.9,1.2,0,196,211
2024-08-03,Saturday,1,8,Kottu,0,None,0,32.5,4.4,0,198,201
2024-08-03,Saturday,1,8,Short Eats,0,None,0,29.5,8.3,0,186,171
2024-08-03,Saturday,1,8,Beverages,0,None,0,28.1,2.9,0,124,139
2024-08-04,Sunday,1,8,Rice & Curry,0,None,0,31.8,0.2,0,142,159
2024-08-04,Sunday,1,8,Fried Rice,0,None,0,26.4,1.8,0,173,165
2024-08-04,Sunday,1,8,Kottu,0,None,0,29.0,15.5,0,84,83
2024-08-04,Sunday,1,8,Short Eats,0,None,0,26.3,3.5,0,128,139
2024-08-04,Sunday,1,8,Beverages,0,None,0,28.5,2.3,0,137,130
2024-08-05,Monday,0,8,Rice & Curry,0,None,0,32.5,7.1,0,156,148
2024-08-05,Monday,0,8,Fried Rice,0,None,0,31.0,0.7,0,195,167
2024-08-05,Monday,0,8,Kottu,0,None,0,27.0,3.0,0,85,78
2024-08-05,Monday,0,8,Short Eats,0,None,0,30.0,1.7,0,132,125
2024-08-05,Monday,0,8,Beverages,0,None,0,32.1,1.8,0,101,77
2024-08-06,Tuesday,0,8,Rice & Curry,0,None,0,31.2,6.6,0,146,116
2024-08-06,Tuesday,0,8,Fried Rice,0,None,0,26.5,5.0,0,120,111
2024-08-06,Tuesday,0,8,Kottu,0,None,0,27.6,9.6,0,169,136
2024-08-06,Tuesday,0,8,Short Eats,0,None,0,28.1,9.8,0,127,91
2024-08-06,Tuesday,0,8,Beverages,0,None,0,31.0,3.0,0,177,148
2024-08-07,Wednesday,0,8,Rice & Curry,0,None,0,26.6,6.2,0,156,131
2024-08-07,Wednesday,0,8,Fried Rice,0,None,0,27.8,12.5,0,128,115
2024-08-07,Wednesday,0,8,Kottu,0,None,0,32.8,0.2,0,144,109
2024-08-07,Wednesday,0,8,Short Eats,0,None,0,29.4,8.2,0,173,148
2024-08-07,Wednesday,0,8,Beverages,0,None,0,28.5,1.6,0,162,120
2024-08-08,Thursday,0,8,Rice & Curry,0,None,0,31.5,1.2,0,85,76
2024-08-08,Thursday,0,8,Fried Rice,0,None,0,28.0,2.1,0,137,115
2024-08-08,Thursday,0,8,Kottu,0,None,0,27.0,4.9,0,143,135
2024-08-08,Thursday,0,8,Short Eats,0,None,0,32.1,1.0,0,151,125
2024-08-08,Thursday,0,8,Beverages,0,None,0,29.4,3.5,0,134,103
2024-08-09,Friday,0,8,Rice & Curry,0,None,0,31.4,2.5,0,104,75
2024-08-09,Friday,0,8,Fried Rice,0,None,0,31.5,1.9,0,117,86
2024-08-09,Friday,0,8,Kottu,0,None,0,31.2,3.7,0,98,92
2024-08-09,Friday,0,8,Short Eats,0,None,0,32.1,0.0,0,117,95
2024-08-09,Friday,0,8,Beverages,0,None,0,28.4,1.7,0,95,81
2024-08-10,Saturday,1,8,Rice & Curry,0,None,0,28.6,9.4,0,120,107
2024-08-10,Saturday,1,8,Fried Rice,0,None,0,26.9,3.6,0,178,159
2024-08-10,Saturday,1,8,Kottu,0,None,0,29.6,6.7,0,91,78
2024-08-10,Saturday,1,8,Short Eats,0,None,0,32.0,4.3,0,165,181
2024-08-10,Saturday,1,8,Beverages,0,None,0,32.3,0.9,0,164,186
2024-08-11,Sunday,1,8,Rice & Curry,0,None,0,32.1,8.9,0,84,83
2024-08-11,Sunday,1,8,Fried Rice,0,None,0,31.7,2.5,0,187,160
2024-08-11,Sunday,1,8,Kottu,0,None,0,31.2,2.8,0,103,100
2024-08-11,Sunday,1,8,Short Eats,0,None,0,30.4,1.4,0,117,108
2024-08-11,Sunday,1,8,Beverages,0,None,0,27.1,0.9,0,113,108
2024-08-12,Monday,0,8,Rice & Curry,0,None,0,31.7,3.4,0,122,104
2024-08-12,Monday,0,8,Fried Rice,0,None,0,27.1,6.3,0,99,93
2024-08-12,Monday,0,8,Kottu,0,None,0,26.5,1.4,0,179,162
2024-08-12,Monday,0,8,Short Eats,0,None,0,30.9,0.3,0,158,136
2024-08-12,Monday,0,8,Beverages,0,None,0,29.8,1.3,0,114,97
2024-08-13,Tuesday,0,8,Rice & Curry,0,None,0,28.3,6.1,0,117,92
2024-08-13,Tuesday,0,8,Fried Rice,0,None,0,31.2,7.5,0,83,75
2024-08-13,Tuesday,0,8,Kottu,0,None,0,27.1,0.3,0,104,90
2024-08-13,Tuesday,0,8,Short Eats,0,None,0,32.9,4.3,0,199,154
2024-08-13,Tuesday,0,8,Beverages,0,None,0,29.5,2.4,0,118,107
2024-08-14,Wednesday,0,8,Rice & Curry,0,None,1,32.5,3.9,0,85,80
2024-08-14,Wednesday,0,8,Fried Rice,0,None,1,27.9,5.0,0,106,90
2024-08-14,Wednesday,0,8,Kottu,0,None,1,32.6,0.2,0,165,146
2024-08-14,Wednesday,0,8,Short Eats,0,None,1,32.7,7.2,0,168,131
2024-08-14,Wednesday,0,8,Beverages,0,None,1,28.0,1.3,0,133,105
2024-08-15,Thursday,0,8,Rice & Curry,0,None,1,26.1,3.0,0,156,127
2024-08-15,Thursday,0,8,Fried Rice,0,None,1,26.1,0.1,0,119,88
2024-08-15,Thursday,0,8,Kottu,0,None,1,28.6,2.2,0,112,81
2024-08-15,Thursday,0,8,Short Eats,0,None,1,26.4,2.3,0,126,115
2024-08-15,Thursday,0,8,Beverages,0,None,1,30.8,0.9,0,133,108
2024-08-16,Friday,0,8,Rice & Curry,0,None,0,28.1,0.2,0,106,100
2024-08-16,Friday,0,8,Fried Rice,0,None,0,31.1,5.5,0,86,77
2024-08-16,Friday,0,8,Kottu,0,None,0,27.7,0.2,0,186,135
2024-08-16,Friday,0,8,Short Eats,0,None,0,31.9,6.7,0,92,72
2024-08-16,Friday,0,8,Beverages,0,None,0,27.7,0.0,0,163,139
2024-08-17,Saturday,1,8,Rice & Curry,0,None,0,31.0,1.4,0,177,180
2024-08-17,Saturday,1,8,Fried Rice,0,None,0,28.1,0.1,0,192,174
2024-08-17,Saturday,1,8,Kottu,0,None,0,26.5,3.0,0,190,205
2024-08-17,Saturday,1,8,Short Eats,0,None,0,29.0,2.4,0,134,138
2024-08-17,Saturday,1,8,Beverages,0,None,0,26.5,1.2,0,104,105
2024-08-18,Sunday,1,8,Rice & Curry,0,None,0,28.3,2.3,0,118,111
2024-08-18,Sunday,1,8,Fried Rice,0,None,0,28.3,3.3,0,149,158
2024-08-18,Sunday,1,8,Kottu,0,None,0,30.9,3.1,0,85,97
2024-08-18,Sunday,1,8,Short Eats,0,None,0,26.6,0.5,0,109,117
2024-08-18,Sunday,1,8,Beverages,0,None,0,30.1,0.3,0,196,216
2024-08-19,Monday,0,8,Rice & Curry,0,None,0,26.3,3.4,0,183,172
2024-08-19,Monday,0,8,Fried Rice,0,None,0,26.4,3.6,0,139,109
2024-08-19,Monday,0,8,Kottu,0,None,0,26.0,12.8,0,198,162
2024-08-19,Monday,0,8,Short Eats,0,None,0,26.7,3.8,0,195,145
2024-08-19,Monday,0,8,Beverages,0,None,0,28.2,1.5,0,142,122
2024-08-20,Tuesday,0,8,Rice & Curry,0,None,0,29.5,0.9,0,134,108
2024-08-20,Tuesday,0,8,Fried Rice,0,None,0,28.8,3.4,0,170,147
2024-08-20,Tuesday,0,8,Kottu,0,None,0,26.5,1.9,0,125,114
2024-08-20,Tuesday,0,8,Short Eats,0,None,0,28.2,14.2,0,99,70
2024-08-20,Tuesday,0,8,Beverages,0,None,0,27.3,11.3,0,165,117
2024-08-21,Wednesday,0,8,Rice & Curry,0,None,0,30.9,7.6,0,158,126
2024-08-21,Wednesday,0,8,Fried Rice,0,None,0,28.2,1.2,0,169,154
2024-08-21,Wednesday,0,8,Kottu,0,None,0,28.1,1.7,0,100,77
2024-08-21,Wednesday,0,8,Short Eats,0,None,0,29.1,4.2,0,187,137
2024-08-21,Wednesday,0,8,Beverages,0,None,0,31.8,2.1,0,150,139
2024-08-22,Thursday,0,8,Rice & Curry,0,None,0,26.1,4.5,0,116,91
2024-08-22,Thursday,0,8,Fried Rice,0,None,0,26.5,9.0,0,190,140
2024-08-22,Thursday,0,8,Kottu,0,None,0,31.4,3.9,0,114,98
2024-08-22,Thursday,0,8,Short Eats,0,None,0,29.5,0.1,0,165,138
2024-08-22,Thursday,0,8,Beverages,0,None,0,30.3,0.4,0,115,97
2024-08-23,Friday,0,8,Rice & Curry,0,None,0,27.5,11.9,0,144,134
2024-08-23,Friday,0,8,Fried Rice,0,None,0,28.8,0.9,0,174,160
2024-08-23,Friday,0,8,Kottu,0,None,0,31.2,8.1,0,108,100
2024-08-23,Friday,0,8,Short Eats,0,None,0,27.8,10.7,0,116,92
2024-08-23,Friday,0,8,Beverages,0,None,0,29.6,10.6,0,115,107
2024-08-24,Saturday,1,8,Rice & Curry,0,None,0,32.5,2.8,0,157,146
2024-08-24,Saturday,1,8,Fried Rice,0,None,0,30.3,9.3,0,94,90
2024-08-24,Saturday,1,8,Kottu,0,None,0,28.1,5.0,0,197,178
2024-08-24,Saturday,1,8,Short Eats,0,None,0,29.7,3.2,0,158,143
2024-08-24,Saturday,1,8,Beverages,0,None,0,28.6,1.8,0,171,179
2024-08-25,Sunday,1,8,Rice & Curry,0,None,0,32.5,5.1,0,115,106
2024-08-25,Sunday,1,8,Fried Rice,0,None,0,30.0,9.0,0,151,138
2024-08-25,Sunday,1,8,Kottu,0,None,0,29.7,1.4,0,101,112
2024-08-25,Sunday,1,8,Short Eats,0,None,0,31.9,19.6,0,148,142
2024-08-25,Sunday,1,8,Beverages,0,None,0,28.5,1.5,0,86,85
2024-08-26,Monday,0,8,Rice & Curry,0,None,0,30.2,0.8,0,158,132
2024-08-26,Monday,0,8,Fried Rice,0,None,0,29.1,3.3,0,169,149
2024-08-26,Monday,0,8,Kottu,0,None,0,31.1,2.9,0,191,162
2024-08-26,Monday,0,8,Short Eats,0,None,0,27.0,0.0,0,199,143
2024-08-26,Monday,0,8,Beverages,0,None,0,28.9,2.5,0,152,115
2024-08-27,Tuesday,0,8,Rice & Curry,0,None,0,27.4,0.8,0,122,108
2024-08-27,Tuesday,0,8,Fried Rice,0,None,0,29.1,4.9,0,123,92
2024-08-27,Tuesday,0,8,Kottu,0,None,0,28.0,2.6,0,138,109
2024-08-27,Tuesday,0,8,Short Eats,0,None,0,27.0,10.3,0,191,148
2024-08-27,Tuesday,0,8,Beverages,0,None,0,29.2,0.3,0,97,75
2024-08-28,Wednesday,0,8,Rice & Curry,0,None,0,32.9,0.2,0,81,76
2024-08-28,Wednesday,0,8,Fried Rice,0,None,0,27.4,8.6,0,196,141
2024-08-28,Wednesday,0,8,Kottu,0,None,0,26.2,5.5,0,189,150
2024-08-28,Wednesday,0,8,Short Eats,0,None,0,27.3,2.3,0,80,61
2024-08-28,Wednesday,0,8,Beverages,0,None,0,26.5,1.8,0,98,84
2024-08-29,Thursday,0,8,Rice & Curry,0,None,0,29.8,4.3,0,183,158
2024-08-29,Thursday,0,8,Fried Rice,0,None,0,28.2,5.5,0,193,172
2024-08-29,Thursday,0,8,Kottu,0,None,0,32.8,0.2,0,157,147
2024-08-29,Thursday,0,8,Short Eats,0,None,0,30.0,1.8,0,161,140
2024-08-29,Thursday,0,8,Beverages,0,None,0,27.6,2.8,0,153,117
2024-08-30,Friday,0,8,Rice & Curry,0,None,0,32.0,0.7,0,106,86
2024-08-30,Friday,0,8,Fried Rice,0,None,0,27.2,4.0,0,88,62
2024-08-30,Friday,0,8,Kottu,0,None,0,30.2,0.6,0,193,153
2024-08-30,Friday,0,8,Short Eats,0,None,0,27.5,6.0,0,90,66
2024-08-30,Friday,0,8,Beverages,0,None,0,29.4,2.0,0,170,152
2024-08-31,Saturday,1,8,Rice & Curry,0,None,0,27.6,3.0,0,172,178
2024-08-31,Saturday,1,8,Fried Rice,0,None,0,26.1,7.1,0,191,186
2024-08-31,Saturday,1,8,Kottu,0,None,0,26.1,2.2,0,153,154
2024-08-31,Saturday,1,8,Short Eats,0,None,0,30.6,0.7,0,109,93
2024-08-31,Saturday,1,8,Beverages,0,None,0,28.0,2.8,0,164,173
2024-09-01,Sunday,1,9,Rice & Curry,0,None,0,26.3,2.1,0,183,194
2024-09-01,Sunday,1,9,Fried Rice,0,None,0,27.8,1.2,0,160,163
2024-09-01,Sunday,1,9,Kottu,0,None,0,28.5,2.6,0,138,157
2024-09-01,Sunday,1,9,Short Eats,0,None,0,29.5,5.9,0,110,99
2024-09-01,Sunday,1,9,Beverages,0,None,0,27.5,0.0,0,94,102
2024-09-02,Monday,0,9,Rice & Curry,0,None,0,27.1,2.3,0,125,117
2024-09-02,Monday,0,9,Fried Rice,0,None,0,29.5,10.0,0,154,122
2024-09-02,Monday,0,9,Kottu,0,None,0,30.7,4.0,0,152,107
2024-09-02,Monday,0,9,Short Eats,0,None,0,31.0,1.7,0,142,115
2024-09-02,Monday,0,9,Beverages,0,None,0,28.6,4.9,0,80,59
2024-09-03,Tuesday,0,9,Rice & Curry,0,None,0,28.4,2.1,0,182,128
2024-09-03,Tuesday,0,9,Fried Rice,0,None,0,30.9,4.1,0,132,120
2024-09-03,Tuesday,0,9,Kottu,0,None,0,26.5,11.4,0,118,102
2024-09-03,Tuesday,0,9,Short Eats,0,None,0,26.4,0.7,0,159,142
2024-09-03,Tuesday,0,9,Beverages,0,None,0,30.2,4.1,0,104,76
2024-09-04,Wednesday,0,9,Rice & Curry,0,None,0,31.8,4.9,0,154,132
2024-09-04,Wednesday,0,9,Fried Rice,0,None,0,27.1,5.1,0,143,115
2024-09-04,Wednesday,0,9,Kottu,0,None,0,29.5,0.2,0,147,107
2024-09-04,Wednesday,0,9,Short Eats,0,None,0,31.7,4.3,0,104,73
2024-09-04,Wednesday,0,9,Beverages,0,None,0,32.5,7.6,0,196,185
2024-09-05,Thursday,0,9,Rice & Curry,0,None,0,27.4,0.2,0,116,89
2024-09-05,Thursday,0,9,Fried Rice,0,None,0,29.5,13.6,0,190,160
2024-09-05,Thursday,0,9,Kottu,0,None,0,28.8,5.9,0,151,138
2024-09-05,Thursday,0,9,Short Eats,0,None,0,29.3,8.1,0,194,162
2024-09-05,Thursday,0,9,Beverages,0,None,0,26.7,0.6,0,86,79
2024-09-06,Friday,0,9,Rice & Curry,0,None,0,32.6,0.2,0,129,106
2024-09-06,Friday,0,9,Fried Rice,0,None,0,32.0,0.4,0,84,65
2024-09-06,Friday,0,9,Kottu,0,None,0,29.9,4.9,0,175,145
2024-09-06,Friday,0,9,Short Eats,0,None,0,29.9,2.1,0,135,106
2024-09-06,Friday,0,9,Beverages,0,None,0,26.8,2.8,0,171,155
2024-09-07,Saturday,1,9,Rice & Curry,0,None,0,27.4,0.9,0,175,175
2024-09-07,Saturday,1,9,Fried Rice,0,None,0,28.6,0.3,0,159,181
2024-09-07,Saturday,1,9,Kottu,0,None,0,32.9,5.5,0,148,138
2024-09-07,Saturday,1,9,Short Eats,0,None,0,29.1,3.1,0,149,168
2024-09-07,Saturday,1,9,Beverages,0,None,0,26.6,2.3,0,178,170
2024-09-08,Sunday,1,9,Rice & Curry,0,None,0,30.2,2.9,0,123,131
2024-09-08,Sunday,1,9,Fried Rice,0,None,0,30.5,1.1,0,92,79
2024-09-08,Sunday,1,9,Kottu,0,None,0,32.0,0.4,0,109,119
2024-09-08,Sunday,1,9,Short Eats,0,None,0,29.4,3.0,0,184,158
2024-09-08,Sunday,1,9,Beverages,0,None,0,27.5,0.5,0,136,147
2024-09-09,Monday,0,9,Rice & Curry,0,None,0,30.7,3.1,0,131,113
2024-09-09,Monday,0,9,Fried Rice,0,None,0,30.3,2.1,0,187,161
2024-09-09,Monday,0,9,Kottu,0,None,0,32.5,0.7,0,134,94
2024-09-09,Monday,0,9,Short Eats,0,None,0,30.6,0.9,0,161,138
2024-09-09,Monday,0,9,Beverages,0,None,0,29.7,0.2,0,129,111
2024-09-10,Tuesday,0,9,Rice & Curry,0,None,0,29.3,14.2,0,109,85
2024-09-10,Tuesday,0,9,Fried Rice,0,None,0,26.2,5.5,0,128,93
2024-09-10,Tuesday,0,9,Kottu,0,None,0,32.5,6.5,0,178,163
2024-09-10,Tuesday,0,9,Short Eats,0,None,0,32.0,1.9,0,87,74
2024-09-10,Tuesday,0,9,Beverages,0,None,0,28.9,13.9,0,81,75
2024-09-11,Wednesday,0,9,Rice & Curry,0,None,0,27.4,0.1,0,111,78
2024-09-11,Wednesday,0,9,Fried Rice,0,None,0,27.7,1.6,0,166,129
2024-09-11,Wednesday,0,9,Kottu,0,None,0,28.4,4.6,0,129,102
2024-09-11,Wednesday,0,9,Short Eats,0,None,0,32.3,16.0,0,110,82
2024-09-11,Wednesday,0,9,Beverages,0,None,0,31.4,1.0,0,171,121
2024-09-12,Thursday,0,9,Rice & Curry,0,None,0,32.6,10.4,0,148,130
2024-09-12,Thursday,0,9,Fried Rice,0,None,0,29.9,7.7,0,97,77
2024-09-12,Thursday,0,9,Kottu,0,None,0,31.2,9.1,0,154,142
2024-09-12,Thursday,0,9,Short Eats,0,None,0,27.2,0.6,0,117,101
2024-09-12,Thursday,0,9,Beverages,0,None,0,27.4,2.0,0,101,81
2024-09-13,Friday,0,9,Rice & Curry,0,None,0,27.1,10.2,0,199,184
2024-09-13,Friday,0,9,Fried Rice,0,None,0,32.2,1.5,0,157,132
2024-09-13,Friday,0,9,Kottu,0,None,0,30.8,3.6,0,143,111
2024-09-13,Friday,0,9,Short Eats,0,None,0,28.8,4.7,0,135,96
2024-09-13,Friday,0,9,Beverages,0,None,0,26.3,8.2,0,148,133
2024-09-14,Saturday,1,9,Rice & Curry,0,None,1,26.5,4.7,0,94,93
2024-09-14,Saturday,1,9,Fried Rice,0,None,1,32.1,1.8,0,190,203
2024-09-14,Saturday,1,9,Kottu,0,None,1,29.6,8.9,0,162,181
2024-09-14,Saturday,1,9,Short Eats,0,None,1,29.8,2.8,0,142,122
2024-09-14,Saturday,1,9,Beverages,0,None,1,32.6,4.1,0,146,152
2024-09-15,Sunday,1,9,Rice & Curry,0,None,1,33.0,0.4,0,137,143
2024-09-15,Sunday,1,9,Fried Rice,0,None,1,32.7,1.2,0,89,98
2024-09-15,Sunday,1,9,Kottu,0,None,1,29.7,0.9,0,89,76
2024-09-15,Sunday,1,9,Short Eats,0,None,1,32.3,0.2,0,83,92
2024-09-15,Sunday,1,9,Beverages,0,None,1,29.4,2.5,0,81,89
2024-09-16,Monday,0,9,Rice & Curry,0,None,0,29.3,0.4,0,86,61
2024-09-16,Monday,0,9,Fried Rice,0,None,0,27.9,0.0,0,188,151
2024-09-16,Monday,0,9,Kottu,0,None,0,26.6,0.4,0,93,79
2024-09-16,Monday,0,9,Short Eats,0,None,0,27.8,10.3,0,170,160
2024-09-16,Monday,0,9,Beverages,0,None,0,32.2,1.2,0,140,123
2024-09-17,Tuesday,0,9,Rice & Curry,0,None,0,28.6,5.0,0,187,154
2024-09-17,Tuesday,0,9,Fried Rice,0,None,0,31.4,0.7,0,176,124
2024-09-17,Tuesday,0,9,Kottu,0,None,0,26.9,4.3,0,161,118
2024-09-17,Tuesday,0,9,Short Eats,0,None,0,30.2,2.4,0,176,164
2024-09-17,Tuesday,0,9,Beverages,0,None,0,27.2,5.1,0,174,133
2024-09-18,Wednesday,0,9,Rice & Curry,0,None,0,27.9,5.1,0,94,67
2024-09-18,Wednesday,0,9,Fried Rice,0,None,0,26.6,0.2,0,100,78
2024-09-18,Wednesday,0,9,Kottu,0,None,0,27.6,3.2,0,100,93
2024-09-18,Wednesday,0,9,Short Eats,0,None,0,28.6,0.2,0,93,84
2024-09-18,Wednesday,0,9,Beverages,0,None,0,26.1,3.2,0,150,110
2024-09-19,Thursday,0,9,Rice & Curry,0,None,0,31.7,22.2,1,92,63
2024-09-19,Thursday,0,9,Fried Rice,0,None,0,29.5,1.9,0,197,157
2024-09-19,Thursday,0,9,Kottu,0,None,0,32.3,3.3,0,107,95
2024-09-19,Thursday,0,9,Short Eats,0,None,0,30.8,5.4,0,155,110
2024-09-19,Thursday,0,9,Beverages,0,None,0,28.3,2.5,0,130,122
2024-09-20,Friday,0,9,Rice & Curry,0,None,0,30.1,0.0,0,130,123
2024-09-20,Friday,0,9,Fried Rice,0,None,0,27.9,8.3,0,85,67
2024-09-20,Friday,0,9,Kottu,0,None,0,32.8,1.5,0,108,97
2024-09-20,Friday,0,9,Short Eats,0,None,0,29.7,1.4,0,176,146
2024-09-20,Friday,0,9,Beverages,0,None,0,29.3,7.9,0,146,118
2024-09-21,Saturday,1,9,Rice & Curry,0,None,0,30.0,8.4,0,123,118
2024-09-21,Saturday,1,9,Fried Rice,0,None,0,32.5,12.0,0,199,212
2024-09-21,Saturday,1,9,Kottu,0,None,0,27.4,1.9,0,139,118
2024-09-21,Saturday,1,9,Short Eats,0,None,0,32.2,4.1,0,152,146
2024-09-21,Saturday,1,9,Beverages,0,None,0,29.1,7.6,0,165,181
2024-09-22,Sunday,1,9,Rice & Curry,0,None,0,31.2,11.9,0,85,86
2024-09-22,Sunday,1,9,Fried Rice,0,None,0,27.1,1.5,0,174,181
2024-09-22,Sunday,1,9,Kottu,0,None,0,28.6,6.2,0,149,167
2024-09-22,Sunday,1,9,Short Eats,0,None,0,27.5,5.9,0,116,119
2024-09-22,Sunday,1,9,Beverages,0,None,0,27.0,0.7,0,194,213
2024-09-23,Monday,0,9,Rice & Curry,0,None,0,32.0,0.1,0,99,88
2024-09-23,Monday,0,9,Fried Rice,0,None,0,29.0,1.1,0,175,136
2024-09-23,Monday,0,9,Kottu,0,None,0,32.6,0.8,0,124,117
2024-09-23,Monday,0,9,Short Eats,0,None,0,26.5,3.5,0,189,172
2024-09-23,Monday,0,9,Beverages,0,None,0,31.3,1.6,0,165,139
2024-09-24,Tuesday,0,9,Rice & Curry,0,None,0,27.6,0.3,0,158,114
2024-09-24,Tuesday,0,9,Fried Rice,0,None,0,31.9,5.1,0,198,155
2024-09-24,Tuesday,0,9,Kottu,0,None,0,29.9,3.6,0,174,134
2024-09-24,Tuesday,0,9,Short Eats,0,None,0,27.9,0.8,0,157,138
2024-09-24,Tuesday,0,9,Beverages,0,None,0,32.3,6.4,0,197,157
2024-09-25,Wednesday,0,9,Rice & Curry,0,None,0,28.3,1.1,0,127,110
2024-09-25,Wednesday,0,9,Fried Rice,0,None,0,28.0,4.1,0,141,104
2024-09-25,Wednesday,0,9,Kottu,0,None,0,27.4,3.9,0,80,60
2024-09-25,Wednesday,0,9,Short Eats,0,None,0,30.0,5.4,0,84,69
2024-09-25,Wednesday,0,9,Beverages,0,None,0,32.6,1.0,0,156,141
2024-09-26,Thursday,0,9,Rice & Curry,0,None,0,31.3,17.7,0,148,137
2024-09-26,Thursday,0,9,Fried Rice,0,None,0,31.4,1.0,0,107,85
2024-09-26,Thursday,0,9,Kottu,0,None,0,27.0,5.0,0,113,87
2024-09-26,Thursday,0,9,Short Eats,0,None,0,31.8,1.4,0,192,155
2024-09-26,Thursday,0,9,Beverages,0,None,0,30.7,2.2,0,174,134
2024-09-27,Friday,0,9,Rice & Curry,0,None,0,29.0,0.4,0,166,154
2024-09-27,Friday,0,9,Fried Rice,0,None,0,28.9,2.2,0,124,113
2024-09-27,Friday,0,9,Kottu,0,None,0,26.1,4.0,0,111,100
2024-09-27,Friday,0,9,Short Eats,0,None,0,30.3,0.5,0,138,116
2024-09-27,Friday,0,9,Beverages,0,None,0,26.2,2.5,0,90,75
2024-09-28,Saturday,1,9,Rice & Curry,0,None,0,30.7,0.1,0,141,155
2024-09-28,Saturday,1,9,Fried Rice,0,None,0,27.2,2.2,0,170,154
2024-09-28,Saturday,1,9,Kottu,0,None,0,28.2,13.2,0,170,161
2024-09-28,Saturday,1,9,Short Eats,0,None,0,32.0,3.2,0,190,216
2024-09-28,Saturday,1,9,Beverages,0,None,0,30.1,0.0,0,109,110
2024-09-29,Sunday,1,9,Rice & Curry,0,None,0,28.6,7.1,0,87,80
2024-09-29,Sunday,1,9,Fried Rice,0,None,0,27.9,1.4,0,187,176
2024-09-29,Sunday,1,9,Kottu,0,None,0,27.8,3.6,0,123,128
2024-09-29,Sunday,1,9,Short Eats,0,None,0,27.4,10.8,0,109,109
2024-09-29,Sunday,1,9,Beverages,0,None,0,31.3,5.8,0,150,131
2024-09-30,Monday,0,9,Rice & Curry,0,None,0,27.0,1.4,0,198,141
2024-09-30,Monday,0,9,Fried Rice,0,None,0,27.7,5.8,0,193,148
2024-09-30,Monday,0,9,Kottu,0,None,0,27.7,13.5,0,117,100
2024-09-30,Monday,0,9,Short Eats,0,None,0,27.6,0.2,0,99,78
2024-09-30,Monday,0,9,Beverages,0,None,0,29.1,4.9,0,101,94
2024-10-01,Tuesday,0,10,Rice & Curry,0,None,0,29.3,1.0,0,161,114
2024-10-01,Tuesday,0,10,Fried Rice,0,None,0,26.1,2.5,0,192,149
2024-10-01,Tuesday,0,10,Kottu,0,None,0,28.9,1.7,0,157,118
2024-10-01,Tuesday,0,10,Short Eats,0,None,0,29.8,0.5,0,143,110
2024-10-01,Tuesday,0,10,Beverages,0,None,0,28.1,11.6,0,171,150
2024-10-02,Wednesday,0,10,Rice & Curry,0,None,0,26.5,0.5,0,174,135
2024-10-02,Wednesday,0,10,Fried Rice,0,None,0,26.4,0.6,0,184,165
2024-10-02,Wednesday,0,10,Kottu,0,None,0,30.2,2.4,0,132,114
2024-10-02,Wednesday,0,10,Short Eats,0,None,0,31.4,7.9,0,110,83
2024-10-02,Wednesday,0,10,Beverages,0,None,0,26.3,11.6,0,113,97
2024-10-03,Thursday,0,10,Rice & Curry,0,None,0,27.0,5.8,0,157,111
2024-10-03,Thursday,0,10,Fried Rice,0,None,0,31.8,0.6,0,108,101
2024-10-03,Thursday,0,10,Kottu,0,None,0,28.4,2.8,0,169,132
2024-10-03,Thursday,0,10,Short Eats,0,None,0,27.2,7.8,0,106,98
2024-10-03,Thursday,0,10,Beverages,0,None,0,32.0,2.9,0,95,87
2024-10-04,Friday,0,10,Rice & Curry,0,None,0,28.5,12.1,0,146,118
2024-10-04,Friday,0,10,Fried Rice,0,None,0,31.9,3.6,0,116,93
2024-10-04,Friday,0,10,Kottu,0,None,0,26.0,1.3,0,130,112
2024-10-04,Friday,0,10,Short Eats,0,None,0,26.1,0.5,0,170,158
2024-10-04,Friday,0,10,Beverages,0,None,0,31.3,3.6,0,198,156
2024-10-05,Saturday,1,10,Rice & Curry,0,None,0,26.1,0.9,0,82,75
2024-10-05,Saturday,1,10,Fried Rice,0,None,0,31.1,2.2,0,127,116
2024-10-05,Saturday,1,10,Kottu,0,None,0,27.0,1.0,0,159,145
2024-10-05,Saturday,1,10,Short Eats,0,None,0,31.6,2.3,0,91,84
2024-10-05,Saturday,1,10,Beverages,0,None,0,27.3,8.6,0,91,83
2024-10-06,Sunday,1,10,Rice & Curry,0,None,0,27.4,2.2,0,96,92
2024-10-06,Sunday,1,10,Fried Rice,0,None,0,26.1,5.2,0,80,79
2024-10-06,Sunday,1,10,Kottu,0,None,0,26.3,6.8,0,110,125
2024-10-06,Sunday,1,10,Short Eats,0,None,0,28.5,3.8,0,153,158
2024-10-06,Sunday,1,10,Beverages,0,None,0,30.3,6.2,0,195,171
2024-10-07,Monday,0,10,Rice & Curry,0,None,0,31.1,1.3,0,188,173
2024-10-07,Monday,0,10,Fried Rice,0,None,0,32.8,2.2,0,120,97
2024-10-07,Monday,0,10,Kottu,0,None,0,31.9,3.6,0,84,69
2024-10-07,Monday,0,10,Short Eats,0,None,0,32.2,7.5,0,89,65
2024-10-07,Monday,0,10,Beverages,0,None,0,28.9,0.3,0,120,104
2024-10-08,Tuesday,0,10,Rice & Curry,0,None,0,26.6,4.6,0,152,121
2024-10-08,Tuesday,0,10,Fried Rice,0,None,0,31.3,3.0,0,158,141
2024-10-08,Tuesday,0,10,Kottu,0,None,0,27.8,2.4,0,85,77
2024-10-08,Tuesday,0,10,Short Eats,0,None,0,28.6,0.4,0,147,128
2024-10-08,Tuesday,0,10,Beverages,0,None,0,28.6,2.4,0,163,147
2024-10-09,Wednesday,0,10,Rice & Curry,0,None,0,26.9,13.2,0,144,119
2024-10-09,Wednesday,0,10,Fried Rice,0,None,0,29.5,10.7,0,99,92
2024-10-09,Wednesday,0,10,Kottu,0,None,0,26.7,0.5,0,84,64
2024-10-09,Wednesday,0,10,Short Eats,0,None,0,29.1,2.6,0,103,90
2024-10-09,Wednesday,0,10,Beverages,0,None,0,28.9,5.7,0,158,145
2024-10-10,Thursday,0,10,Rice & Curry,0,None,0,27.2,3.9,0,118,98
2024-10-10,Thursday,0,10,Fried Rice,0,None,0,29.0,4.2,0,143,115
2024-10-10,Thursday,0,10,Kottu,0,None,0,28.2,9.4,0,174,128
2024-10-10,Thursday,0,10,Short Eats,0,None,0,29.9,1.5,0,111,87
2024-10-10,Thursday,0,10,Beverages,0,None,0,30.7,0.1,0,166,127
2024-10-11,Friday,0,10,Rice & Curry,0,None,0,30.5,7.6,0,154,110
2024-10-11,Friday,0,10,Fried Rice,0,None,0,27.5,26.2,1,158,112
2024-10-11,Friday,0,10,Kottu,0,None,0,27.6,2.1,0,160,141
2024-10-11,Friday,0,10,Short Eats,0,None,0,28.2,7.1,0,94,76
2024-10-11,Friday,0,10,Beverages,0,None,0,27.8,0.3,0,135,100
2024-10-12,Saturday,1,10,Rice & Curry,0,None,0,28.8,1.7,0,89,90
2024-10-12,Saturday,1,10,Fried Rice,0,None,0,32.6,5.1,0,108,100
2024-10-12,Saturday,1,10,Kottu,0,None,0,28.9,6.2,0,89,84
2024-10-12,Saturday,1,10,Short Eats,0,None,0,32.8,2.7,0,97,89
2024-10-12,Saturday,1,10,Beverages,0,None,0,33.0,1.5,0,186,174
2024-10-13,Sunday,1,10,Rice & Curry,0,None,0,29.6,8.5,0,165,180
2024-10-13,Sunday,1,10,Fried Rice,0,None,0,32.2,0.7,0,184,182
2024-10-13,Sunday,1,10,Kottu,0,None,0,30.3,0.0,0,145,159
2024-10-13,Sunday,1,10,Short Eats,0,None,0,28.7,5.4,0,146,139
2024-10-13,Sunday,1,10,Beverages,0,None,0,27.0,4.9,0,192,185
2024-10-14,Monday,0,10,Rice & Curry,0,None,1,31.0,2.8,0,110,79
2024-10-14,Monday,0,10,Fried Rice,0,None,1,30.0,5.7,0,183,140
2024-10-14,Monday,0,10,Kottu,0,None,1,30.0,13.3,0,160,151
2024-10-14,Monday,0,10,Short Eats,0,None,1,26.6,9.3,0,113,89
2024-10-14,Monday,0,10,Beverages,0,None,1,27.6,1.7,0,187,155
2024-10-15,Tuesday,0,10,Rice & Curry,0,None,1,30.2,4.9,0,105,85
2024-10-15,Tuesday,0,10,Fried Rice,0,None,1,26.7,0.3,0,91,74
2024-10-15,Tuesday,0,10,Kottu,0,None,1,29.0,2.8,0,162,118
2024-10-15,Tuesday,0,10,Short Eats,0,None,1,32.1,3.3,0,134,118
2024-10-15,Tuesday,0,10,Beverages,0,None,1,31.7,4.5,0,134,111
2024-10-16,Wednesday,0,10,Rice & Curry,0,None,0,27.6,1.6,0,163,119
2024-10-16,Wednesday,0,10,Fried Rice,0,None,0,31.9,2.1,0,98,72
2024-10-16,Wednesday,0,10,Kottu,0,None,0,26.6,0.2,0,122,93
2024-10-16,Wednesday,0,10,Short Eats,0,None,0,26.0,2.7,0,94,87
2024-10-16,Wednesday,0,10,Beverages,0,None,0,31.7,2.9,0,160,115
2024-10-17,Thursday,0,10,Rice & Curry,0,None,0,28.0,6.1,0,114,83
2024-10-17,Thursday,0,10,Fried Rice,0,None,0,32.6,3.4,0,197,178
2024-10-17,Thursday,0,10,Kottu,0,None,0,26.8,1.2,0,86,68
2024-10-17,Thursday,0,10,Short Eats,0,None,0,31.2,2.9,0,131,103
2024-10-17,Thursday,0,10,Beverages,0,None,0,32.0,3.0,0,119,97
2024-10-18,Friday,0,10,Rice & Curry,0,None,0,32.3,1.6,0,192,173
2024-10-18,Friday,0,10,Fried Rice,0,None,0,31.3,1.2,0,121,89
2024-10-18,Friday,0,10,Kottu,0,None,0,27.5,4.3,0,95,70
2024-10-18,Friday,0,10,Short Eats,0,None,0,28.2,0.2,0,106,84
2024-10-18,Friday,0,10,Beverages,0,None,0,31.5,1.7,0,165,121
2024-10-19,Saturday,1,10,Rice & Curry,0,None,0,26.6,7.3,0,171,156
2024-10-19,Saturday,1,10,Fried Rice,0,None,0,27.4,14.0,0,178,161
2024-10-19,Saturday,1,10,Kottu,0,None,0,32.5,1.5,0,142,158
2024-10-19,Saturday,1,10,Short Eats,0,None,0,27.0,3.2,0,142,122
2024-10-19,Saturday,1,10,Beverages,0,None,0,31.5,3.7,0,125,108
2024-10-20,Sunday,1,10,Rice & Curry,0,None,0,31.3,2.7,0,115,112
2024-10-20,Sunday,1,10,Fried Rice,0,None,0,30.1,1.3,0,159,168
2024-10-20,Sunday,1,10,Kottu,0,None,0,32.2,1.5,0,155,162
2024-10-20,Sunday,1,10,Short Eats,0,None,0,31.4,7.2,0,80,91
2024-10-20,Sunday,1,10,Beverages,0,None,0,31.7,2.3,0,186,206
2024-10-21,Monday,0,10,Rice & Curry,0,None,0,26.2,1.9,0,153,123
2024-10-21,Monday,0,10,Fried Rice,0,None,0,26.1,6.7,0,153,122
2024-10-21,Monday,0,10,Kottu,0,None,0,29.5,12.1,0,172,159
2024-10-21,Monday,0,10,Short Eats,0,None,0,30.3,12.0,0,89,72
2024-10-21,Monday,0,10,Beverages,0,None,0,31.7,1.9,0,110,104
2024-10-22,Tuesday,0,10,Rice & Curry,0,None,0,30.4,6.3,0,124,88
2024-10-22,Tuesday,0,10,Fried Rice,0,None,0,28.1,4.8,0,160,140
2024-10-22,Tuesday,0,10,Kottu,0,None,0,26.1,1.6,0,184,163
2024-10-22,Tuesday,0,10,Short Eats,0,None,0,32.9,2.0,0,177,134
2024-10-22,Tuesday,0,10,Beverages,0,None,0,28.2,3.8,0,177,140
2024-10-23,Wednesday,0,10,Rice & Curry,0,None,0,26.6,8.7,0,174,144
2024-10-23,Wednesday,0,10,Fried Rice,0,None,0,27.9,11.8,0,104,76
2024-10-23,Wednesday,0,10,Kottu,0,None,0,31.3,0.4,0,141,122
2024-10-23,Wednesday,0,10,Short Eats,0,None,0,28.0,3.4,0,155,142
2024-10-23,Wednesday,0,10,Beverages,0,None,0,32.2,0.2,0,108,88
2024-10-24,Thursday,0,10,Rice & Curry,0,None,0,32.5,9.3,0,173,145
2024-10-24,Thursday,0,10,Fried Rice,0,None,0,29.3,16.7,0,153,120
2024-10-24,Thursday,0,10,Kottu,0,None,0,27.0,4.0,0,83,79
2024-10-24,Thursday,0,10,Short Eats,0,None,0,28.6,3.7,0,179,126
2024-10-24,Thursday,0,10,Beverages,0,None,0,29.8,3.3,0,154,116
2024-10-25,Friday,0,10,Rice & Curry,0,None,0,28.8,0.3,0,177,147
2024-10-25,Friday,0,10,Fried Rice,0,None,0,31.4,0.7,0,140,125
2024-10-25,Friday,0,10,Kottu,0,None,0,26.4,0.1,0,132,106
2024-10-25,Friday,0,10,Short Eats,0,None,0,27.3,5.5,0,185,142
2024-10-25,Friday,0,10,Beverages,0,None,0,26.9,2.7,0,142,110
2024-10-26,Saturday,1,10,Rice & Curry,0,None,0,29.3,2.4,0,83,77
2024-10-26,Saturday,1,10,Fried Rice,0,None,0,32.2,7.2,0,156,145
2024-10-26,Saturday,1,10,Kottu,0,None,0,28.3,2.3,0,144,134
2024-10-26,Saturday,1,10,Short Eats,0,None,0,33.0,0.2,0,100,84
2024-10-26,Saturday,1,10,Beverages,0,None,0,26.3,1.1,0,111,117
2024-10-27,Sunday,1,10,Rice & Curry,0,None,0,26.3,2.2,0,196,177
2024-10-27,Sunday,1,10,Fried Rice,0,None,0,28.8,2.8,0,97,91
2024-10-27,Sunday,1,10,Kottu,0,None,0,26.6,11.5,0,147,154
2024-10-27,Sunday,1,10,Short Eats,0,None,0,26.8,3.3,0,130,134
2024-10-27,Sunday,1,10,Beverages,0,None,0,29.1,4.3,0,97,83
2024-10-28,Monday,0,10,Rice & Curry,0,None,0,26.1,0.1,0,148,133
2024-10-28,Monday,0,10,Fried Rice,0,None,0,32.8,0.7,0,162,153
2024-10-28,Monday,0,10,Kottu,0,None,0,28.1,0.5,0,127,94
2024-10-28,Monday,0,10,Short Eats,0,None,0,28.7,1.0,0,92,77
2024-10-28,Monday,0,10,Beverages,0,None,0,31.0,5.2,0,136,98
2024-10-29,Tuesday,0,10,Rice & Curry,0,None,0,31.1,5.4,0,127,103
2024-10-29,Tuesday,0,10,Fried Rice,0,None,0,30.5,6.8,0,96,83
2024-10-29,Tuesday,0,10,Kottu,0,None,0,31.1,3.5,0,176,162
2024-10-29,Tuesday,0,10,Short Eats,0,None,0,27.6,2.6,0,169,160
2024-10-29,Tuesday,0,10,Beverages,0,None,0,31.5,1.4,0,119,94
2024-10-30,Wednesday,0,10,Rice & Curry,0,None,0,33.0,21.0,1,142,100
2024-10-30,Wednesday,0,10,Fried Rice,0,None,0,27.1,5.0,0,114,83
2024-10-30,Wednesday,0,10,Kottu,0,None,0,32.8,11.3,0,123,91
2024-10-30,Wednesday,0,10,Short Eats,0,None,0,27.7,2.9,0,119,94
2024-10-30,Wednesday,0,10,Beverages,0,None,0,31.4,3.4,0,140,130
2024-10-31,Thursday,0,10,Rice & Curry,0,None,0,30.6,2.3,0,166,124
2024-10-31,Thursday,0,10,Fried Rice,0,None,0,31.6,0.6,0,183,171
2024-10-31,Thursday,0,10,Kottu,0,None,0,27.2,0.2,0,137,123
2024-10-31,Thursday,0,10,Short Eats,0,None,0,29.2,28.0,1,153,108
2024-10-31,Thursday,0,10,Beverages,0,None,0,26.7,3.6,0,144,131
2024-11-01,Friday,0,11,Rice & Curry,0,None,0,27.8,0.4,0,153,130
2024-11-01,Friday,0,11,Fried Rice,0,None,0,32.2,4.4,0,127,100
2024-11-01,Friday,0,11,Kottu,0,None,0,30.4,0.1,0,85,66
2024-11-01,Friday,0,11,Short Eats,0,None,0,32.8,1.4,0,191,159
2024-11-01,Friday,0,11,Beverages,0,None,0,32.7,9.3,0,161,118
2024-11-02,Saturday,1,11,Rice & Curry,0,None,0,29.7,1.8,0,149,137
2024-11-02,Saturday,1,11,Fried Rice,0,None,0,30.4,7.0,0,145,157
2024-11-02,Saturday,1,11,Kottu,0,None,0,32.6,6.2,0,103,105
2024-11-02,Saturday,1,11,Short Eats,0,None,0,31.5,5.2,0,100,103
2024-11-02,Saturday,1,11,Beverages,0,None,0,32.9,2.0,0,180,176
2024-11-03,Sunday,1,11,Rice & Curry,0,None,0,26.2,1.1,0,138,149
2024-11-03,Sunday,1,11,Fried Rice,0,None,0,29.0,4.0,0,160,140
2024-11-03,Sunday,1,11,Kottu,0,None,0,30.9,0.0,0,147,123
2024-11-03,Sunday,1,11,Short Eats,0,None,0,31.0,0.5,0,112,126
2024-11-03,Sunday,1,11,Beverages,0,None,0,29.1,4.1,0,170,177
2024-11-04,Monday,0,11,Rice & Curry,0,None,0,26.4,0.5,0,134,120
2024-11-04,Monday,0,11,Fried Rice,0,None,0,27.7,2.5,0,147,136
2024-11-04,Monday,0,11,Kottu,0,None,0,30.8,0.5,0,103,89
2024-11-04,Monday,0,11,Short Eats,0,None,0,29.7,0.4,0,185,162
2024-11-04,Monday,0,11,Beverages,0,None,0,31.3,6.1,0,165,125
2024-11-05,Tuesday,0,11,Rice & Curry,0,None,0,26.7,2.1,0,172,146
2024-11-05,Tuesday,0,11,Fried Rice,0,None,0,27.4,10.1,0,137,100
2024-11-05,Tuesday,0,11,Kottu,0,None,0,26.8,0.2,0,142,108
2024-11-05,Tuesday,0,11,Short Eats,0,None,0,31.9,6.9,0,166,129
2024-11-05,Tuesday,0,11,Beverages,0,None,0,27.2,0.4,0,92,84
2024-11-06,Wednesday,0,11,Rice & Curry,0,None,0,26.0,0.1,0,87,74
2024-11-06,Wednesday,0,11,Fried Rice,0,None,0,29.6,5.4,0,111,80
2024-11-06,Wednesday,0,11,Kottu,0,None,0,27.1,2.0,0,191,171
2024-11-06,Wednesday,0,11,Short Eats,0,None,0,29.6,4.9,0,153,126
2024-11-06,Wednesday,0,11,Beverages,0,None,0,26.6,0.6,0,176,135
2024-11-07,Thursday,0,11,Rice & Curry,0,None,0,31.3,1.8,0,184,144
2024-11-07,Thursday,0,11,Fried Rice,0,None,0,27.9,3.2,0,196,145
2024-11-07,Thursday,0,11,Kottu,0,None,0,30.8,0.1,0,189,165
2024-11-07,Thursday,0,11,Short Eats,0,None,0,31.8,7.5,0,84,61
2024-11-07,Thursday,0,11,Beverages,0,None,0,30.9,1.8,0,155,146
2024-11-08,Friday,0,11,Rice & Curry,0,None,0,31.9,1.5,0,147,136
2024-11-08,Friday,0,11,Fried Rice,0,None,0,31.6,3.2,0,187,136
2024-11-08,Friday,0,11,Kottu,0,None,0,27.8,5.6,0,192,167
2024-11-08,Friday,0,11,Short Eats,0,None,0,32.1,1.9,0,130,96
2024-11-08,Friday,0,11,Beverages,0,None,0,32.0,2.4,0,148,129
2024-11-09,Saturday,1,11,Rice & Curry,0,None,0,31.7,4.4,0,198,167
2024-11-09,Saturday,1,11,Fried Rice,0,None,0,29.7,0.5,0,164,159
2024-11-09,Saturday,1,11,Kottu,0,None,0,32.8,5.1,0,152,163
2024-11-09,Saturday,1,11,Short Eats,0,None,0,32.6,0.4,0,94,106
2024-11-09,Saturday,1,11,Beverages,0,None,0,26.3,15.2,0,183,207
2024-11-10,Sunday,1,11,Rice & Curry,0,None,0,32.9,3.2,0,101,94
2024-11-10,Sunday,1,11,Fried Rice,0,None,0,30.6,0.3,0,84,89
2024-11-10,Sunday,1,11,Kottu,0,None,0,26.6,0.5,0,184,178
2024-11-10,Sunday,1,11,Short Eats,0,None,0,32.1,2.4,0,194,170
2024-11-10,Sunday,1,11,Beverages,0,None,0,32.5,6.9,0,105,115
2024-11-11,Monday,0,11,Rice & Curry,0,None,0,27.5,3.9,0,102,93
2024-11-11,Monday,0,11,Fried Rice,0,None,0,27.2,0.3,0,119,104
2024-11-11,Monday,0,11,Kottu,0,None,0,30.7,6.6,0,187,151
2024-11-11,Monday,0,11,Short Eats,0,None,0,26.4,5.5,0,175,139
2024-11-11,Monday,0,11,Beverages,0,None,0,30.9,1.2,0,112,88
2024-11-12,Tuesday,0,11,Rice & Curry,0,None,0,31.3,3.1,0,106,75
2024-11-12,Tuesday,0,11,Fried Rice,0,None,0,28.0,6.2,0,109,91
2024-11-12,Tuesday,0,11,Kottu,0,None,0,27.4,3.9,0,196,160
2024-11-12,Tuesday,0,11,Short Eats,0,None,0,31.5,0.1,0,125,90
2024-11-12,Tuesday,0,11,Beverages,0,None,0,28.8,16.4,0,153,113
2024-11-13,Wednesday,0,11,Rice & Curry,0,None,0,27.9,1.6,0,182,168
2024-11-13,Wednesday,0,11,Fried Rice,0,None,0,31.1,2.9,0,125,113
2024-11-13,Wednesday,0,11,Kottu,0,None,0,29.1,0.5,0,117,99
2024-11-13,Wednesday,0,11,Short Eats,0,None,0,27.5,0.9,0,178,153
2024-11-13,Wednesday,0,11,Beverages,0,None,0,32.5,2.2,0,91,73
2024-11-14,Thursday,0,11,Rice & Curry,0,None,1,29.9,4.1,0,85,69
2024-11-14,Thursday,0,11,Fried Rice,0,None,1,28.9,0.6,0,130,106
2024-11-14,Thursday,0,11,Kottu,0,None,1,32.4,5.1,0,141,118
2024-11-14,Thursday,0,11,Short Eats,0,None,1,26.2,5.8,0,185,157
2024-11-14,Thursday,0,11,Beverages,0,None,1,29.9,1.7,0,103,74
2024-11-15,Friday,0,11,Rice & Curry,0,None,1,28.0,3.9,0,100,81
2024-11-15,Friday,0,11,Fried Rice,0,None,1,27.8,5.5,0,181,138
2024-11-15,Friday,0,11,Kottu,0,None,1,27.0,7.6,0,161,147
2024-11-15,Friday,0,11,Short Eats,0,None,1,28.4,1.7,0,96,85
2024-11-15,Friday,0,11,Beverages,0,None,1,30.6,2.1,0,139,98
2024-11-16,Saturday,1,11,Rice & Curry,0,None,0,26.8,2.3,0,158,173
2024-11-16,Saturday,1,11,Fried Rice,0,None,0,31.3,1.4,0,164,185
2024-11-16,Saturday,1,11,Kottu,0,None,0,32.7,5.9,0,179,165
2024-11-16,Saturday,1,11,Short Eats,0,None,0,31.7,21.7,1,124,99
2024-11-16,Saturday,1,11,Beverages,0,None,0,31.3,2.2,0,125,133
2024-11-17,Sunday,1,11,Rice & Curry,0,None,0,28.4,2.4,0,141,125
2024-11-17,Sunday,1,11,Fried Rice,0,None,0,28.3,2.9,0,195,180
2024-11-17,Sunday,1,11,Kottu,0,None,0,32.9,4.4,0,135,146
2024-11-17,Sunday,1,11,Short Eats,0,None,0,30.4,1.5,0,145,127
2024-11-17,Sunday,1,11,Beverages,0,None,0,26.8,1.7,0,141,120
2024-11-18,Monday,0,11,Rice & Curry,0,None,0,31.6,3.8,0,88,75
2024-11-18,Monday,0,11,Fried Rice,0,None,0,32.7,4.4,0,100,75
2024-11-18,Monday,0,11,Kottu,0,None,0,29.2,0.7,0,143,101
2024-11-18,Monday,0,11,Short Eats,0,None,0,26.9,1.2,0,192,155
2024-11-18,Monday,0,11,Beverages,0,None,0,32.5,0.3,0,197,167
2024-11-19,Tuesday,0,11,Rice & Curry,0,None,0,28.1,0.1,0,150,134
2024-11-19,Tuesday,0,11,Fried Rice,0,None,0,31.9,3.5,0,193,165
2024-11-19,Tuesday,0,11,Kottu,0,None,0,29.8,1.1,0,140,119
2024-11-19,Tuesday,0,11,Short Eats,0,None,0,28.6,0.0,0,195,163
2024-11-19,Tuesday,0,11,Beverages,0,None,0,28.5,1.8,0,135,106
2024-11-20,Wednesday,0,11,Rice & Curry,0,None,0,30.3,7.3,0,138,120
2024-11-20,Wednesday,0,11,Fried Rice,0,None,0,26.3,3.7,0,134,121
2024-11-20,Wednesday,0,11,Kottu,0,None,0,29.9,7.5,0,165,138
2024-11-20,Wednesday,0,11,Short Eats,0,None,0,28.9,0.3,0,98,91
2024-11-20,Wednesday,0,11,Beverages,0,None,0,30.5,6.9,0,120,97
2024-11-21,Thursday,0,11,Rice & Curry,0,None,0,30.2,1.1,0,128,91
2024-11-21,Thursday,0,11,Fried Rice,0,None,0,32.8,7.6,0,151,136
2024-11-21,Thursday,0,11,Kottu,0,None,0,27.1,1.4,0,169,159
2024-11-21,Thursday,0,11,Short Eats,0,None,0,29.5,0.8,0,84,75
2024-11-21,Thursday,0,11,Beverages,0,None,0,26.5,0.1,0,188,175
2024-11-22,Friday,0,11,Rice & Curry,0,None,0,32.3,6.0,0,192,164
2024-11-22,Friday,0,11,Fried Rice,0,None,0,29.6,19.1,0,194,178
2024-11-22,Friday,0,11,Kottu,0,None,0,29.4,0.5,0,126,110
2024-11-22,Friday,0,11,Short Eats,0,None,0,29.8,1.6,0,158,113
2024-11-22,Friday,0,11,Beverages,0,None,0,27.4,2.7,0,146,116
2024-11-23,Saturday,1,11,Rice & Curry,0,None,0,29.3,2.5,0,119,120
2024-11-23,Saturday,1,11,Fried Rice,0,None,0,27.9,3.8,0,168,150
2024-11-23,Saturday,1,11,Kottu,0,None,0,28.3,0.3,0,90,102
2024-11-23,Saturday,1,11,Short Eats,0,None,0,31.4,9.1,0,96,103
2024-11-23,Saturday,1,11,Beverages,0,None,0,26.3,11.0,0,95,104
2024-11-24,Sunday,1,11,Rice & Curry,0,None,0,32.5,0.4,0,135,115
2024-11-24,Sunday,1,11,Fried Rice,0,None,0,26.7,0.9,0,183,196
2024-11-24,Sunday,1,11,Kottu,0,None,0,30.6,1.0,0,100,100
2024-11-24,Sunday,1,11,Short Eats,0,None,0,31.6,3.6,0,173,175
2024-11-24,Sunday,1,11,Beverages,0,None,0,32.7,1.4,0,168,191
2024-11-25,Monday,0,11,Rice & Curry,0,None,0,28.9,5.8,0,198,175
2024-11-25,Monday,0,11,Fried Rice,0,None,0,29.1,0.3,0,89,70
2024-11-25,Monday,0,11,Kottu,0,None,0,30.3,0.5,0,165,122
2024-11-25,Monday,0,11,Short Eats,0,None,0,31.9,13.0,0,142,111
2024-11-25,Monday,0,11,Beverages,0,None,0,28.7,5.4,0,103,88
2024-11-26,Tuesday,0,11,Rice & Curry,0,None,0,32.6,4.2,0,81,77
2024-11-26,Tuesday,0,11,Fried Rice,0,None,0,27.5,2.2,0,118,89
2024-11-26,Tuesday,0,11,Kottu,0,None,0,30.2,6.1,0,109,79
2024-11-26,Tuesday,0,11,Short Eats,0,None,0,26.1,2.2,0,196,181
2024-11-26,Tuesday,0,11,Beverages,0,None,0,27.5,16.0,0,94,77
2024-11-27,Wednesday,0,11,Rice & Curry,0,None,0,30.2,0.4,0,167,125
2024-11-27,Wednesday,0,11,Fried Rice,0,None,0,28.2,1.5,0,126,108
2024-11-27,Wednesday,0,11,Kottu,0,None,0,32.4,1.3,0,163,127
2024-11-27,Wednesday,0,11,Short Eats,0,None,0,29.0,4.4,0,87,79
2024-11-27,Wednesday,0,11,Beverages,0,None,0,32.2,7.8,0,180,147
2024-11-28,Thursday,0,11,Rice & Curry,0,None,0,26.1,2.0,0,153,107
2024-11-28,Thursday,0,11,Fried Rice,0,None,0,32.8,2.3,0,174,160
2024-11-28,Thursday,0,11,Kottu,0,None,0,26.1,4.1,0,151,136
2024-11-28,Thursday,0,11,Short Eats,0,None,0,31.5,0.5,0,161,139
2024-11-28,Thursday,0,11,Beverages,0,None,0,26.3,0.4,0,126,116
2024-11-29,Friday,0,11,Rice & Curry,0,None,0,32.7,1.7,0,171,155
2024-11-29,Friday,0,11,Fried Rice,0,None,0,28.9,4.7,0,98,72
2024-11-29,Friday,0,11,Kottu,0,None,0,30.6,1.6,0,162,152
2024-11-29,Friday,0,11,Short Eats,0,None,0,32.1,0.3,0,112,83
2024-11-29,Friday,0,11,Beverages,0,None,0,31.5,0.3,0,152,141
2024-11-30,Saturday,1,11,Rice & Curry,0,None,0,32.4,1.0,0,136,128
2024-11-30,Saturday,1,11,Fried Rice,0,None,0,29.8,1.0,0,162,160
2024-11-30,Saturday,1,11,Kottu,0,None,0,31.5,2.6,0,169,181
2024-11-30,Saturday,1,11,Short Eats,0,None,0,28.4,4.0,0,88,90
2024-11-30,Saturday,1,11,Beverages,0,None,0,27.1,7.1,0,184,178
2024-12-01,Sunday,1,12,Rice & Curry,0,None,0,31.4,12.4,0,84,81
2024-12-01,Sunday,1,12,Fried Rice,0,None,0,28.6,1.3,0,159,178
2024-12-01,Sunday,1,12,Kottu,0,None,0,32.1,8.0,0,149,149
2024-12-01,Sunday,1,12,Short Eats,0,None,0,32.3,1.5,0,185,160
2024-12-01,Sunday,1,12,Beverages,0,None,0,27.8,3.2,0,135,122
2024-12-02,Monday,0,12,Rice & Curry,0,None,0,31.3,2.4,0,99,86
2024-12-02,Monday,0,12,Fried Rice,0,None,0,29.8,12.9,0,128,111
2024-12-02,Monday,0,12,Kottu,0,None,0,32.1,7.0,0,140,118
2024-12-02,Monday,0,12,Short Eats,0,None,0,31.2,0.0,0,93,70
2024-12-02,Monday,0,12,Beverages,0,None,0,31.2,3.0,0,144,112
2024-12-03,Tuesday,0,12,Rice & Curry,0,None,0,29.8,0.8,0,98,70
2024-12-03,Tuesday,0,12,Fried Rice,0,None,0,27.5,14.2,0,148,108
2024-12-03,Tuesday,0,12,Kottu,0,None,0,30.0,1.3,0,142,114
2024-12-03,Tuesday,0,12,Short Eats,0,None,0,27.2,0.0,0,113,95
2024-12-03,Tuesday,0,12,Beverages,0,None,0,31.5,1.8,0,136,119
2024-12-04,Wednesday,0,12,Rice & Curry,0,None,0,32.5,4.4,0,143,124
2024-12-04,Wednesday,0,12,Fried Rice,0,None,0,31.8,2.5,0,176,146
2024-12-04,Wednesday,0,12,Kottu,0,None,0,32.0,4.2,0,150,107
2024-12-04,Wednesday,0,12,Short Eats,0,None,0,32.2,3.3,0,126,98
2024-12-04,Wednesday,0,12,Beverages,0,None,0,28.6,1.9,0,183,136
2024-12-05,Thursday,0,12,Rice & Curry,0,None,0,27.7,7.2,0,83,77
2024-12-05,Thursday,0,12,Fried Rice,0,None,0,27.6,0.5,0,169,143
2024-12-05,Thursday,0,12,Kottu,0,None,0,31.8,0.2,0,135,105
2024-12-05,Thursday,0,12,Short Eats,0,None,0,32.1,6.1,0,101,85
2024-12-05,Thursday,0,12,Beverages,0,None,0,31.5,3.3,0,115,87
2024-12-06,Friday,0,12,Rice & Curry,0,None,0,29.3,2.2,0,82,77
2024-12-06,Friday,0,12,Fried Rice,0,None,0,32.5,6.4,0,110,98
2024-12-06,Friday,0,12,Kottu,0,None,0,28.1,1.1,0,197,155
2024-12-06,Friday,0,12,Short Eats,0,None,0,28.3,5.7,0,166,145
2024-12-06,Friday,0,12,Beverages,0,None,0,30.8,1.4,0,97,84
2024-12-07,Saturday,1,12,Rice & Curry,0,None,0,29.8,2.0,0,94,81
2024-12-07,Saturday,1,12,Fried Rice,0,None,0,29.2,6.3,0,182,199
2024-12-07,Saturday,1,12,Kottu,0,None,0,27.5,0.3,0,95,81
2024-12-07,Saturday,1,12,Short Eats,0,None,0,30.0,2.8,0,105,95
2024-12-07,Saturday,1,12,Beverages,0,None,0,31.6,6.5,0,163,171
2024-12-08,Sunday,1,12,Rice & Curry,0,None,0,26.7,3.9,0,99,113
2024-12-08,Sunday,1,12,Fried Rice,0,None,0,30.6,3.1,0,139,138
2024-12-08,Sunday,1,12,Kottu,0,None,0,31.0,1.5,0,155,139
2024-12-08,Sunday,1,12,Short Eats,0,None,0,30.6,1.9,0,134,122
2024-12-08,Sunday,1,12,Beverages,0,None,0,29.3,1.2,0,130,125
2024-12-09,Monday,0,12,Rice & Curry,0,None,0,28.6,1.3,0,132,104
2024-12-09,Monday,0,12,Fried Rice,0,None,0,32.9,6.1,0,159,151
2024-12-09,Monday,0,12,Kottu,0,None,0,29.0,3.7,0,133,104
2024-12-09,Monday,0,12,Short Eats,0,None,0,29.3,9.1,0,179,126
2024-12-09,Monday,0,12,Beverages,0,None,0,30.1,0.1,0,173,135
2024-12-10,Tuesday,0,12,Rice & Curry,0,None,0,27.7,1.6,0,148,128
2024-12-10,Tuesday,0,12,Fried Rice,0,None,0,26.4,1.5,0,156,125
2024-12-10,Tuesday,0,12,Kottu,0,None,0,27.4,3.1,0,124,95
2024-12-10,Tuesday,0,12,Short Eats,0,None,0,26.6,0.3,0,84,72
2024-12-10,Tuesday,0,12,Beverages,0,None,0,30.4,1.4,0,105,76
2024-12-11,Wednesday,0,12,Rice & Curry,0,None,0,30.2,4.6,0,167,118
2024-12-11,Wednesday,0,12,Fried Rice,0,None,0,31.1,2.2,0,100,77
2024-12-11,Wednesday,0,12,Kottu,0,None,0,30.6,3.8,0,133,114
2024-12-11,Wednesday,0,12,Short Eats,0,None,0,30.1,6.2,0,106,90
2024-12-11,Wednesday,0,12,Beverages,0,None,0,31.5,1.1,0,132,115
2024-12-12,Thursday,0,12,Rice & Curry,0,None,0,31.5,4.4,0,109,96
2024-12-12,Thursday,0,12,Fried Rice,0,None,0,26.4,3.5,0,157,136
2024-12-12,Thursday,0,12,Kottu,0,None,0,29.8,2.7,0,151,110
2024-12-12,Thursday,0,12,Short Eats,0,None,0,30.2,1.7,0,124,90
2024-12-12,Thursday,0,12,Beverages,0,None,0,30.0,0.4,0,130,117
2024-12-13,Friday,0,12,Rice & Curry,0,None,0,32.4,5.7,0,131,121
2024-12-13,Friday,0,12,Fried Rice,0,None,0,26.5,4.0,0,93,83
2024-12-13,Friday,0,12,Kottu,0,None,0,32.6,5.0,0,151,124
2024-12-13,Friday,0,12,Short Eats,0,None,0,28.7,0.4,0,97,70
2024-12-13,Friday,0,12,Beverages,0,None,0,26.2,4.8,0,127,114
2024-12-14,Saturday,1,12,Rice & Curry,0,None,1,31.6,4.2,0,194,191
2024-12-14,Saturday,1,12,Fried Rice,0,None,1,29.3,2.0,0,121,116
2024-12-14,Saturday,1,12,Kottu,0,None,1,29.7,3.7,0,99,109
2024-12-14,Saturday,1,12,Short Eats,0,None,1,32.2,1.3,0,167,145
2024-12-14,Saturday,1,12,Beverages,0,None,1,31.2,4.9,0,192,199
2024-12-15,Sunday,1,12,Rice & Curry,0,None,1,26.6,0.6,0,182,201
2024-12-15,Sunday,1,12,Fried Rice,0,None,1,31.0,4.1,0,88,99
2024-12-15,Sunday,1,12,Kottu,0,None,1,27.4,1.5,0,197,168
2024-12-15,Sunday,1,12,Short Eats,0,None,1,29.4,3.7,0,116,123
2024-12-15,Sunday,1,12,Beverages,0,None,1,29.4,0.1,0,92,85
2024-12-16,Monday,0,12,Rice & Curry,0,None,0,26.7,0.7,0,153,135
2024-12-16,Monday,0,12,Fried Rice,0,None,0,31.7,2.1,0,120,101
2024-12-16,Monday,0,12,Kottu,0,None,0,32.8,1.3,0,175,166
2024-12-16,Monday,0,12,Short Eats,0,None,0,28.4,2.1,0,103,74
2024-12-16,Monday,0,12,Beverages,0,None,0,27.7,7.7,0,105,84
2024-12-17,Tuesday,0,12,Rice & Curry,0,None,0,27.3,1.3,0,112,105
2024-12-17,Tuesday,0,12,Fried Rice,0,None,0,31.9,7.5,0,168,118
2024-12-17,Tuesday,0,12,Kottu,0,None,0,29.8,6.3,0,194,171
2024-12-17,Tuesday,0,12,Short Eats,0,None,0,32.1,2.3,0,186,151
2024-12-17,Tuesday,0,12,Beverages,0,None,0,28.4,7.2,0,128,95
2024-12-18,Wednesday,0,12,Rice & Curry,0,None,0,29.4,1.0,0,113,82
2024-12-18,Wednesday,0,12,Fried Rice,0,None,0,30.1,0.2,0,81,72
2024-12-18,Wednesday,0,12,Kottu,0,None,0,28.1,5.8,0,100,74
2024-12-18,Wednesday,0,12,Short Eats,0,None,0,27.6,0.5,0,94,75
2024-12-18,Wednesday,0,12,Beverages,0,None,0,27.5,2.9,0,147,134
2024-12-19,Thursday,0,12,Rice & Curry,0,None,0,30.3,5.6,0,94,76
2024-12-19,Thursday,0,12,Fried Rice,0,None,0,30.1,5.3,0,181,152
2024-12-19,Thursday,0,12,Kottu,0,None,0,30.9,0.5,0,94,69
2024-12-19,Thursday,0,12,Short Eats,0,None,0,31.9,11.0,0,194,171
2024-12-19,Thursday,0,12,Beverages,0,None,0,26.8,5.6,0,112,99
2024-12-20,Friday,0,12,Rice & Curry,0,None,0,27.0,8.4,0,129,106
2024-12-20,Friday,0,12,Fried Rice,0,None,0,26.3,3.8,0,143,106
2024-12-20,Friday,0,12,Kottu,0,None,0,27.2,4.3,0,110,80
2024-12-20,Friday,0,12,Short Eats,0,None,0,32.4,6.0,0,108,96
2024-12-20,Friday,0,12,Beverages,0,None,0,31.0,0.2,0,104,89
2024-12-21,Saturday,1,12,Rice & Curry,0,None,0,27.2,0.1,0,184,193
2024-12-21,Saturday,1,12,Fried Rice,0,None,0,32.5,6.7,0,129,117
2024-12-21,Saturday,1,12,Kottu,0,None,0,28.3,1.0,0,103,97
2024-12-21,Saturday,1,12,Short Eats,0,None,0,30.4,0.8,0,98,110
2024-12-21,Saturday,1,12,Beverages,0,None,0,30.0,5.3,0,164,183
2024-12-22,Sunday,1,12,Rice & Curry,0,None,0,31.2,4.4,0,85,86
2024-12-22,Sunday,1,12,Fried Rice,0,None,0,31.3,1.8,0,189,173
2024-12-22,Sunday,1,12,Kottu,0,None,0,26.6,5.5,0,149,126
2024-12-22,Sunday,1,12,Short Eats,0,None,0,26.8,6.7,0,176,157
2024-12-22,Sunday,1,12,Beverages,0,None,0,26.4,4.3,0,96,100
2024-12-23,Monday,0,12,Rice & Curry,0,None,0,30.7,4.4,0,177,138
2024-12-23,Monday,0,12,Fried Rice,0,None,0,27.1,3.9,0,172,144
2024-12-23,Monday,0,12,Kottu,0,None,0,29.0,1.3,0,162,139
2024-12-23,Monday,0,12,Short Eats,0,None,0,32.5,1.4,0,177,160
2024-12-23,Monday,0,12,Beverages,0,None,0,30.1,3.8,0,101,80
2024-12-24,Tuesday,0,12,Rice & Curry,0,None,0,29.3,2.2,0,197,174
2024-12-24,Tuesday,0,12,Fried Rice,0,None,0,30.3,0.9,0,199,173
2024-12-24,Tuesday,0,12,Kottu,0,None,0,32.3,0.6,0,147,104
2024-12-24,Tuesday,0,12,Short Eats,0,None,0,28.7,4.7,0,142,134
2024-12-24,Tuesday,0,12,Beverages,0,None,0,29.2,1.8,0,85,80
2024-12-25,Wednesday,0,12,Rice & Curry,0,None,0,27.1,3.7,0,86,69
2024-12-25,Wednesday,0,12,Fried Rice,0,None,0,32.7,6.9,0,122,97
2024-12-25,Wednesday,0,12,Kottu,0,None,0,28.6,1.1,0,176,126
2024-12-25,Wednesday,0,12,Short Eats,0,None,0,30.9,0.2,0,135,100
2024-12-25,Wednesday,0,12,Beverages,0,None,0,30.1,9.1,0,133,109
2024-12-26,Thursday,0,12,Rice & Curry,0,None,0,31.3,3.8,0,166,129
2024-12-26,Thursday,0,12,Fried Rice,0,None,0,26.4,0.0,0,115,86
2024-12-26,Thursday,0,12,Kottu,0,None,0,32.9,1.9,0,85,70
2024-12-26,Thursday,0,12,Short Eats,0,None,0,27.0,3.2,0,96,74
2024-12-26,Thursday,0,12,Beverages,0,None,0,32.0,27.7,1,189,143
2024-12-27,Friday,0,12,Rice & Curry,0,None,0,26.2,1.9,0,142,103
2024-12-27,Friday,0,12,Fried Rice,0,None,0,32.6,0.3,0,188,151
2024-12-27,Friday,0,12,Kottu,0,None,0,28.1,4.3,0,146,127
2024-12-27,Friday,0,12,Short Eats,0,None,0,32.7,2.5,0,153,116
2024-12-27,Friday,0,12,Beverages,0,None,0,32.2,14.2,0,130,106
2024-12-28,Saturday,1,12,Rice & Curry,0,None,0,27.9,11.5,0,132,130
2024-12-28,Saturday,1,12,Fried Rice,0,None,0,29.8,2.7,0,190,198
2024-12-28,Saturday,1,12,Kottu,0,None,0,26.9,1.7,0,85,77
2024-12-28,Saturday,1,12,Short Eats,0,None,0,31.6,3.9,0,170,176
2024-12-28,Saturday,1,12,Beverages,0,None,0,32.0,10.7,0,140,139
2024-12-29,Sunday,1,12,Rice & Curry,0,None,0,28.8,2.9,0,195,187
2024-12-29,Sunday,1,12,Fried Rice,0,None,0,31.1,3.0,0,110,114
2024-12-29,Sunday,1,12,Kottu,0,None,0,31.0,8.5,0,176,157
2024-12-29,Sunday,1,12,Short Eats,0,None,0,32.8,3.0,0,196,201
2024-12-29,Sunday,1,12,Beverages,0,None,0,30.7,3.2,0,193,179
2024-12-30,Monday,0,12,Rice & Curry,0,None,0,29.5,8.1,0,158,130
2024-12-30,Monday,0,12,Fried Rice,0,None,0,26.8,0.4,0,153,110
2024-12-30,Monday,0,12,Kottu,0,None,0,31.3,0.6,0,160,138
2024-12-30,Monday,0,12,Short Eats,0,None,0,29.6,0.7,0,181,149
2024-12-30,Monday,0,12,Beverages,0,None,0,29.0,2.2,0,144,132
2024-12-31,Tuesday,0,12,Rice & Curry,0,None,0,32.2,0.0,0,116,87
2024-12-31,Tuesday,0,12,Fried Rice,0,None,0,32.0,0.6,0,88,81
2024-12-31,Tuesday,0,12,Kottu,0,None,0,30.2,3.4,0,169,152
2024-12-31,Tuesday,0,12,Short Eats,0,None,0,32.2,3.2,0,155,120
2024-12-31,Tuesday,0,12,Beverages,0,None,0,28.8,5.8,0,169,139
